# war	entry_path	classification	served_url	uncompressed_size	sha512	reproducibility
ROOT.war	META-INF/MANIFEST.MF	protected-not-addressable		560	916a624f87d8baccebbef300bcff5896f80a9b3ef554345269bbc9898a96e4dadedad491c6e0235ae2c8da9db2429aba5184e758cbcf979ec57fa8f61320ddcf	reproducible
ROOT.war	WEB-INF/classes/org/compiere/cm/AdRedirector.class	class-or-library		1843	7d2c2b5b07b397f72e45ab0d4b7bedfee42c926415aa60b9fbadf58e9be5f0dfb3cfc6a1b1ba7b7cec588b2021b0510f1094e843773e981d3a12a4b401aabc44	reproducible
ROOT.war	WEB-INF/classes/org/compiere/cm/Broadcast.class	class-or-library		5701	3c4f22b82e4b1ba71ff3af74097f7a3da4231baea186811103c08486a2a9faa246bb40736bd15b2052ca9a28b90a938632e9f34dc69d835084b26b3b8a87e9de	reproducible
ROOT.war	WEB-INF/classes/org/compiere/cm/Community.class	class-or-library		4050	05d00f19df12e7eb7f96112e23b01bb7f5fb8b460854b515e3f7ccf46fcc03b2d454cba12a2b03a64213671cadedacffd0f23888f435483523f2508ac2b1aca6	reproducible
ROOT.war	WEB-INF/classes/org/compiere/cm/Extend.class	class-or-library		2243	8462e4619be22459ca24e7a6d5af9a893a6bfec8f2e2cd0067b56fb44bf7f4fe1207df22e231f7456cea6898315e7764353aa679254c43a3b077825db0f89f6b	reproducible
ROOT.war	WEB-INF/classes/org/compiere/cm/HttpServletCM.class	class-or-library		6652	7b190236902c415261187a79ee42124cae25693fc51b3d43e7c37d9fe5b5ca82310aa422fc10e0b167d5601248d8cc61f41383f2332902c7ec6226c59c887d2e	reproducible
ROOT.war	WEB-INF/classes/org/compiere/cm/MediaBroadcast.class	class-or-library		4439	0fd8578d61809dd45074960eed9e1dedbc0d1ed057cd5f19d52826b07c7092c7e3074d509a8a141362939f3da33c77573ab12b3383e4631bc018737c5f44efca	reproducible
ROOT.war	WEB-INF/classes/org/compiere/cm/RequestServlet.class	class-or-library		2909	147ec298220c28569a56d3acbd05dd6baaf6a3a2380c1a707271ee038bf2c7a1218c22c607a187cc5879d92684b1efc376aef552807d28d0bdeb51f46c44eeb8	reproducible
ROOT.war	WEB-INF/classes/org/compiere/cm/StageBroadcast.class	class-or-library		4419	907dfeaac099c20e996b03f3f006095c2a4ded317188f4f700a337dda48c6b6e23208e3f1bf037e1e705b8d65087e3703bd1649f1fd86c247663bb36d72c42b4	reproducible
ROOT.war	WEB-INF/classes/org/compiere/cm/XMLBroadcast.class	class-or-library		2114	80cf2aa02cf2a8e945e0bf50f9faf5fde6a3869215fd8771a35790b57cdb18891049d7bbba31fe99377f764a7758e76b6c0eeb45094d221d412e4156eaf053e7	reproducible
ROOT.war	WEB-INF/classes/org/compiere/cm/cache/CO.class	class-or-library		4554	71d2b2528be61e2663a28d29faf7e8d2019c34519e7f033e5836d9f975e1348e2e4c0a09064c23f2484c5127fa97ba2cc87d9b586a3104317a4f1a78e8792e7e	reproducible
ROOT.war	WEB-INF/classes/org/compiere/cm/cache/Chat.class	class-or-library		1938	dcce46a6465f6ee04db0620796efc9c2438ef88cb5bbbafa54744ba1544b8226d91e660a1b95c94651418af6d45d88f3883f18597d228732843fb21bbd3a4556	reproducible
ROOT.war	WEB-INF/classes/org/compiere/cm/cache/Container.class	class-or-library		2942	7f07558193749b3197dec4cb8abebdd9c62131b92cf5c81556a8c3f29622ae882a0a4ae763e81fdb9384c8679845d91f794672725d73d44f535fdbb7ac28252b	reproducible
ROOT.war	WEB-INF/classes/org/compiere/cm/cache/ContainerElement.class	class-or-library		1888	e5a344b42c434b75a8bc3f2aa7caf86485f4de98e660a99862d842766f8ee6dcb55618a257232077f1d903bdc9cc8d28d6aab121adb2b1bff8d09c9643c927f7	reproducible
ROOT.war	WEB-INF/classes/org/compiere/cm/cache/ContainerTree.class	class-or-library		2021	79322f3ee0edb44fff6dbb8e6176db51f94e4e1c871a38b194cfb4d06d44d937d2f63596e9437f8aabd3707eaa09f1530470fffdc56c7d97f9d3f0a7a21b45b9	reproducible
ROOT.war	WEB-INF/classes/org/compiere/cm/cache/Domain.class	class-or-library		1185	086a8e804596161bbbc5a5d85f2079f6bc482c1d3db5d87cede35f71e0141c88de9e14eeb2c7ec1edaa3fab02650b5d009440b974b7053af5c8aa9f34d5c35ed	reproducible
ROOT.war	WEB-INF/classes/org/compiere/cm/cache/MediaServer.class	class-or-library		2025	46dd2848809bc0c7a934f7f85a4b42197a798c306590e91fde6ced35cb4c96b022062fdc3b7d9c952b8e65fb7d192c5554de562221aa51fbad29463db125ac00	reproducible
ROOT.war	WEB-INF/classes/org/compiere/cm/cache/Service.class	class-or-library		3485	a3d8e9d2315a03219a7586dad518b5a2aea2ea922d1e3e339d97bf47f5472212128b9225dfe0aa99f347ba2bcd33ab3be6d9490b12e800deea3ff85a53fbaf73	reproducible
ROOT.war	WEB-INF/classes/org/compiere/cm/cache/Template.class	class-or-library		2040	748c09ae79a32e4e5241df25aafe6bc6d94cf93ad128f05f312ceef67c4e73586270a200ee597e1fe16cad3df966d1f1289af2a5d7d78027390ca6e13b04ea05	reproducible
ROOT.war	WEB-INF/classes/org/compiere/cm/cache/WebProject.class	class-or-library		1903	11d7669720d3df8bcda071f9bb954ee8a888dd45a08f9f1a34c39d9b1eb276c776a933caaf2a6c8a1baf29481cc06172ca8f8e07d66a8641b50dc90bf392f750	reproducible
ROOT.war	WEB-INF/classes/org/compiere/cm/cache/XML.class	class-or-library		1965	09316485f58dd753307470a061a04741a8eb0c46fd99c0380f4970717faf410f3f6db0fa3ee3066d590764e35bcc5a9127fed8319e051f26f5b593b1f133e38f	reproducible
ROOT.war	WEB-INF/classes/org/compiere/cm/extend/indexSearch.class	class-or-library		615	2a6c83b9c6794de9dd3e1812db1a8d5b86ee13646c04640265eb6c71c72aed8e36ae71b4d3ab3c311d06914216d928e2a0cbfd928e22c91495839ec268d00c7a	reproducible
ROOT.war	WEB-INF/classes/org/compiere/cm/request/Request.class	class-or-library		9957	c4d1e54ace37d36f225f6ff2642e5e48a312a76a80a96fc2a6a7694e4f79b835661d08da5910a873c25bf2a3ef48e0aedf37f2c5ede0e2c238f179565e020617	reproducible
ROOT.war	WEB-INF/classes/org/compiere/cm/utils/AccessLogger.class	class-or-library		3592	a7cfc8b7141b0d939b7936f835add3420d2f8ab384d9224d301b69150d0ea9e554bdd63a1d09cffc67f22946f3414f44376da4c91c0b4c76abe233611e16d1e3	reproducible
ROOT.war	WEB-INF/classes/org/compiere/cm/utils/Attributes.class	class-or-library		1907	a66b6a17306d9ba1cd13f09ed2cd0db3cdcd0c1c397d4d9082918a583917b46d50c94da0589de6d10f3d22a621318e35a61b5582764d22be7da66c6853694c9a	reproducible
ROOT.war	WEB-INF/classes/org/compiere/cm/utils/CMEnv.class	class-or-library		746	a0e7cab5a340040c557ca77bc420582f7072c16cf122e147e882322441cfb01e4fc9d41cff22d5f2b8e28400813bc5ff3e07e722a17cc23d29a41ca4893d34ae	reproducible
ROOT.war	WEB-INF/classes/org/compiere/cm/utils/Counter.class	class-or-library		816	8c01fa15ebcc71f02d3029c6370f1ae2f3a0350868927c91c487c65df6610c95c53477164d0706788ff3470bc241be3e597d064be0c91f8304064d96f53f524c	reproducible
ROOT.war	WEB-INF/classes/org/compiere/cm/utils/LocaleHandler.class	class-or-library		3558	ecfe8f72e2dfa0b57e172287fc9b94eb5f6484b2c80f6027c98661a33088551178a25293c41ad75e662e1f0b3f42efdf075aa72f5278c658d9d36c9472a21956	reproducible
ROOT.war	WEB-INF/classes/org/compiere/cm/utils/RequestAnalyzer.class	class-or-library		8035	fc6ebd36bf63e62e90bdf670a82bcb2c572b66c29a687afe0765b126b99b505a053700426ea0a24a827d35bb1e60a4e057dba6f9a8d218d14d5a399b1540c67c	reproducible
ROOT.war	WEB-INF/classes/org/compiere/cm/utils/TreeXML.class	class-or-library		4245	55315287d4eafbb21176b7ac65f9d8d219d0b756af5bc5b7e2e0c0a14537252aabaf34f129346ce5588bd191446e85656b6923557b610e3ff938229089af7f2a	reproducible
ROOT.war	WEB-INF/classes/org/compiere/cm/xml/Generator.class	class-or-library		22831	9facae33bf9a98c8f9569f14df7e9916927caa43fc94bb06db7fc11d3ae7bea878f3049a46db6ceaf887d6982c4fc5e03e34f66a3ce2c6c251d2fae6c232d2da	reproducible
ROOT.war	WEB-INF/classes/org/compiere/cm/xml/XSLTProcessor.class	class-or-library		3706	ca6f953a1ebe0844b431a6d5b79315cc28035887d93e331e26794460b5c9a2f06e3c6c4834989a87615c09f08c1319318c97f034b4ea44bc8b89f8d6891f5caa	reproducible
ROOT.war	WEB-INF/favicon.ico	protected-not-addressable		4286	9c70ffa35620fbcc2d989e142284924dd243b276d06ed7251522d4c995bd6572fa1c4f56edd823203535eded6a70f4fbba31f6d45072f7e1a0bfe17aee7614c7	reproducible
ROOT.war	WEB-INF/web.xml	protected-not-addressable		4212	6bea50140bcdb387377db11b1bff24b1359645b341c6e4866dca8f12d3ed6752f45b4255cb002772f087dfd3a4816164396a7b3f0af9004f3f366424a6837165	reproducible
adempiere.war	Logo.gif	http-addressable-static	/adempiere/Logo.gif	6545	9858ff42c80861d10a6239d88c216ad1130d6d7faf42a7ed7286146ce971ffac1fe8698fe1315f6eff9c975dcc24895b638f48e05305abfd40ae75be47082ef7	reproducible
adempiere.war	LogoSmall.gif	http-addressable-static	/adempiere/LogoSmall.gif	766	edf3ad75a5a33c6b6a7de1e492e290911d58241c9de1cc130f1a45cead8ecda48afa9c3c37cf44883d3a281e09dcdf194c9ae00d63156d720a14eac733e49158	reproducible
adempiere.war	META-INF/MANIFEST.MF	protected-not-addressable		528	1f4ad1fff9ce0713ee1ff3292920c171a509748fea6f554e9b2d284190550d82219856a205ba3f644e07de0aca5e086956526af3d4f5b89ded59ae7eefcaf8e9	reproducible
adempiere.war	WEB-INF/lib/commons-beanutils-bean-collections.jar	class-or-library		25637	a901a9a98ff707da0f458fe19b4c99d32181cb950630ff2a9a3a8834aab5cb42ebf6bfbd8846791bf63112cc0b8a1be6a3fc63e0592222119d3eec9289f2557f	reproducible
adempiere.war	WEB-INF/lib/commons-beanutils-core.jar	class-or-library		168760	82cc41b1ce8604c340c4a810a704514682b8e168efc1c5327a80047d8fd2e2e1888a7e9d8f3c4f3742a085b36add5ed30441fcceeded82cde716192b736fa8d6	reproducible
adempiere.war	WEB-INF/lib/commons-beanutils.jar	class-or-library		188671	0e7dd56afd668a39d41463bc510b1d61cdb1f7a7d3f18f69c7f369ceca174bb0629e3d923a8cbbea9b305fc36b34f19b08fb5be0545a44a69c9a297116e73d5d	reproducible
adempiere.war	WEB-INF/lib/commons-codec-1.3.jar	class-or-library		46725	e4c9d68f4f6ac018e12096691f217fa549b6f75d5901b1fca91b3180372d313b96ac01dd852e0af18c4f484982e1d77d18b7e5cc6e0bfd1496c3dcdce26f4a21	reproducible
adempiere.war	WEB-INF/lib/commons-digester-1.7.jar	class-or-library		139966	3fc31aa70a266c1ddb50b338806d11616f63939f01f28da9e7bb02cdbe14214665c4f470db4953a8ced3df40eb1121442378c30edc387aa4f8feabfe9a968a2c	reproducible
adempiere.war	WEB-INF/lib/commons-fileupload.jar	class-or-library		22379	d29e245553584c8104d5375d78550cc2066d7d7c405f0456d9813824c25d7b9937620af2a9e52250b2c7feeebf6473ee01edc2f01094166e3e86d2c7986cb06c	reproducible
adempiere.war	WEB-INF/lib/commons-lang-2.1.jar	class-or-library		207723	25829e030b75924eb9aed3e1ba4e5fde0ad7ddb9bb951a6a48c4f2115769ba6ddf3d960a2033d96f622650fbb808e41bfe7fe02356058b3caccda2de3b8daaf5	reproducible
adempiere.war	WEB-INF/lib/commons-validator-1.2.0.jar	class-or-library		91113	63e43a7eecbff2749362444245cf0d166624b6adb2e54500f2511a7687d772ff81a98c7086af3009bb16fcd4930defc39b57a758829329d8a82b4664faea3ff8	reproducible
adempiere.war	WEB-INF/web.xml	protected-not-addressable		8598	75d06a664863cab47ab083866befa5c3660f584f99e1682d51fb3852a70cfad803d76fa517aed06ea229ba8de9ecd8140bd067fb20d89d0446f9f2560f44cdc9	reproducible
adempiere.war	calendar.html	http-addressable-static	/adempiere/calendar.html	6745	29713551a07465c8f095bfaeb62725d9bebec26e70a50d139fb7330b5d5fd85f195dd46ceeabc7adc2c587dd9453baf9d5d14340adeb687b82a006463f24cdef	reproducible
adempiere.war	cmd.html	http-addressable-static	/adempiere/cmd.html	252	b267e03b0c00be2119fc4f2709681f195e3a88c944d63403cfb39f294c4c2c5f1cc955cf79a4ccbfd61507559fb2fae73b7d6cdfc9e5f599cba83c55e09763d8	reproducible
adempiere.war	css/calendar-blue.css	http-addressable-static	/adempiere/css/calendar-blue.css	5080	c923c548f485b7e403413b6987875be326bd3f99f464e5e631ecc3406383409a2a448c8110f300324d037c5135675acca2ccd6f7a5f861208c02f184029f7e45	reproducible
adempiere.war	css/menu.css	http-addressable-static	/adempiere/css/menu.css	1594	c3ff338f75ee38c19bc735d8d73cfd348e7fac3d1c6e7b89f9d36f43da02bcb690e71e99d95d89c9cf40a55d57d61446dbf88a7c7ae5b69aa12c14ae5c8ce52e	reproducible
adempiere.war	css/mktree.css	http-addressable-static	/adempiere/css/mktree.css	1182	5767952c7677120c3489cf80fc53d04fcfc77ec055ed13fd2fee65bbd251cdf14fc45057b7a877b654e7998364606afa378ed73f3494964461a51d38a47df440	reproducible
adempiere.war	css/popup.css	http-addressable-static	/adempiere/css/popup.css	690	609ff4088aff8e33c9d667c57f89c8a1dd5fe43dec78b63d2ae791a9ce76e821f30e7f25a5e456d4dd7f40cdf355c50e27503417f68c8fa68d3676b42e4eabc9	reproducible
adempiere.war	css/standard.css	http-addressable-static	/adempiere/css/standard.css	2481	e2d92180eb1391107efb8c3d7aa1bb283da0ae634e0585960a4f3410032c28287bb337b3c97961c60d00d4b1f1a4609ed4dda27ec7102a82e442ff09c675781d	reproducible
adempiere.war	css/table.css	http-addressable-static	/adempiere/css/table.css	5684	73aca22e32f3c5b4d9f87415a40eca2aacf290774415cbad23151d9b8f2af02abd3589315a2995052581810d9a386cd770bc1664727bcced5ec9d651d3e25645	reproducible
adempiere.war	css/theme.css	http-addressable-static	/adempiere/css/theme.css	6190	f96c6850d6b07a7221ec06443ec3d3172947d9d3d0e09bff7522e988d7d6b86ade20fbb725ad3b0309c1e73052b68da3497b7574e75ed5f329afa230adb45a56	reproducible
adempiere.war	css/window.css	http-addressable-static	/adempiere/css/window.css	4807	87a4a3a64939baa78d2dfe4a2e2dfcdaa5ae5cb5c89bd1475bf043a6fadfce05f2df45824f6997b89d069adba1b63613e2cd56695345dc46c9a66513dbbbfb1d	reproducible
adempiere.war	del/Background.gif	http-addressable-static	/adempiere/del/Background.gif	1083	646b1486480ed16a969310987fed8ca732c3f0e0ba63c0d8d608de4e216ecfab8eac6a793a23a3e93ca7da55c0ec2d3e837882c37d6311741f07da4f2c1e71dd	reproducible
adempiere.war	del/Compiere.gif_del	http-addressable-unrecognized-extension		389	5ebcf2a42cf1de9f720c27058e6bc6511f9516d589a8804bca52354ca67b4947a602af095ba9e578e59e1a51bc9569c9e62a745d1387ea8f17f5834c983ee8a3	reproducible
adempiere.war	del/Favorite16.gif	http-addressable-static	/adempiere/del/Favorite16.gif	25214	018e40875725cb28951089a5be13d18dae37e81c7b651e2ff041763535c49a2f849cac596b0f6f08aec4c225c3795beaf375ce1d1d5682637121f840c6eec117	reproducible
adempiere.war	del/PopupWindow.js_del	http-addressable-unrecognized-extension		15324	7aacbbe84bce35065c46d87acb7e3c25785fd66a728e587e1b8c9414a5abf8636947b44ddd994d25acc6aa12236769ad18b71a831c847eb30f984983215c8e03	reproducible
adempiere.war	del/favicon.ico_del	http-addressable-unrecognized-extension		1406	41e4e3b9584ef2a353b54bbb244edc72e3e3bd534fb5e561395ced993a2ead9f352421241e810def81000aca7e35e1ce44bb117b16859d53f551b378f60d9815	reproducible
adempiere.war	del/sortable.gif_del	http-addressable-unrecognized-extension		68	69d218fcea2cf5fb0780c4faf86772b36b517182462c3c36bbb7de4d00d623c0bb0cd143484faf5a68de857057a3059812a45a89962d0c65d5be5f2055845e5d	reproducible
adempiere.war	del/xxx.html_del	http-addressable-unrecognized-extension		1135	7c25ce438a8f9dfcbc72da9ad11e2fb5c82ffd0f3cc487c7f535597a3d9c8e93e718a67eba9f558ebea29576a78e93808b40c4a2325a32792506615f7a30d78b	reproducible
adempiere.war	del/xxx1.html_del	http-addressable-unrecognized-extension		548	d8f631f831d8d0d9124529e4e1940d7dd733c9a0a30558231e34aaed4811d6c080a95d84ee41ac14ff7eb680bacc28298b108fa394f8fc5b9eada3d23de48e80	reproducible
adempiere.war	images/01_ascending.gif	http-addressable-static	/adempiere/images/01_ascending.gif	71	8e8ad425f52fcb65f6310c3c95bad1d7c99b85501eb6c041bf08579dcd9ea271640c8de6d1f68ec339e38c2dc6b5292816de2b268ad12cb06403df36765896d4	reproducible
adempiere.war	images/01_descending.gif	http-addressable-static	/adempiere/images/01_descending.gif	71	4a8c4b0f4d80b2716218de7cbefca374c6994f777b2985e70f7ad7b001f3e82654affd47e6392c820fc94bcf6d23acd42c3e2b3f828cd2f7723b6167f09965e0	reproducible
adempiere.war	images/01_unsorted.gif	http-addressable-static	/adempiere/images/01_unsorted.gif	63	ce0e0a2cc0ccc8ab0695994931067c425d987e7f2f9d759de54bdaf0bfb5fbe42ca92a2415b9cda4f8b7a20044ab87ef7b7cab287031a498b3fe144087fb5b5c	reproducible
adempiere.war	images/AD10030.gif	http-addressable-static	/adempiere/images/AD10030.gif	1696	26f86b83c9ef7f06ee2d18a89999f081a6740e6fc5fd06b215c44324b215fee989538231bdb12e66eac125f42b379e6391edb992a0e57408e4d44315902dd30c	reproducible
adempiere.war	images/AD10030.png	http-addressable-static	/adempiere/images/AD10030.png	1696	26f86b83c9ef7f06ee2d18a89999f081a6740e6fc5fd06b215c44324b215fee989538231bdb12e66eac125f42b379e6391edb992a0e57408e4d44315902dd30c	reproducible
adempiere.war	images/AD10030HR.png	http-addressable-static	/adempiere/images/AD10030HR.png	6728	9682973fb9afb5b226914344afa1701de42d7a2dfafc43fe23d92aed5a1d8969ce71485117106bb50f71bde2bf5d8be3ade3993433bb08131ad61c24606d90ab	reproducible
adempiere.war	images/AD16.gif	http-addressable-static	/adempiere/images/AD16.gif	891	47f025d741a3b9c0cd9c2d97bc1a4e5791af843c75a86c4760122512e3e7e2f50550cd94c165752e847526138f32dbe5270456e491fb637624c45c436681b436	reproducible
adempiere.war	images/AD32.gif	http-addressable-static	/adempiere/images/AD32.gif	2213	c4601d820d6a530ba6a64ac3724a2d52472f2223d46c8f8bd9ee12c30c764a59ff8e5b16f7b106d2019c97428eb0bbd6eff2eece1dcc1b49fa7c12994698f8a8	reproducible
adempiere.war	images/About16.gif	http-addressable-static	/adempiere/images/About16.gif	756	8bfc234c48590d5fe3d65e2e4647332d0e088932f1ca4457253a5ca4355614c77c499914ca42fd50458e1d42ea003d7e2e5beada8b364aec61a61d44c8e7936d	reproducible
adempiere.war	images/About24.gif	http-addressable-static	/adempiere/images/About24.gif	1087	9c2e9359b9d48b6fc7e4cafb559c94e5f922c07b7b1ce5f9d40788869b22662c4a52d0786d55cfb02eef405ba9e539d697273e7aaaaca45af7b046a307314097	reproducible
adempiere.war	images/Account10.gif	http-addressable-static	/adempiere/images/Account10.gif	470	31f5b7eaaf2bbfaf7b62fd2cd324e87f7c004eb1042843eadc4fcef86b9e3e953b9fd4a0a4a7d449948d4decf3a61e0fcb4b10e1d28081ab6980e93dba4652de	reproducible
adempiere.war	images/Account16.gif	http-addressable-static	/adempiere/images/Account16.gif	815	3933795b3673fbefcaf26b5f67291b47307001d35e1541e8f2c59646c713be6fdde0767a5c125116d162e03d886bded951823c4c1507a630c3132f544b2f93af	reproducible
adempiere.war	images/Account24.gif	http-addressable-static	/adempiere/images/Account24.gif	1276	29bdd5173454077d0520cdd37701231248766a3055f4ab9fa7ba3348b1d456188e9cfeadf66637d9fbf04bd66e114f3d430ecf52ceadcf5ef68bd28c71bef205	reproducible
adempiere.war	images/AdemPiere150x50.gif	http-addressable-static	/adempiere/images/AdemPiere150x50.gif	2603	9110399c3e541fa701dc9b2ad9b7381fecfd3149acf9649c7c7ba251df12dcdab5097025ee09bee0418009b957f5f2ff81ae077d71a80da77ba05aab986502ea	reproducible
adempiere.war	images/AdemPiereCom.gif	http-addressable-static	/adempiere/images/AdemPiereCom.gif	1872	34fca5f326ea11d30114b605ce06aff559afea776252ef5f5adada55770dde3c1d67977ec79babbe8997374bda1eabc836b9cee47ad57cbd0e20b7679eb88ef8	reproducible
adempiere.war	images/AdemPiereCom.jpg	http-addressable-static	/adempiere/images/AdemPiereCom.jpg	1285	a0b477abed077b53040895a97d6402cb8696df63313f760809e01dfeb5d0b401d79d639af735543e6a8c13c9bde9a88b0d90d14f94ed2c035a2687f6c5b05db9	reproducible
adempiere.war	images/AdemPiereCom.png	http-addressable-static	/adempiere/images/AdemPiereCom.png	1872	34fca5f326ea11d30114b605ce06aff559afea776252ef5f5adada55770dde3c1d67977ec79babbe8997374bda1eabc836b9cee47ad57cbd0e20b7679eb88ef8	reproducible
adempiere.war	images/AdemPiereComHR.png	http-addressable-static	/adempiere/images/AdemPiereComHR.png	7621	aa8d89725c8bad3b4f9c8f7d0abfbae04cb96ed7ecfe2aa88586a9149a755953dc8667fe68206e13eb6aa8b5bd48275722c1c3f1947f53f3483b4aaa780c065a	reproducible
adempiere.war	images/AdemPiereComx.png	http-addressable-static	/adempiere/images/AdemPiereComx.png	1872	34fca5f326ea11d30114b605ce06aff559afea776252ef5f5adada55770dde3c1d67977ec79babbe8997374bda1eabc836b9cee47ad57cbd0e20b7679eb88ef8	reproducible
adempiere.war	images/Adempiere.gif	http-addressable-static	/adempiere/images/Adempiere.gif	766	edf3ad75a5a33c6b6a7de1e492e290911d58241c9de1cc130f1a45cead8ecda48afa9c3c37cf44883d3a281e09dcdf194c9ae00d63156d720a14eac733e49158	reproducible
adempiere.war	images/Adempiere.jpg	http-addressable-static	/adempiere/images/Adempiere.jpg	517	dcea693cc7cfd2c118126a8c37029399576961b3c717fffc9ea9da605e82fd2b5125424fe8bfa4307a0fd369f126c58b7ff82c16ecde48cffbf00e47a8509359	reproducible
adempiere.war	images/Adempiere.png	http-addressable-static	/adempiere/images/Adempiere.png	766	edf3ad75a5a33c6b6a7de1e492e290911d58241c9de1cc130f1a45cead8ecda48afa9c3c37cf44883d3a281e09dcdf194c9ae00d63156d720a14eac733e49158	reproducible
adempiere.war	images/Adempiere120x60.gif	http-addressable-static	/adempiere/images/Adempiere120x60.gif	2025	b83bb63e0daa3f262b97d4913acf8a85b6d7082a790cfdaa61a23227b3a1dc1416bd910ea19c7aa64991ef592791e20751968ecfbd6170a18a453ecf8324032d	reproducible
adempiere.war	images/AdempiereHR.png	http-addressable-static	/adempiere/images/AdempiereHR.png	3429	6d51ef6c54d06a75d279b6b9bad19c73ee57eed33bd4c85379a3165b7331bbb6d383a9223aa9ffd46ffb7eade4c31856731e931edadc128b1b9f039fbbbc6c2a	reproducible
adempiere.war	images/Adempierex.png	http-addressable-static	/adempiere/images/Adempierex.png	766	edf3ad75a5a33c6b6a7de1e492e290911d58241c9de1cc130f1a45cead8ecda48afa9c3c37cf44883d3a281e09dcdf194c9ae00d63156d720a14eac733e49158	reproducible
adempiere.war	images/Archive16.gif	http-addressable-static	/adempiere/images/Archive16.gif	378	18fb01f6c6d736bb43274d252daab824bd9209b783af9d1df0a59e6ffee22ffeb79ec22a0052f0a5b465a63fb23e5795322decec0e8abf26a9919d3b2505d3df	reproducible
adempiere.war	images/Archive24.gif	http-addressable-static	/adempiere/images/Archive24.gif	507	77493161cc039369ed09757ebc2eab1dd7435e7705ce80eec09aedd0524d7e8be183ba784ead8130a205456e7ed448e42b3d6243fd4d2cc34b73c61ba3ea15fc	reproducible
adempiere.war	images/ArrowBW_WF.gif	http-addressable-static	/adempiere/images/ArrowBW_WF.gif	1317	3baaa46abd9e1deaeef9968dc3048ebe517e381d9f9b62f29fa55684217c47968cf15c68f30fc6953c829dd408230cff02dff0a9c78345e1ede2e51da88bf4ba	reproducible
adempiere.war	images/ArrowDown_WF.gif	http-addressable-static	/adempiere/images/ArrowDown_WF.gif	1321	e441d0628725a99fc87463621de4c8e888573b3c456dac8d706fd968f2ca8e74fdd05ffbd005dd14339c23e22dcde222b397cd0a1abf4d45db4850b094c6774c	reproducible
adempiere.war	images/ArrowFW_WF.gif	http-addressable-static	/adempiere/images/ArrowFW_WF.gif	1318	7a94dbe98c98e4fbd6a905744cadddf0a762a584ad419ed64f322845688d358d4254575968a13fa904e3b39801affaa0bac59433005efe51cac3b4d6bf6984ff	reproducible
adempiere.war	images/Assignment10.gif	http-addressable-static	/adempiere/images/Assignment10.gif	298	50a02e7691efbc822f55940c7158c54c2547a65968dc9ed0fe6c779f1bac9ec14281bb804c92af9439ceffd5d4988fc14e3a16ad035f0e17b847843c90a1b4cd	reproducible
adempiere.war	images/Assignment16.gif	http-addressable-static	/adempiere/images/Assignment16.gif	471	19a9c40c8636c885023145c55fbb7de38e9708dceb532ee859f455d54e5faf2cb5f151cd336f47753022cf7d9b6ad45e2be56bd9253b9e946c519ff16c2544fc	reproducible
adempiere.war	images/Assignment24.gif	http-addressable-static	/adempiere/images/Assignment24.gif	501	af699b865a1ff02dc28eb00c845244f429d0f2716f38ec735394d991e2cfeab7aa3a1d6fc008cd75b0f7c25453913851e3b94ec566a36f83f36b1686092272cc	reproducible
adempiere.war	images/Attachment16.gif	http-addressable-static	/adempiere/images/Attachment16.gif	519	02d6983edd257dfae9f3fd4b107634aa5d6868b9c5b7522f75beb5f9ba0ba176ea11e7222c1b8ecaaac008e1392155b86613849ef9daec425711ec26855ac671	reproducible
adempiere.war	images/Attachment24.gif	http-addressable-static	/adempiere/images/Attachment24.gif	684	e30d86b1d82e8b57459b6b3beef12c2d163bd52c5031eed7f3402d3757142562b17285e463d342c846e358c4a1103ba882901c494828fcb264e2eb480daa01b9	reproducible
adempiere.war	images/Attachment24D.gif	http-addressable-static	/adempiere/images/Attachment24D.gif	684	e30d86b1d82e8b57459b6b3beef12c2d163bd52c5031eed7f3402d3757142562b17285e463d342c846e358c4a1103ba882901c494828fcb264e2eb480daa01b9	reproducible
adempiere.war	images/AttachmentD16.gif	http-addressable-static	/adempiere/images/AttachmentD16.gif	334	94df3813e345f485725031eba194cbfe58f648320a75d0f7813a1dd0d0b59dacfb540ed5074fed9c8315590473a1794da11786846a88045fcc753a5f1154be3a	reproducible
adempiere.war	images/AttachmentD24.gif	http-addressable-static	/adempiere/images/AttachmentD24.gif	107	21e5ead311feac8646d418d19ba597f74cc725c2ae516e3e8db7c2380b7c26b3a05007c24ea18ca44deaa56223f5543ef7e54ac56d6f54fe6c0b2c86c7c8081a	reproducible
adempiere.war	images/AttachmentX16.gif	http-addressable-static	/adempiere/images/AttachmentX16.gif	624	1b7e21a4f3cb965a3a8e418ba4b44d2823c5508a7cdff989da6809f3835383ecbc23f347f25b405be39240a1a38b027581cb198750e97e968b3d798060ab6cfa	reproducible
adempiere.war	images/AttachmentX24.gif	http-addressable-static	/adempiere/images/AttachmentX24.gif	934	76b34bcd88274451cc85b28f70f22343ab931006fbcf5b71106e185ef739f8b54a3cb965516b345b5f6f8ad9021652ef67da2676617eb0698d5fb58b0a4c2da8	reproducible
adempiere.war	images/BPartner10.gif	http-addressable-static	/adempiere/images/BPartner10.gif	474	892ce656dd252c04819417d8d90f84aa56c4451f01a7bf240a718d79ef5c534a8d0a784652d96a47edcc4544ef24d1112ea532c5a7c59f9ac66155bd823b66ba	reproducible
adempiere.war	images/BPartner16.gif	http-addressable-static	/adempiere/images/BPartner16.gif	801	26e26466b9a13b14173aa61eb55fdedb6cd5e418b011016dba9e48b54e29b75b1225a78f82bfef798dc8d71a9be959a9b236ea3e2513d059676540ca6ece1472	reproducible
adempiere.war	images/BPartner24.gif	http-addressable-static	/adempiere/images/BPartner24.gif	1040	224e9ee263bfac2923b245ae83d5eb73b5d874d75e865f101a8b44a1432a65ae7d10f077ce636488e26893c68202f5c903e7ff09ddfd19a3f1f1e554734cae2d	reproducible
adempiere.war	images/Background.gif	http-addressable-static	/adempiere/images/Background.gif	2301	182127a8a7c5b0d4555290f79ef8cfa910ce06dbe927891d4892b928f274cf1bc192ab0f949196850adf7b6ace19a3a2e4f38d4c8bf8550d1757f61582341b7b	reproducible
adempiere.war	images/Bold16.gif	http-addressable-static	/adempiere/images/Bold16.gif	705	8992a231f089634426381365941c64661400b7037414dbc2ef641c4bb80a8dec5b1261337ba054104c5a57b23aa5d1a427a21f59a23449a5b498d97f4fa1ec49	reproducible
adempiere.war	images/C10030.gif	http-addressable-static	/adempiere/images/C10030.gif	1696	26f86b83c9ef7f06ee2d18a89999f081a6740e6fc5fd06b215c44324b215fee989538231bdb12e66eac125f42b379e6391edb992a0e57408e4d44315902dd30c	reproducible
adempiere.war	images/C10030.jpg	http-addressable-static	/adempiere/images/C10030.jpg	1101	e2f202b82b1d1de43ab1220908e0b580542faa15eb354367b203c4fd9025527bcde8cd655655e0d32dbe5495bddabb8a3f19828bd2429eb869fca369b95ab697	reproducible
adempiere.war	images/C10030.png	http-addressable-static	/adempiere/images/C10030.png	1696	26f86b83c9ef7f06ee2d18a89999f081a6740e6fc5fd06b215c44324b215fee989538231bdb12e66eac125f42b379e6391edb992a0e57408e4d44315902dd30c	reproducible
adempiere.war	images/C10030HR.png	http-addressable-static	/adempiere/images/C10030HR.png	6728	9682973fb9afb5b226914344afa1701de42d7a2dfafc43fe23d92aed5a1d8969ce71485117106bb50f71bde2bf5d8be3ade3993433bb08131ad61c24606d90ab	reproducible
adempiere.war	images/C10030x.png	http-addressable-static	/adempiere/images/C10030x.png	1696	26f86b83c9ef7f06ee2d18a89999f081a6740e6fc5fd06b215c44324b215fee989538231bdb12e66eac125f42b379e6391edb992a0e57408e4d44315902dd30c	reproducible
adempiere.war	images/C10030xHR.png	http-addressable-static	/adempiere/images/C10030xHR.png	6728	9682973fb9afb5b226914344afa1701de42d7a2dfafc43fe23d92aed5a1d8969ce71485117106bb50f71bde2bf5d8be3ade3993433bb08131ad61c24606d90ab	reproducible
adempiere.war	images/C16.gif	http-addressable-static	/adempiere/images/C16.gif	929	a1c51406d02f9d2c24ab6ffa161ec6db5b3cb45fd33d0133f17568da59a2fba1e0748e1e93daa177fb87e42dc4cc561dfe5a0d173f4ec4053e6c6c33efec2027	reproducible
adempiere.war	images/C32.gif	http-addressable-static	/adempiere/images/C32.gif	2213	c4601d820d6a530ba6a64ac3724a2d52472f2223d46c8f8bd9ee12c30c764a59ff8e5b16f7b106d2019c97428eb0bbd6eff2eece1dcc1b49fa7c12994698f8a8	reproducible
adempiere.war	images/Calculator10.gif	http-addressable-static	/adempiere/images/Calculator10.gif	447	de8a4eedcf3b50121b0e5abd27b80df3276f46e5f5b5e618ef0664cfdbe0078164cf9409ba37db8703b1742e8a68721654bb25fcdf20d6d64588cea3c2968c99	reproducible
adempiere.war	images/Calculator16.gif	http-addressable-static	/adempiere/images/Calculator16.gif	686	48cb098c27cb087f458dd9920b944845be21b1eb9767dc3a3f54a3f4f9524a8fec6a08e4b23f590eb92e39b2f795e18f33583c544a09387bc06fbd9e9f506781	reproducible
adempiere.war	images/Calculator24.gif	http-addressable-static	/adempiere/images/Calculator24.gif	843	2a8aeec3c00e7eea66b7f34b69a15a0ddbd8ac5da29af76a85908fce4d6ed37c0b021a7fc5a1a53457031e8b06f2e28cc9a595b17a39848294e3837589adf082	reproducible
adempiere.war	images/Calendar10.gif	http-addressable-static	/adempiere/images/Calendar10.gif	382	cb768888b9c073e1b795cf456d2f12a62a03d996474d6d0b22fbedbb16ea5cb74d080d131ea43e2ec7a8298ad39e45d6f7d548de4f5ce45308853fdf970c77a1	reproducible
adempiere.war	images/Calendar16.gif	http-addressable-static	/adempiere/images/Calendar16.gif	604	418d5a13580b8abaa8829ed20e9c098f490a8c01e4c64aa47be2f7621eea6bac33a261a1b581b8b185b7dc6bfa2e7b9716085605b418fbbd83fcbd1ba8148083	reproducible
adempiere.war	images/Calendar24.gif	http-addressable-static	/adempiere/images/Calendar24.gif	1054	e7ebb24bc6fe1d3306cabbda82d68d3f4ce6d338b0ff13b32a7187f0bfb892caf3087085251189df3a0a6127694303705396fe7be6689edc23aef805bb161c0b	reproducible
adempiere.war	images/Cancel10.gif	http-addressable-static	/adempiere/images/Cancel10.gif	471	e2722ebf91e5fc0dc79a5b5c762ab926218ff9bd122a66bbacec748c6dba955b7e160c7ab714f95cf4726723ca8e2aa7acddee7283e7b6c71ff224c2e6411b01	reproducible
adempiere.war	images/Cancel16.gif	http-addressable-static	/adempiere/images/Cancel16.gif	878	27bec4deb5d506e65b5f8a5d04762f3d100dad94c98f2178b80679fc85c4e1def11d05c03aeb7bb5576e7881f5b2ab2bfd774fc36f5275993e24b47a4ead02a5	reproducible
adempiere.war	images/Cancel24.gif	http-addressable-static	/adempiere/images/Cancel24.gif	1268	ebff26c0cebfce65a39f771d271d04bc01a4f431baca14673264c3dc5928540681260374c58b17ad82b19bea2d7b63e3c41fd7abc806efea197e597224048fd6	reproducible
adempiere.war	images/Chat16.gif	http-addressable-static	/adempiere/images/Chat16.gif	422	74b825703273e81932a8392d91152a6c2ac60e9e281c02ee0167185845128c9f3d5ece839e3e0fdbeb8210c02a27babb0d29a196013fd48f1fdaf9953e2bbfb8	reproducible
adempiere.war	images/Chat24.gif	http-addressable-static	/adempiere/images/Chat24.gif	535	02be6ff47fb39a68ba208eb337a7df4a2160dede097ace7269f0d44b1a4750b5c080faf01d1a035a6cb33db3158ed02d99839640267f48f3ce4b3655c64ba031	reproducible
adempiere.war	images/ChatX16.gif	http-addressable-static	/adempiere/images/ChatX16.gif	422	74b825703273e81932a8392d91152a6c2ac60e9e281c02ee0167185845128c9f3d5ece839e3e0fdbeb8210c02a27babb0d29a196013fd48f1fdaf9953e2bbfb8	reproducible
adempiere.war	images/ChatX24.gif	http-addressable-static	/adempiere/images/ChatX24.gif	535	02be6ff47fb39a68ba208eb337a7df4a2160dede097ace7269f0d44b1a4750b5c080faf01d1a035a6cb33db3158ed02d99839640267f48f3ce4b3655c64ba031	reproducible
adempiere.war	images/ComPiere150x50.gif	http-addressable-static	/adempiere/images/ComPiere150x50.gif	1227	23d20ffb4d32a7bdc79dffdface311f2859acfc3f33f3c12ba57a22f39a8e98e230d47e0b3cd008a03f7f832099230204b0a87eb4661b80a40328e938791b839	reproducible
adempiere.war	images/ComPiereCom.gif	http-addressable-static	/adempiere/images/ComPiereCom.gif	1872	34fca5f326ea11d30114b605ce06aff559afea776252ef5f5adada55770dde3c1d67977ec79babbe8997374bda1eabc836b9cee47ad57cbd0e20b7679eb88ef8	reproducible
adempiere.war	images/ComPiereCom.jpg	http-addressable-static	/adempiere/images/ComPiereCom.jpg	2621	c38737fd02b3e8c18c272ce692cf40d35a74f18a8855e3c4c511998e45981e30ade352014799bd82cf153738a8f7dab1e580fd6f3c219d6cade7c6dd6d8fb797	reproducible
adempiere.war	images/ComPiereCom.png	http-addressable-static	/adempiere/images/ComPiereCom.png	1872	34fca5f326ea11d30114b605ce06aff559afea776252ef5f5adada55770dde3c1d67977ec79babbe8997374bda1eabc836b9cee47ad57cbd0e20b7679eb88ef8	reproducible
adempiere.war	images/ComPiereComHR.png	http-addressable-static	/adempiere/images/ComPiereComHR.png	7621	aa8d89725c8bad3b4f9c8f7d0abfbae04cb96ed7ecfe2aa88586a9149a755953dc8667fe68206e13eb6aa8b5bd48275722c1c3f1947f53f3483b4aaa780c065a	reproducible
adempiere.war	images/ComPiereComx.png	http-addressable-static	/adempiere/images/ComPiereComx.png	1872	34fca5f326ea11d30114b605ce06aff559afea776252ef5f5adada55770dde3c1d67977ec79babbe8997374bda1eabc836b9cee47ad57cbd0e20b7679eb88ef8	reproducible
adempiere.war	images/Compiere.gif	http-addressable-static	/adempiere/images/Compiere.gif	766	edf3ad75a5a33c6b6a7de1e492e290911d58241c9de1cc130f1a45cead8ecda48afa9c3c37cf44883d3a281e09dcdf194c9ae00d63156d720a14eac733e49158	reproducible
adempiere.war	images/Compiere.jpg	http-addressable-static	/adempiere/images/Compiere.jpg	1056	827bb065840ccdd1b7e3055c531b1f46e6b689b4fac27979b3facb00d596448e5abab76b86efeb38cad92c31a6d7bbee107420836fd9eab573de30d0c4a3f5a3	reproducible
adempiere.war	images/Compiere.png	http-addressable-static	/adempiere/images/Compiere.png	766	edf3ad75a5a33c6b6a7de1e492e290911d58241c9de1cc130f1a45cead8ecda48afa9c3c37cf44883d3a281e09dcdf194c9ae00d63156d720a14eac733e49158	reproducible
adempiere.war	images/Compiere120x60.gif	http-addressable-static	/adempiere/images/Compiere120x60.gif	1857	f91a4035767101fa5b6322401245f1b4566f0078748c1da70778e9d0380fb9d92f6bffb9884b5b0b12e4f9e70c98337dd89817863b1709f9b5708a478c85a69c	reproducible
adempiere.war	images/CompiereHR.png	http-addressable-static	/adempiere/images/CompiereHR.png	3429	6d51ef6c54d06a75d279b6b9bad19c73ee57eed33bd4c85379a3165b7331bbb6d383a9223aa9ffd46ffb7eade4c31856731e931edadc128b1b9f039fbbbc6c2a	reproducible
adempiere.war	images/Compierex.png	http-addressable-static	/adempiere/images/Compierex.png	766	edf3ad75a5a33c6b6a7de1e492e290911d58241c9de1cc130f1a45cead8ecda48afa9c3c37cf44883d3a281e09dcdf194c9ae00d63156d720a14eac733e49158	reproducible
adempiere.war	images/Copy16.gif	http-addressable-static	/adempiere/images/Copy16.gif	498	79356d5fa739db19ee26d8c568bb560ab3479621b66217a7d6bc456efab853f4081fdc6d21595d944e23ab3d99858a9863d459c40df5068198d81254147498a2	reproducible
adempiere.war	images/Copy24.gif	http-addressable-static	/adempiere/images/Copy24.gif	725	79b88386c7f1a48d0fde3623754ac8583af9f9c4b3cdabe64ef50e2c85c4929d2eeba56d8d3041afdedafdee145e7133cad1cdbeff0ec4e187622c33199194ba	reproducible
adempiere.war	images/Customize16.gif	http-addressable-static	/adempiere/images/Customize16.gif	440	63796b6020f7d4344e1f41564d679e6f707fa20e2c26cfea65daffd25ef77687acc901e59e2d24f41b2d45425649a73b518ca6c24a6acd15d6996bbbe4480c15	reproducible
adempiere.war	images/Customize24.gif	http-addressable-static	/adempiere/images/Customize24.gif	512	73308f8737545562637d290b2b5efeaf34f4d5b10ece0d6dc7582bb49335541e8aa814b5e9bd34cbfacfd89cd032ebb7c764d4fc7843bc592dfb30b6a93613a5	reproducible
adempiere.war	images/Delete16.gif	http-addressable-static	/adempiere/images/Delete16.gif	655	e964f3f40dbffdd71e178f5b22eae843065e7d381b35508fb74fc1341b53b20a03a86e690ffe4e2d9988ae05308994dd47d4b6f3709a026d42c40a6d18e6f4f4	reproducible
adempiere.war	images/Delete24.gif	http-addressable-static	/adempiere/images/Delete24.gif	1155	005d387ae9da5efe83ad44c5d38d36d92ab432aec641e48ed492afd7656f8e25a255acf71a007070f0b58f88f37ef480aad054bda6a33246131b3b390fc58aa6	reproducible
adempiere.war	images/Detail16.gif	http-addressable-static	/adempiere/images/Detail16.gif	676	e93c2afd25067ae2495e6adf9f615363051e74c85b211abd8c1f7ab6ae557efabd4f8f9bf3362b87a6e6cef05906521ffd020939acb51a15b87a24f59a874d77	reproducible
adempiere.war	images/Detail24.gif	http-addressable-static	/adempiere/images/Detail24.gif	930	4c482468cb601f473fb606cce3deba058cba8a17a20d1bea61c7881c429976427d09117a0c758ffe9ad3cb9e0d563e04855b3a341b937b9bbeced84bbea2db09	reproducible
adempiere.war	images/EMailSupport16.gif	http-addressable-static	/adempiere/images/EMailSupport16.gif	619	f1adb45df4ac65f951f8c311890d0fb3808cfc3af8ef3c64af5ab0ac7010c3aa3fbec8748f7ff82888b1d149adf26521ed3a5cc1d97ecc35e5b65a4aaf6e9123	reproducible
adempiere.war	images/EMailSupport24.gif	http-addressable-static	/adempiere/images/EMailSupport24.gif	946	5d1023aecf9c6cc4d6ec420389b8eb819428d6d9c4f417c7d8b87c3ed03c80765cfac036c7fc74ffc320ca3204213833cc0b5c4a074131058887e44868938fbd	reproducible
adempiere.war	images/Edit16.gif	http-addressable-static	/adempiere/images/Edit16.gif	574	b98fbc11f702faf8fb7fb11c79a4b7767ac3d6397f6288357f79b0f301ccb29c38e4d310ff7dd8d0f3cdabae5515e634bb2364f14e1af44f8a43fdc310738c2e	reproducible
adempiere.war	images/Edit24.gif	http-addressable-static	/adempiere/images/Edit24.gif	995	c7e987a9fb3791167ffce666bb554da70422ff01cf52398c5611801153c0d3b5521d800f78c0c24ea07c13ace78fda3e74d8daf91a6b2f9c0587b8aa09eeae09	reproducible
adempiere.war	images/Editor16.gif	http-addressable-static	/adempiere/images/Editor16.gif	574	b98fbc11f702faf8fb7fb11c79a4b7767ac3d6397f6288357f79b0f301ccb29c38e4d310ff7dd8d0f3cdabae5515e634bb2364f14e1af44f8a43fdc310738c2e	reproducible
adempiere.war	images/Editor24.gif	http-addressable-static	/adempiere/images/Editor24.gif	995	c7e987a9fb3791167ffce666bb554da70422ff01cf52398c5611801153c0d3b5521d800f78c0c24ea07c13ace78fda3e74d8daf91a6b2f9c0587b8aa09eeae09	reproducible
adempiere.war	images/End16.gif	http-addressable-static	/adempiere/images/End16.gif	829	7d8d0f880fd75ae63b90205be3444bcdcd5033b93a37d67544b5a0278fb147efb4ea69a5efdac48d384b3872ebf7f164097b357ee4ad124e56ed9152ee6db9e9	reproducible
adempiere.war	images/End24.gif	http-addressable-static	/adempiere/images/End24.gif	1320	58fea67dd2c38a238fc2ecb8855571d544720ba3b1f7ec550b45ba25760643ebc0a6a59c99d5fd052ae36ea847d976797a49dfb214aa868cc9cbd94ba5f94fa2	reproducible
adempiere.war	images/Error32.gif	http-addressable-static	/adempiere/images/Error32.gif	1645	9c01172a51319516a82cd913a00d73bbbcf39a1c61e50cdc5092d92068109416e111f36c6ed9d55dd5283d681b461f9304fa24d8e4ec53035c8345b312c2796a	reproducible
adempiere.war	images/Exit16.gif	http-addressable-static	/adempiere/images/Exit16.gif	594	76645f6e792a54a276d08c94f8bfbf1317c445719976bb126c31fd3ac17cd5a7e037989a7a166b10d20b4cb4e50c63a96bb12ad856c58e48526fc778570012dc	reproducible
adempiere.war	images/Exit24.gif	http-addressable-static	/adempiere/images/Exit24.gif	907	4e6de55e9f5a000d1015ca1108c120c52e1d3f519f1748c794ae71b615d0f678723e1e9726ac60bca262aa1ca37e812837735df55807aa711b4af2f6408dc184	reproducible
adempiere.war	images/Export16.gif	http-addressable-static	/adempiere/images/Export16.gif	866	2ef20e845dcf75eee3fdea296f9da1cf1a28cd4398023ca327dc80a708474436fac61892d2348a76f12f04a1d528f1a7902d57b833299050f53bec8ac0f8f389	reproducible
adempiere.war	images/Export16X.gif	http-addressable-static	/adempiere/images/Export16X.gif	866	2ef20e845dcf75eee3fdea296f9da1cf1a28cd4398023ca327dc80a708474436fac61892d2348a76f12f04a1d528f1a7902d57b833299050f53bec8ac0f8f389	reproducible
adempiere.war	images/Export24.gif	http-addressable-static	/adempiere/images/Export24.gif	1097	3bc35aba8847886782729dd855921b04f015575f85e652efa3661ca412d86abfd939ca6fe20c24b010e6360dfbe6e43687b828cde327ffa7a64b76472d910668	reproducible
adempiere.war	images/Export24X.gif	http-addressable-static	/adempiere/images/Export24X.gif	1097	3bc35aba8847886782729dd855921b04f015575f85e652efa3661ca412d86abfd939ca6fe20c24b010e6360dfbe6e43687b828cde327ffa7a64b76472d910668	reproducible
adempiere.war	images/ExportX16.gif	http-addressable-static	/adempiere/images/ExportX16.gif	866	2ef20e845dcf75eee3fdea296f9da1cf1a28cd4398023ca327dc80a708474436fac61892d2348a76f12f04a1d528f1a7902d57b833299050f53bec8ac0f8f389	reproducible
adempiere.war	images/ExportX24.gif	http-addressable-static	/adempiere/images/ExportX24.gif	1097	3bc35aba8847886782729dd855921b04f015575f85e652efa3661ca412d86abfd939ca6fe20c24b010e6360dfbe6e43687b828cde327ffa7a64b76472d910668	reproducible
adempiere.war	images/FastBack24.gif	http-addressable-static	/adempiere/images/FastBack24.gif	1003	a26644a261d7e2d979cced8777a1316c1b6525a35d293e3cb5a7d047c3fd53a03b535cb161d64686aedf9a62f1f37b0e354b4854ff49d15477505d2083711dc6	reproducible
adempiere.war	images/FastForward24.gif	http-addressable-static	/adempiere/images/FastForward24.gif	1025	32a1a2a5122295e463c3180c096ee7eb917a939a3bdc5756a867a524b57a2dcf1a081c3e6982cf8f16494e2b81165f44d4f7f6ae224c08f1a86f212223b463f2	reproducible
adempiere.war	images/Favorite16.gif	http-addressable-static	/adempiere/images/Favorite16.gif	220	00060226b92026138057bb50c94b0aae5e9905d17422cc41d8eae0af2b14aadcfa44ed581e6f47f3162b50a1cd2e200fcef71db3d4e79f6ddbf22285a24dd865	reproducible
adempiere.war	images/Find16.gif	http-addressable-static	/adempiere/images/Find16.gif	935	cd80468e010836def4eb9bc757a5f056ab457de3d9fe96982ce583e458f81ac326c869e7514f2733a328b074835c7559f01692bf215966426116b7bf2f0f4951	reproducible
adempiere.war	images/Find24.gif	http-addressable-static	/adempiere/images/Find24.gif	1267	95919c2a5bf3f977255bd3f622c50c699594c41e2d989c6480166d66a6ed05c2e7cb22b7a43c01525ca582d241957d8af26a0157a94111f0283e8816195e6974	reproducible
adempiere.war	images/FindAdv16.gif	http-addressable-static	/adempiere/images/FindAdv16.gif	935	cd80468e010836def4eb9bc757a5f056ab457de3d9fe96982ce583e458f81ac326c869e7514f2733a328b074835c7559f01692bf215966426116b7bf2f0f4951	reproducible
adempiere.war	images/FindAdv24.gif	http-addressable-static	/adempiere/images/FindAdv24.gif	1267	95919c2a5bf3f977255bd3f622c50c699594c41e2d989c6480166d66a6ed05c2e7cb22b7a43c01525ca582d241957d8af26a0157a94111f0283e8816195e6974	reproducible
adempiere.war	images/FindAdvX16.gif	http-addressable-static	/adempiere/images/FindAdvX16.gif	903	76ed1b429a6f2e65c90983a30559c91edb15cc53169db763929a43dabba1be7f23fece25add0c5619092b07501e134e747ac12a7a17728591a1822da38ab9f63	reproducible
adempiere.war	images/FindAdvX24.gif	http-addressable-static	/adempiere/images/FindAdvX24.gif	1459	b9a5e7293b38f4b4d5b14d257ce5397c51c007fef4c4614f5cc5861618bb3681175929c152e0c6eee0e660e14e7dfbc9cfda82d1e09e24e34663e7cce4b58750	reproducible
adempiere.war	images/FindX16.gif	http-addressable-static	/adempiere/images/FindX16.gif	903	76ed1b429a6f2e65c90983a30559c91edb15cc53169db763929a43dabba1be7f23fece25add0c5619092b07501e134e747ac12a7a17728591a1822da38ab9f63	reproducible
adempiere.war	images/FindX24.gif	http-addressable-static	/adempiere/images/FindX24.gif	1459	b9a5e7293b38f4b4d5b14d257ce5397c51c007fef4c4614f5cc5861618bb3681175929c152e0c6eee0e660e14e7dfbc9cfda82d1e09e24e34663e7cce4b58750	reproducible
adempiere.war	images/First16.gif	http-addressable-static	/adempiere/images/First16.gif	636	e4267cdad2c6af541a7134e1523d60b73dbb4d11f0b0088da4b25fc20db1e1aace80c5e627f0ea0e6e03e326f8cd7fdb646938d26b37abdb9b08e94f716a5f1a	reproducible
adempiere.war	images/First24.gif	http-addressable-static	/adempiere/images/First24.gif	917	bd3010eb29f060441ff7cd7061e6e11101223c595a1abf5d834d68113c63b3932182b71f30d00d6fa22f769191f2a7bb3af085d89d681ae8470c83314e00830a	reproducible
adempiere.war	images/First24D.gif	http-addressable-static	/adempiere/images/First24D.gif	917	bd3010eb29f060441ff7cd7061e6e11101223c595a1abf5d834d68113c63b3932182b71f30d00d6fa22f769191f2a7bb3af085d89d681ae8470c83314e00830a	reproducible
adempiere.war	images/FirstD16.gif	http-addressable-static	/adempiere/images/FirstD16.gif	92	42f0c50159a1076cc107a7a0b8a6d553827b2afa58078b04e1db0e6465067f2eec3871220f4762700e595a065a6d4e28cf2b3e2930a006d3304b6530ab188b1e	reproducible
adempiere.war	images/FirstD24.gif	http-addressable-static	/adempiere/images/FirstD24.gif	140	89dd1a66277bdd8c502e4e691faa426be93be21294bf4c70d83b8706dd66b88991898f0e32b4731719d45e81dd547e44b553a831951fc7ee331a36eb70901b95	reproducible
adempiere.war	images/Folder16.gif	http-addressable-static	/adempiere/images/Folder16.gif	498	68bd84184325e25f019875801de345edb971c5c2b278bf42c9dac8222c3013c0d029fdac65ca4a9b3cf91ce470d6a865c3256617414abd2700561cefbd921393	reproducible
adempiere.war	images/Folder24.gif	http-addressable-static	/adempiere/images/Folder24.gif	800	817dfec25bf8bfa36ae8b9e7fadd2eac15088e3b294e0e162ae793c295d0e9cfc66cba9dec37fa26ece1ded6b9342a6e127f0b3d330a2e2432311b09064aee42	reproducible
adempiere.war	images/GetMail16.gif	http-addressable-static	/adempiere/images/GetMail16.gif	644	d999e690564bb9f2e288947122cd123fd03834d18f4caff71c732e618e9bd2513aeacf113a436ed78407d626bde150db2212056ea1e6641037e1868951d306f1	reproducible
adempiere.war	images/GetMail24.gif	http-addressable-static	/adempiere/images/GetMail24.gif	765	925170dcdcd8676043363c0a13bfdd469e1b01e31a4e9d13c328549cd9e0e4906814df722af11172ba3817879ccee3455b982dc14e94bab75c99834b679e41dc	reproducible
adempiere.war	images/Help16.gif	http-addressable-static	/adempiere/images/Help16.gif	932	0de85d95e50c8366a324dd8a85de6f44d1b0200fff1053523d76c9a9737dfbcb352a9e18f67cfc1dcac9e72a4bf5f9871404330b0c5e575f4b2415b70a9ce181	reproducible
adempiere.war	images/Help24.gif	http-addressable-static	/adempiere/images/Help24.gif	1359	e9141a6ef914046066538ca2c71628d96bdd10e777d1534e0df7480ff4cb2be4776d8c81eedada32fe3a698f746b29629b57bd8ef582e39b961cf8a1fec1fc28	reproducible
adempiere.war	images/History16.gif	http-addressable-static	/adempiere/images/History16.gif	970	49247f0a731a2816439b6e9104d1e92246abd90016e091258a5e0de52f7ef45ad9976b7a8454fc0f22967defae48574e78a89e5a89b080841131fba476818e8f	reproducible
adempiere.war	images/History24.gif	http-addressable-static	/adempiere/images/History24.gif	1484	356aa95f09a78fb2acafd0ec72e294b8aaa084b364899470b769536c7586eab9cea081f3193b8d0d72e37e8e328aff66ad980a5e229517553a3c7156db8b31ca	reproducible
adempiere.war	images/History24D.gif	http-addressable-static	/adempiere/images/History24D.gif	1484	356aa95f09a78fb2acafd0ec72e294b8aaa084b364899470b769536c7586eab9cea081f3193b8d0d72e37e8e328aff66ad980a5e229517553a3c7156db8b31ca	reproducible
adempiere.war	images/HistoryD16.gif	http-addressable-static	/adempiere/images/HistoryD16.gif	362	b240fd97b98d36f818c059d848152a95a830811bf0f0740a397a087059d251dfcdf13cd71a38e7ed98e21c9a2fd6088b10157722e5441d4fa9e55386945938c6	reproducible
adempiere.war	images/HistoryD24.gif	http-addressable-static	/adempiere/images/HistoryD24.gif	171	d500acb51cc25ea80a323d400c7279356a9569b89d01234eaaae7b82271cd13eea4ecef4d836a64b28f0f802309be5f172696a688243d48b4d0edc5efd700e02	reproducible
adempiere.war	images/HistoryX16.gif	http-addressable-static	/adempiere/images/HistoryX16.gif	970	49247f0a731a2816439b6e9104d1e92246abd90016e091258a5e0de52f7ef45ad9976b7a8454fc0f22967defae48574e78a89e5a89b080841131fba476818e8f	reproducible
adempiere.war	images/HistoryX24.gif	http-addressable-static	/adempiere/images/HistoryX24.gif	1484	356aa95f09a78fb2acafd0ec72e294b8aaa084b364899470b769536c7586eab9cea081f3193b8d0d72e37e8e328aff66ad980a5e229517553a3c7156db8b31ca	reproducible
adempiere.war	images/Home16.gif	http-addressable-static	/adempiere/images/Home16.gif	606	b0af98ed8c319af066c92a8e631709cb088ca5352dffae06857418f809df9f3aaa1139dd6319c6fa95a7d9137cd18700cc995e68024248d445c069dd0cc63d8f	reproducible
adempiere.war	images/Home24.gif	http-addressable-static	/adempiere/images/Home24.gif	920	23443f4b6a3bafeb51397217d1591cc2217452f0aae11593e6d2dd9989cfa433a79ecebb4d57c80d47381e5a3be423cb9754884f23792c4d7c0fd0e0a8e24dcb	reproducible
adempiere.war	images/Ignore16.gif	http-addressable-static	/adempiere/images/Ignore16.gif	650	7d02631b1bb1985a7f4b4f9971ce39066a84c721a673039bce5ab70f2e9685828df8479bca8d15e2db4de4457aebf3481b3c3962939a0c6a2b5c03ac9da4ade4	reproducible
adempiere.war	images/Ignore24.gif	http-addressable-static	/adempiere/images/Ignore24.gif	1011	85b7eab9955cba9cb2332571ce5068cb8b403efcc04a0f22b5234bfb612251757da5f59987f62ff98394be8aee3a7b5a066147f080cfe73ad479979580e79bff	reproducible
adempiere.war	images/ImageFactory$FolderIcon.class	class-or-library		1383	87dec64e73bba90338a67bbafa2ed027c3e41d27f3b04dfc03d6ee88f29ed1948d22af99053be385cbddec746ae9b048bb55dc7fb6c8b68e45ab33e3c7b84811	reproducible
adempiere.war	images/ImageFactory$FolderIcon16.class	class-or-library		2187	73c6663b217eae58642dadb311a2faefcd1a9a14d90e6ee5c361a1eb38f0c911f9150a776108c2589928d57dc95c303ecc9181e98ad318c792484a1b8e457005	reproducible
adempiere.war	images/ImageFactory$HomeIcon.class	class-or-library		1789	71b15ae643086d1aaccb735383911f1b10840e80d1cd54b6c6d93428e031ee1879323f8cbd9f2b729fd99f1dd01e519dc38819b6c312d97305cb54eb87f6c24d	reproducible
adempiere.war	images/ImageFactory.class	class-or-library		1856	93d79e07d514a771920592e93493d8b1b12a8781909994972a40ecedfae3185aa42b0e81a874e613c45223c25f3f77950152ea73133827e922e8553a5a5693a2	reproducible
adempiere.war	images/ImageFactory.java	http-addressable-unrecognized-extension		6980	764075c43b9d3ee582652014386d77c6c652bebb093f1299de116a945b3e74a94592cacec2d2597f78bd45c2dbb3c13f629c244942f37c80f22b08266369c550	reproducible
adempiere.war	images/Import16.gif	http-addressable-static	/adempiere/images/Import16.gif	701	f3a5ef190aa3a9d3274c3d25979c8d1e48f99985af325cb1d8c02e14402f166397f29f56868046b5810b41a58aa90508c677a746bf1012b542817af10a87859d	reproducible
adempiere.war	images/Import24.gif	http-addressable-static	/adempiere/images/Import24.gif	1098	85fae57a43ec6ccc1e20730f5386449f1503fc94400bb4a6ff7e1ec144290b3805ef4cdda2fb427651bd5ab1d51dcd94bf7baaf8b9bd83d00d38b3e0cb3ba03e	reproducible
adempiere.war	images/Info16.gif	http-addressable-static	/adempiere/images/Info16.gif	863	9e48d992310448e262414cac5446e69491f5c14b449456e48c0fcc038dda17d18dc1541cefe597699ce75350b7577302847167347bb5ecd7f361968b50c1d9f0	reproducible
adempiere.war	images/Info24.gif	http-addressable-static	/adempiere/images/Info24.gif	1204	4ea3eb93e60f1c18e8e3807075c4b9e70858763a363de8596a1825b93422b28cef73ad89c31d91cd5f9cafce6d07637910bd6e7cbca33fb5cd2d86b581f7bf95	reproducible
adempiere.war	images/InfoAccount16.gif	http-addressable-static	/adempiere/images/InfoAccount16.gif	572	0ed9ec408ee48cfa9223862ed5b6fa500dc330ccbd4f4d07c552f3fcba3c477fbcfb73fbc85d8406df59f5d1945870037ea0f29c04f47c4487c8c3ff466120f1	reproducible
adempiere.war	images/InfoAccount24.gif	http-addressable-static	/adempiere/images/InfoAccount24.gif	960	32cfd5936ee7b9febbaeb0cdb6224651421de93bbf38d8c54827bd5f2f0c4942c51d67e47bb85c67a369d96c29b38ff35fc548a15da4fc568ad0ab75ee4b8929	reproducible
adempiere.war	images/InfoBPartner16.gif	http-addressable-static	/adempiere/images/InfoBPartner16.gif	628	e6dc22e8456d761dcf8ba248d9e83c9fa1d2fa5682029211226e5e2e305f9130bb1cddd76392899b98bfc625fff18360dfce44fb3d70f51273dc155b4f02ee90	reproducible
adempiere.war	images/InfoBPartner24.gif	http-addressable-static	/adempiere/images/InfoBPartner24.gif	866	ada4a1ac78a66bd443efac46851723231cbb56c57dd48514a3d6ff184a4251a9eafc1fdfd3b320576b9337c8ebb03326927138e42e71da594a697b19175fe826	reproducible
adempiere.war	images/InfoProduct16.gif	http-addressable-static	/adempiere/images/InfoProduct16.gif	439	31a771e760a98cafcee09524f24c92705de98dd2bee182a34aa1038b8d4a3728faed3d835679fec4e77a9da086a151f1bdaa0bb3d1e8a5d6696b82bfcbc0b58f	reproducible
adempiere.war	images/InfoProduct24.gif	http-addressable-static	/adempiere/images/InfoProduct24.gif	693	a8cf9b26e5c9d796ca7246bfc0ad25fd599bb39734d72138d26b305d71d10065dcaffd94b050a0e796da519424c3c2abc69ecbc4c1063c7259a2325c9e57ddeb	reproducible
adempiere.war	images/InfoSchedule16.gif	http-addressable-static	/adempiere/images/InfoSchedule16.gif	897	3a56cb64c8de7f4dc0e5f154aa55b740d8f6d818ec859957874e84ab53caf91724c36246a531407f5e2a0fde86b961c84d18fb1d36637c6a250c13a7be2b61cb	reproducible
adempiere.war	images/InfoSchedule24.gif	http-addressable-static	/adempiere/images/InfoSchedule24.gif	1411	7acab5cc72361fb15a80d04550fbef460b5be720817f615aa3e72307bfd8a500ebea348d0aa326ab3965531004ef0fb44641f6c6a6192cb9cfd9dd0ef5b6d153	reproducible
adempiere.war	images/Inform32.gif	http-addressable-static	/adempiere/images/Inform32.gif	1910	d6d10fd4dde797c02bc95e71a837df41683592cd26227f02b97e041868995aeae88de374a3944f4b7b3ecbf48aeb1a67cbe8f6ef2f4042fcfcfb4fb42d5805f1	reproducible
adempiere.war	images/Italic16.gif	http-addressable-static	/adempiere/images/Italic16.gif	619	0e9461e8051aab49797bc1d36488e56a0af9b994f960bf1e5665636335755ef156d77d14a9a4cead1d3a90d8ad7b59d4ee39e175f69d1689c6b36e40d8c1cb0a	reproducible
adempiere.war	images/Java_anim.gif	http-addressable-static	/adempiere/images/Java_anim.gif	8630	6917a13fd78194e0d2b9efcaa0a3ba80daca077f91216d04ad808f13cf8c598e05d5bc0ac61c670842e973fca8a2b4e2a76634fdedae7eac1bb4787ab381d8d5	reproducible
adempiere.war	images/Last16.gif	http-addressable-static	/adempiere/images/Last16.gif	663	6b887c25f855656bc53269c7640524f2846185da7c928aae8a297566c45ec8c86dd3712f35304627d654b0b399cc05c498346edacf036149acf70ffce24de4aa	reproducible
adempiere.war	images/Last24.gif	http-addressable-static	/adempiere/images/Last24.gif	907	265dd58b94787963c8a43bdb87950181eb5a1aa49846daa51d7ff7f34e06030ce1923e8e0f8c5fb4fe0bae0ab5667db18ad79bd960526008b39b1c3657886915	reproducible
adempiere.war	images/Last24D.gif	http-addressable-static	/adempiere/images/Last24D.gif	907	265dd58b94787963c8a43bdb87950181eb5a1aa49846daa51d7ff7f34e06030ce1923e8e0f8c5fb4fe0bae0ab5667db18ad79bd960526008b39b1c3657886915	reproducible
adempiere.war	images/LastD16.gif	http-addressable-static	/adempiere/images/LastD16.gif	112	faa8d96bf101f7dd61a87ac2c88ac674d4d1e26be7e1ed18d9974c669d693dd765d6954efa7abcf2647ff735cd03cd94b287112b7690cea3f8671c0f201050c3	reproducible
adempiere.war	images/LastD24.gif	http-addressable-static	/adempiere/images/LastD24.gif	124	03ab620c00692050f5c2c93ad492b6d059dc3fecf9f668cc67c388f2eadfebe122be17b7d04a99a9396e350046955fe008105e99b82a1959edf5587e3b0ee8fb	reproducible
adempiere.war	images/Location10.gif	http-addressable-static	/adempiere/images/Location10.gif	162	d253488e9dffd16ddf02b91a5e0a42efa15e37a934d2ed706d5cb982179a733d3b94ab077702ab6113d881126753f4a11a9512f40738a140d71b64e8a791c4e7	reproducible
adempiere.war	images/Locator10.gif	http-addressable-static	/adempiere/images/Locator10.gif	174	4ea883dd4cc461670c9ad709e6a11162a1af1d78c977d1500d1ff2fbc62c803cb268d8532db6c24d4c7d1ff9d6d6c76225054569c2b238a6e6fcc86be71de727	reproducible
adempiere.war	images/Lock16.gif	http-addressable-static	/adempiere/images/Lock16.gif	731	b4fb87e35c6393422616f6f20cbfb7715b85db7c216c095924c8201f20c4019fc3e3eb73ac2ec20e0daf05ad0f5fda28f533986b800d069d8728f69276e67ca9	reproducible
adempiere.war	images/Lock24.gif	http-addressable-static	/adempiere/images/Lock24.gif	1041	3801d3f70d866ec3bdf43e7fd86955009d8c6909b254767f575de225af3e4b08f9b1ae8d4fb2ef5c1bee7da069f70cc0ae3643aef5f81aad5d2caf8d79f9e2e0	reproducible
adempiere.war	images/LockX16.gif	http-addressable-static	/adempiere/images/LockX16.gif	798	c0e325de64901000b0f2e6f3ca07bc022c3ab210cc1b9e96c0ed15cac22755ac982ef629d2c59cfef3b3a829e26f08532afeddb2a5d17f16067658ada94b9a0a	reproducible
adempiere.war	images/LockX24.gif	http-addressable-static	/adempiere/images/LockX24.gif	1232	edc2a5870f513bc813b60364833332d9f7384130898d817c2ac66637ed7c2eca429520396d48b574bd719853e9ba9d4aad10aa084e1a2a21f44ea0b5af4756d6	reproducible
adempiere.war	images/Logo.gif	http-addressable-static	/adempiere/images/Logo.gif	6545	9858ff42c80861d10a6239d88c216ad1130d6d7faf42a7ed7286146ce971ffac1fe8698fe1315f6eff9c975dcc24895b638f48e05305abfd40ae75be47082ef7	reproducible
adempiere.war	images/Menu16.gif	http-addressable-static	/adempiere/images/Menu16.gif	400	da5d3437056bb19c7a85e17044a05eadcd0fcf79d73bd20a3af61c8249b47a44a02b1462f5b2dac6a45c5e4e856cc690e263401756cedae39ccebf31c94fbb7e	reproducible
adempiere.war	images/Minus16.gif	http-addressable-static	/adempiere/images/Minus16.gif	247	573efa522774da629a6e4e138d3018448cc6afcf86427e5f065e2a9d745dc8e123a0a6c811fd920f75a0689dfea20c0e777c3548d39b8bc748f1c2ca8e78d70e	reproducible
adempiere.war	images/Minus24.gif	http-addressable-static	/adempiere/images/Minus24.gif	252	c22f205adef86ae74735f677f11983a5ce74edc6ecf2c427d3c0b3015ad371891e9ccbe4de3a757b365f5d879de2ddcb2c92a1ff31c31a7b4783d9fc484b3240	reproducible
adempiere.war	images/Multi16.gif	http-addressable-static	/adempiere/images/Multi16.gif	345	4473315040e136342bb4a9005cb2a3a905489c0f800adceddb35f05c1713acc706f64e8bc9a36c9c7cee0d272d8cbe6e70fa40be4d59d5803e42f811549394f8	reproducible
adempiere.war	images/Multi24.gif	http-addressable-static	/adempiere/images/Multi24.gif	892	e9ef4a563f9d2b779b94defbfd4bdc343481a6084bd6ec785e35d76fe1f7e392cb2ba8cafd91f8f6a12765e1f9fe4df83aee0b403fc19667d9e03ca05d327ebb	reproducible
adempiere.war	images/MultiX16.gif	http-addressable-static	/adempiere/images/MultiX16.gif	650	ed8f7120b7e146fb743fdb6877580a87f39f2bc991781616bdca8166262e8a62d2357884b26476c8f5f97ebefad165c7da5c6cf12a785063bc8d2f95564cce35	reproducible
adempiere.war	images/MultiX24.gif	http-addressable-static	/adempiere/images/MultiX24.gif	834	097356114ce081d1dcce66d3bcd7c842246f821faf7e186d7b337c8c6f44b55f73127b2ee91bd7f1d430b9104e3d6e561911d74f1797dafba985a5dc8837b417	reproducible
adempiere.war	images/New16.gif	http-addressable-static	/adempiere/images/New16.gif	477	46d103519101181b4a22bd708edf9a97ff2d558ead850ecaf89fbcd51f1b330e5d57ce664b4b8506e5fabb572cbee3ae289f9a048850246dfc54910ac4241166	reproducible
adempiere.war	images/New24.gif	http-addressable-static	/adempiere/images/New24.gif	692	cb099825acad6facae9b7c5228d501d010baeeb976a2384e899cca1c31f1b2c25f3bf7455c40dfd52bf6108e403aa24aab65ad38c3b2f7010619e9a7a8ce75d6	reproducible
adempiere.war	images/Next16.gif	http-addressable-static	/adempiere/images/Next16.gif	683	5c22216525a4f905f1972499297697a33c5070270aad71f96a4ef18c45d010389a13b2f545e11fcbc0e37636ba8edc5fe989db4bb42fecd6c65752f195f94e60	reproducible
adempiere.war	images/Next24.gif	http-addressable-static	/adempiere/images/Next24.gif	874	011030669891d5cf970e08d8b87b2d77d714b12ebb4657ae395fe5458a71cfbc851a27b49a6408c0e96ede28d4870ac6f362f57013cdbb2aabe2e3e0e73dfc69	reproducible
adempiere.war	images/Next24D.gif	http-addressable-static	/adempiere/images/Next24D.gif	874	011030669891d5cf970e08d8b87b2d77d714b12ebb4657ae395fe5458a71cfbc851a27b49a6408c0e96ede28d4870ac6f362f57013cdbb2aabe2e3e0e73dfc69	reproducible
adempiere.war	images/NextD16.gif	http-addressable-static	/adempiere/images/NextD16.gif	185	b8b08167b3030fbacc0789c02d66cd0edde0cf0e3638bb49667477af35b6d7f466620ff6a712e496962104d09f8ca50b6947be5684470c7e078d4938e2a69667	reproducible
adempiere.war	images/NextD24.gif	http-addressable-static	/adempiere/images/NextD24.gif	107	36bbfc00ba403e82f9a6d5d79131b6e693c953ec383d8c7ebd8852fba25f15d1b8b8813211c05a6e505e3b0be959fca9a0fe2deb797e41d2e885171ac6248ab1	reproducible
adempiere.war	images/Normal16.gif	http-addressable-static	/adempiere/images/Normal16.gif	541	a4d7970d939c2c19f48f45496f70a07baf446fd6360965105519daf144d14963e3ec78aa9286d93228e9c47c3475139a692882a9f302662abc8f8ea4a99dec82	reproducible
adempiere.war	images/Ok16.gif	http-addressable-static	/adempiere/images/Ok16.gif	626	f5fe8f5d80d47573024b635a6692ba12dc11ef61bfd46c60fb37bbcad38bac4466cfdd8783a9b0744a5cd94d4ec9620ae905b00908ccd01fc9ee9eb43d68b3b3	reproducible
adempiere.war	images/Ok24.gif	http-addressable-static	/adempiere/images/Ok24.gif	936	def0feb687a053ba4c67ea61f7c54ed1a64257a59da3621ff53491ec163345de1384b85f8dc539b751f60ad589dd74c965a19e5458da9b30f47cf9b82ed70a3f	reproducible
adempiere.war	images/Online10.gif	http-addressable-static	/adempiere/images/Online10.gif	496	6500dde6ca290414ba9c1523e9f57fc697492971329c9db7b09c9395c516051596bdc30965f80489bfb3e3ad8345f19810af72620eb6b607888b5dcc762f3c7d	reproducible
adempiere.war	images/Online16.gif	http-addressable-static	/adempiere/images/Online16.gif	864	142158225e0833494a98c74ab2df79ab1d60ad3aa99229b09a2dd2b230404073ff60a5d84f4c4bf6051261c688793a0aba3afac8940cdc05067f58bc2a48ebaa	reproducible
adempiere.war	images/Online24.gif	http-addressable-static	/adempiere/images/Online24.gif	1397	528e6a5ec23f7a082e5b73940f3b9211f3c93fc606a617a2382ad0e74100982a9ad5c2a99cecdafc9858ea970849af911e6f32ecb93ed75dde7de6a73b950d5a	reproducible
adempiere.war	images/Open16.gif	http-addressable-static	/adempiere/images/Open16.gif	523	651eeca0f3011f049d150b2cac0326bc22c96ac215a7533fb329f1acfedc448cbe1e6a4a5a4536a015ea1b69b3c64d6c3cbabf3eaf131528f91cc8fc109aae25	reproducible
adempiere.war	images/Open24.gif	http-addressable-static	/adempiere/images/Open24.gif	803	6979b2bad6e9980c1009f3406624a71a3414a227e7507be1babe12cd93af393091dbc3c12edc0c1c12241792fa28281edd678e0c0d27df8d0b78fe4895d7b439	reproducible
adempiere.war	images/PAttribute10.gif	http-addressable-static	/adempiere/images/PAttribute10.gif	373	7e2bf7add21076302f85b3ef4262c7f2bc21a7b09f7b85bbcdf8dc72f9375ada5a37828dd24464b1cad1b2d29c759409d8388a31b8f4d25a26be3352bfcf4a52	reproducible
adempiere.war	images/PAttribute16.gif	http-addressable-static	/adempiere/images/PAttribute16.gif	453	4105aa0b4ba30cb7eacac993301cf9284eaaeadacafec7e7d5122c24c1088257f730eb4adaff4113d261ea4d16cd88e054c24a55813cdcec7b8deba190addb65	reproducible
adempiere.war	images/PAttribute24.gif	http-addressable-static	/adempiere/images/PAttribute24.gif	737	978cbfe18c579bdfd1097fa1bb5cc509ebe626d51f359f8be47fb5f7c177e906481a1539e20b48b0ae2f60a92a2a9c284eae195b543789bc37bc76bc12305658	reproducible
adempiere.war	images/PageSetup16.gif	http-addressable-static	/adempiere/images/PageSetup16.gif	775	9a8bb5a7a12d146039b7b0556828270cc29ba00037fb8fa857f77f914b618fb19c1e0b170bde198eba1568487a91e409daa906a7512bf3d19c2481e42ca1de13	reproducible
adempiere.war	images/PageSetup24.gif	http-addressable-static	/adempiere/images/PageSetup24.gif	1241	d1cca15f3c21a8818163d6298371df596cfe9e22058ea152447355524f4fb3c0e5611856f2e0d59d20bd0bfdd51150c9fa7c16fec1d4f999de40be4b46df73fd	reproducible
adempiere.war	images/Parent16.gif	http-addressable-static	/adempiere/images/Parent16.gif	655	388b3fd664c63e88311ca55eed5ed61c43c23d00c3c42301eb54b9ce92a56b640bd0c1b0191c4bf8368ed5175a2bf8e51904fb5a947b51497c52513b7c959a1b	reproducible
adempiere.war	images/Parent24.gif	http-addressable-static	/adempiere/images/Parent24.gif	955	eb7e79c45a4dbc0673e2058688b3c1096a9fbe1d13c6a4eab2c8e9641ef04e00d58fbd22f4a88711c87440a7c2a3b8068ca3a15e0c21afcad137161e1868bceb	reproducible
adempiere.war	images/Payment16.gif	http-addressable-static	/adempiere/images/Payment16.gif	804	9941482e9c343ba9bacf194694e9254b55e3378fcd525bd3d55924e1c2d1fdfd1e8294f215259002c20a9d0a8034c0adaaf4c551c606ca5f3c1dbff3983eedf5	reproducible
adempiere.war	images/Payment24.gif	http-addressable-static	/adempiere/images/Payment24.gif	1347	ce85830a9e7d3248cf4a82f683328322966217197c14e910ad14c005b7a3aa6b36d9eef019ee9f47e5fcb7438a7269cc9c88f137d87ee8cf295cf6489d867279	reproducible
adempiere.war	images/PickOpen10.gif	http-addressable-static	/adempiere/images/PickOpen10.gif	460	0c67cd32e98df9967aadfd918dbe71d14cb435467a737d921e9af1bf395f15b7b87300631dbe5eca98b5e971796a91bf436e0d59fcb2b90f6988f074f1f3d88e	reproducible
adempiere.war	images/Plus16.gif	http-addressable-static	/adempiere/images/Plus16.gif	323	db05b696bd00dc562d2e02ac7c4e55a0906991378df161436e22ccb4ef122d51ad39c4df33b3cec89494a98b1b60febf61881b771414c37c1afaadea23687207	reproducible
adempiere.war	images/Plus24.gif	http-addressable-static	/adempiere/images/Plus24.gif	386	c99d5c0b58ed8b304b6779dfb9d9cb428e4e845ae86a451348c488fbaa9f0b41dd7202ae85849552f5c82609b1e4fe56ba9b0945ae03839596833d4e6429cabb	reproducible
adempiere.war	images/Preference16.gif	http-addressable-static	/adempiere/images/Preference16.gif	611	01f9e3565f198ea65b1334962f9903b865139372d6a5ce26251daddd22f763f5a0419f2f3d328207ef99b055a220b8ceadde3ecb89cf026dd3b1d235a45dea4b	reproducible
adempiere.war	images/Preference24.gif	http-addressable-static	/adempiere/images/Preference24.gif	1151	b5e6660ce39d4d14b861b059660a93c91b8e94fdbb9357b088d187fc89d6fedf364044f65e8651c31901f14847c0a771558980935ef3c76b10a66712ff63e413	reproducible
adempiere.war	images/Previous16.gif	http-addressable-static	/adempiere/images/Previous16.gif	652	da042f6c3137de224c1f23110abe2ecfcbfe004d864d0bef98cf76c92688ca88096291db240adc8aa54ea7a2c865317e0c55bdf36682cffa39d17d79421360a9	reproducible
adempiere.war	images/Previous24.gif	http-addressable-static	/adempiere/images/Previous24.gif	877	8bba21ab5d8e65c6f0eeab76afdff0aa76d07240e6e6087f2b2702ec816b35e9a2d2e3743713e02686caf0da6eea605c93a1a146168d8574feda92f7d979cae3	reproducible
adempiere.war	images/Previous24D.gif	http-addressable-static	/adempiere/images/Previous24D.gif	877	8bba21ab5d8e65c6f0eeab76afdff0aa76d07240e6e6087f2b2702ec816b35e9a2d2e3743713e02686caf0da6eea605c93a1a146168d8574feda92f7d979cae3	reproducible
adempiere.war	images/PreviousD16.gif	http-addressable-static	/adempiere/images/PreviousD16.gif	184	89f8f42c84531e31924a578fd6545a0c49290522c4575d5f34870237aa299b2052c25e506cc8ede1e76dd96d3fc807233135b06540c1c67eea59069eaa22475d	reproducible
adempiere.war	images/PreviousD24.gif	http-addressable-static	/adempiere/images/PreviousD24.gif	106	5b36ec0470021cec3ad91a714a21dd11c9d4300fae4e4f21acdbc54c1ae5110b69d56c5369a16d1eae27893f6be08720c72a679156bfe51640b138acc766e65a	reproducible
adempiere.war	images/Print16.gif	http-addressable-static	/adempiere/images/Print16.gif	544	a7bf7aab9c4bb3d04b376358c362ef2342ac8af4a28869e135c12cf808170faa9d59bea7eb67e566f71205b63f11bf1d34f6f2bc0a735b98869dd956e6644ad6	reproducible
adempiere.war	images/Print24.gif	http-addressable-static	/adempiere/images/Print24.gif	869	b76d824d71b70b5aed6b48d6e63bbf3a9e9ab551fc0d109049cc2e2524b843aaa1469fd69d07bc2ad6cea92f3d6bf63bbd2c6328bb375ba25cf5dc6265a6d51a	reproducible
adempiere.war	images/PrintScreen16.gif	http-addressable-static	/adempiere/images/PrintScreen16.gif	707	47a7d30636aab8f8331696ec55101b7be1bbf1e163dd135d323019979138bc38e5fc146f72ee9b57380c48dd5e8852d3f7de0b7cc8af86f1225b9734ef1895d7	reproducible
adempiere.war	images/PrintScreen24.gif	http-addressable-static	/adempiere/images/PrintScreen24.gif	968	1ec1cccac4c187ad8fd4ca44dc44a1ee3bdd478c789480c4e34e487a64ddc8408509deb4c5db7266b9fc224cb446bd2f122cf228ce97b2674c28bd79d49431a4	reproducible
adempiere.war	images/Process16.gif	http-addressable-static	/adempiere/images/Process16.gif	588	18a368392d402138bce2343c076b812f0f03209a8c9ceced7bf84d058c12527f2df5ab911bd123f4ea09b7d1bb724426e7b5e691658c716d81d06654585fc464	reproducible
adempiere.war	images/Process24.gif	http-addressable-static	/adempiere/images/Process24.gif	1488	787844d1a3c70d8ae3581c2abd1b942d92661f098d580a23142fcea0817ad674155ab5d32e02a782078f59f340815dfb2ff19f535b3cf903ce46d5391198c34d	reproducible
adempiere.war	images/Product10.gif	http-addressable-static	/adempiere/images/Product10.gif	347	ca687a7bbe407e2b869bb7c35993252b39aff363d7e1be83caa15872a00e5e965ae04a37774b49afec170f049654b723bdbfe7d99cddb2fa314cf25e7820e1da	reproducible
adempiere.war	images/Product16.gif	http-addressable-static	/adempiere/images/Product16.gif	439	31a771e760a98cafcee09524f24c92705de98dd2bee182a34aa1038b8d4a3728faed3d835679fec4e77a9da086a151f1bdaa0bb3d1e8a5d6696b82bfcbc0b58f	reproducible
adempiere.war	images/Product24.gif	http-addressable-static	/adempiere/images/Product24.gif	592	2475ba7312b6158a679955462035a58a5ca383cf6269d26541cfadadd56f3148cfa24fac3066ce0e86e5e81190fa16fd247f3aea86c59a5ca77c939e981f749c	reproducible
adempiere.war	images/Question32.gif	http-addressable-static	/adempiere/images/Question32.gif	1482	c4d9feeb942cfc21241b23589c2acc91eaa4fa2f3aa6090d9af3a7d8647965c9b416265d08230e24b5b2d9ab9589776564e03f12cb7fbea2f33d9a2f339900d9	reproducible
adempiere.war	images/Redo16.gif	http-addressable-static	/adempiere/images/Redo16.gif	591	a4fdecde8575f0f4373a820518a78263aad28a9a0a0e84c4e9fda948f98d2e59d76d595783e91a18d5fed7cb7395c7d53d38912b6bc7246c245f5a1b0430b720	reproducible
adempiere.war	images/Redo24.gif	http-addressable-static	/adempiere/images/Redo24.gif	810	157362d24fea1bb85ad962047b9c368c4de9b0b4091d41730c42e343cbf30e4edd61eb720f0c7fd2f349b9010454678a13118b9622357552c5cbe3e3856a6578	reproducible
adempiere.war	images/Refresh16.gif	http-addressable-static	/adempiere/images/Refresh16.gif	912	7c8044c405bd04c36589cfef6fda805dc25cfeafb0afa5a33d954f478cc6cdb71ae62f10c2b96f9a7b711984cddcc2e30d4c6916e935f68053fec2acc7a8f7bd	reproducible
adempiere.war	images/Refresh24.gif	http-addressable-static	/adempiere/images/Refresh24.gif	1364	11f90b0ba780d1a39e5373fee98bf9323da4f3e8475d22715c9f33a98e3c754cf7e4a07e67a233b5bda7750f16d8612010cb59d83cabf815731a543352760d18	reproducible
adempiere.war	images/Register16.gif	http-addressable-static	/adempiere/images/Register16.gif	506	7c05d5cbf73a330d967070e7fb73e048b8b8c465fa06507efa1884e89d1c8038db36ed3c98134644be3f612d67e3c318912a82714935ebe1cafef6ce60268680	reproducible
adempiere.war	images/Register24.gif	http-addressable-static	/adempiere/images/Register24.gif	853	43bfa5ee2beb24e173c31f500f8e80acffa9bd8b7603d69386f637db693d7d50d163e792576cb02a9ff31034b28ba78605d404de47524f018f818d6d6a386081	reproducible
adempiere.war	images/Report16.gif	http-addressable-static	/adempiere/images/Report16.gif	779	0778e673ac611606da243d56af0db33cc0d250f66755d1fd146583330cb08d9122dea707c5e092a5ba70434d85b9e65cf06a4dc60082c5570582ce391dd6ce85	reproducible
adempiere.war	images/Report24.gif	http-addressable-static	/adempiere/images/Report24.gif	1131	6d1f20acb5569e4f85b8cd4be4847b45d81098667fbb92a8407244507dfb3f8a1cc07af7d6fe02c78d52eb44337ce8c7e0caa1318447d0b2a9fc2f200682ed54	reproducible
adempiere.war	images/Request16.gif	http-addressable-static	/adempiere/images/Request16.gif	868	a50923a64a3b12d85d9754afcdb221b731d58be9d6a7b0373ea44d4fc3650659e159f710b6555aefcec4037ca7ff12e62cb9330287d17356b23b0e73158dea29	reproducible
adempiere.war	images/Request24.gif	http-addressable-static	/adempiere/images/Request24.gif	1320	bce8de20063f1b47b41c155b4f5920621e665e8f6e15ea764373483c7cb042b5e64ab43ec381bf7b745c7b9aa9892384db6a2ce0c4fe92dbb27ce7038e474b26	reproducible
adempiere.war	images/Reset16.gif	http-addressable-static	/adempiere/images/Reset16.gif	723	fb4d71acd5a55bf20c761621ffdf42bfa41d40b89ec41eff48a75839cf907a737be221900afb4606e09b1fa1cd0580bb842ad92ae8abf532b03ba3ea266ee172	reproducible
adempiere.war	images/Reset24.gif	http-addressable-static	/adempiere/images/Reset24.gif	1054	9101a863a1913fc73f48a11d8547bcb19b81b5832ec8b207a3c15bc5d9218a6eac7cdbfa180da69de8bee147c236eef77583a2768315416c1ba615ca4b178e6e	reproducible
adempiere.war	images/Save16.gif	http-addressable-static	/adempiere/images/Save16.gif	561	ccadeaa64f56bc6d6c920f29b164be62ff0ed34cb722a701585d0985ed00007cec5962eafd2d1a87d956055c076282b47525efeae85eecfa5dfb6b8654100c04	reproducible
adempiere.war	images/Save24.gif	http-addressable-static	/adempiere/images/Save24.gif	787	ed9c2fe402d79009c12494ffc2712adf89d5871a16b7e85fbfe75497d7c47a7a5655475c97d4f3e706b68e0ec2a62d9095189e03dd434438cd339e32e3ba9aac	reproducible
adempiere.war	images/ScreenShot16.gif	http-addressable-static	/adempiere/images/ScreenShot16.gif	772	4f2f189c80ee60d64576a2c8d48f5de14c2edb2b3795c7d3e8f8e90f32e1c1e124fca9f98818275eb319a9f8506e14d41ed27146aeb7be9b97c86a01ef4b0789	reproducible
adempiere.war	images/ScreenShot24.gif	http-addressable-static	/adempiere/images/ScreenShot24.gif	1261	ee2494548c2ac3f7a48de5310cf1beca8238df923bea9fbed9a2579b3b4a590e0341b6ddbf1e171c0518214b5bbb3dbcb2a6efaffdf2202822f0e18f1f443ed4	reproducible
adempiere.war	images/Script16.gif	http-addressable-static	/adempiere/images/Script16.gif	516	3c2b3f915c3a56ba480b2d1ad33a92aba3e492bc6df8efdb33a4ad47272c9fa5b1cf6a983cdf69c9e45e6c7988d5773227b10630862e46c17071af4ddf18193d	reproducible
adempiere.war	images/Script24.gif	http-addressable-static	/adempiere/images/Script24.gif	885	359da7d220b459c82c02a9f16d65d95f80ae6bf59514e9c5c7e139d86046a0a06926618b98f81530fda77e9e4d5b622471435f615131951559a6323d95e083c3	reproducible
adempiere.war	images/SendMail16.gif	http-addressable-static	/adempiere/images/SendMail16.gif	626	bf1c9b8ea8c54fd83a572157bade276a639e918ebcb8d4939d443b0afa1bac8c22cfe67203435e9eee4a3273adee9356a5e173c46a8cb13e1fba35793e333c84	reproducible
adempiere.war	images/SendMail24.gif	http-addressable-static	/adempiere/images/SendMail24.gif	942	5a9f67d42602f7855af7159a67aefa2d6c66f4b22c253c4a48a9ee6d9879f2e4bdbb5fa5e790c6ebcc2a307a5017fd2b2a0d103d22138a8ce35f3cfc47a9ace5	reproducible
adempiere.war	images/Server16.gif	http-addressable-static	/adempiere/images/Server16.gif	642	2c6403125f25e3a4c587a415a3bd3c822520d6a0afaad9a97f3427b47a8c06adeba6d96b3159c1ae62139252e06dd92aeb55c105c56a755f3cdea32baa6aab59	reproducible
adempiere.war	images/Server24.gif	http-addressable-static	/adempiere/images/Server24.gif	878	b308116f6aa3640a6cd96b991cb03fb62160f8f0aee87d3afb3828e82df724d468030168b59188801f69ad1d7010bb96d29c6a1d04c008cbe14c0ea073a6d4b0	reproducible
adempiere.war	images/Setup16.gif	http-addressable-static	/adempiere/images/Setup16.gif	964	e0c5abbde6cf113748461484f715d5c259e42f14254550fc20dc5525128ace8774ffcbbaef59cdf5e4a02b919756ce69e341c40d1eccaed29a22a4c213bd0e99	reproducible
adempiere.war	images/Setup24.gif	http-addressable-static	/adempiere/images/Setup24.gif	1464	c151e2d0d6ad4a4340b266429dc232bda50f813f2903fdaf8a26d0fcc8ba521d3efa51632d8b6d939b1cd8d3a7208903be089a2d49f814b99bd9394072dbc799	reproducible
adempiere.war	images/SpacerWF.gif	http-addressable-static	/adempiere/images/SpacerWF.gif	844	0821c1f1d1e5360d2dd3db27c503b246f9f22f19c3016407ab631f003fd1c533d8918b038fe291adc791f618d089608cc1c907d286c24e5293a2e4e73fa496ef	reproducible
adempiere.war	images/StepBack24.gif	http-addressable-static	/adempiere/images/StepBack24.gif	1048	6dfe1a361ae4bcc27e2fc601837f48d8a1a779255311cba0f372adbc58328fcc0cafb9d44653ad136d016908724b5a972a14192652102c318ca803d9ec8b1230	reproducible
adempiere.war	images/StepForward24.gif	http-addressable-static	/adempiere/images/StepForward24.gif	1124	6237a02abeab098081ba3fa4e12d73513da3c64e030ae396e781bee790afc6d5d223ad25b4b644db5e164a8cac63a4c14a1c6e9923d3e35864c6de18322dba72	reproducible
adempiere.war	images/Summary16.gif	http-addressable-static	/adempiere/images/Summary16.gif	561	29fc00110bf76d7d94d6997d56ec2b07542dd782f2147f2c56ac98c8662ba1fb5318ee98a0ef5a7b953a1b71d5061d3dde432a30f866fcf37d3085fb37278022	reproducible
adempiere.war	images/Summary24.gif	http-addressable-static	/adempiere/images/Summary24.gif	773	82d24f9eb47abb707c798991b641ade2d3ea498ea3c52934f50883e141e87ad6137b8da15f30d884f0fb0a8d64fd7d119a5f2a0bf2b577ee00bc5aeb200e03f8	reproducible
adempiere.war	images/Translate16.gif	http-addressable-static	/adempiere/images/Translate16.gif	567	f0c7e2f690d5f02a96043ce0c726f61b92530b4bb51c9d450f6e731b8bb628e57db68b2586a44239b23b02a17f2e12b97a0b338cc68facda500df9537e84a79e	reproducible
adempiere.war	images/Translate24.gif	http-addressable-static	/adempiere/images/Translate24.gif	1210	2929f3d7b438a723da2adf7c0698cec0a27b52a11d000b23947fc1fe5c5f69a4b42dd1b96a3dc0a7d23103c7b148d0dca402e3019b56ed2d412f39e0b8c70e18	reproducible
adempiere.war	images/Underline16.gif	http-addressable-static	/adempiere/images/Underline16.gif	673	eb76bbd5d2f238410a294756217bc92e2714b8fdc599d5408d4ef78fc0244dbed9f652e42710da22530ac10042ef3ac972fce6f94007bfeda017f75eebafeb5b	reproducible
adempiere.war	images/Undo16.gif	http-addressable-static	/adempiere/images/Undo16.gif	649	35f1854b3d23d850d3485136f32b69e69711de1de6d08ecb0b3778a8ba879e730820bee485a26d1d5914ffa1bf98d6b00ed40e8f104c8bbc94552fdd6eb7a822	reproducible
adempiere.war	images/Undo24.gif	http-addressable-static	/adempiere/images/Undo24.gif	999	15ba7b9ede21d45dc085fe5c6c8cf47244b6e90275c75b4d49e877d4579308bf4d90bf4384d667d611dba0e3e4f4f627fbfc427f044e763a213f6b97912a3f3b	reproducible
adempiere.war	images/VPreference16.gif	http-addressable-static	/adempiere/images/VPreference16.gif	757	87f43b0c59c0ce273f8a3973da29bb58089ef54eda3ffb70a0a106520899f55e470b04442d418f812577fa5f42d22638a53eedea2539599d4287a7278c1e6369	reproducible
adempiere.war	images/VPreference24.gif	http-addressable-static	/adempiere/images/VPreference24.gif	953	549988c1a04bc3bbfdc60c7b3dd12808d35668ba0a16b07f56deb9097963892226e119d65871e72774ed8ecb59f67f311eb7fc1e308d7f763d847cde611dc001	reproducible
adempiere.war	images/Warn32.gif	http-addressable-static	/adempiere/images/Warn32.gif	1377	500bdfa9a98f38d642b3b0fad57eb462de20b1479b9b0e2624b69f45ea954718bec37bcafb350981f3cd27e56f1ee7c5c85e85450f8e51f49a5791bf8dcab35e	reproducible
adempiere.war	images/WebImageFactory.java	http-addressable-unrecognized-extension		6990	18a5bdd6533b779776d836037bf5ea496d6d97191f783975487b4d2aeb62d73f1c20817ca18e6b93a714fb7e4c97b509cfa3de0a808335a8f3a5deb1dd2892cb	reproducible
adempiere.war	images/WinSize16.gif	http-addressable-static	/adempiere/images/WinSize16.gif	772	1c4d0ebc718fa5e928807a60c88580ba2d2a1d1fad260b4ad3ec3917fe30035163b25544ac3529c63a8e1381cdee2b03c2af4e628f048a0dae6d6e65bb430079	reproducible
adempiere.war	images/WinSize24.gif	http-addressable-static	/adempiere/images/WinSize24.gif	902	819dfc37bdf905029e8d9c856b9992938dc8b56c8bcefc99442658047d4d175eb66e315c1a00f6cd6af90762ec7ddb15e405005f098d9e0ea5ab9dfe346534f9	reproducible
adempiere.war	images/WorkFlow16.gif	http-addressable-static	/adempiere/images/WorkFlow16.gif	363	002b3f4f9769fccc2edfadcb46724ca4425487aedae0439d4a266edd5c046d706ef9b29cf02946edc99cb01320f76c51eb127ccbe5c8c7fe97517d0c2c556fbc	reproducible
adempiere.war	images/WorkFlow24.gif	http-addressable-static	/adempiere/images/WorkFlow24.gif	714	a5d25f05c95d2a9931869f2f38aad3702651377bc2e22d2e606d52e889d435819b2717ca87e31dbb605316432dfc5e4a44749cd56504ca6b6ac2568fba701f21	reproducible
adempiere.war	images/WorkFlow_16.gif	http-addressable-static	/adempiere/images/WorkFlow_16.gif	363	002b3f4f9769fccc2edfadcb46724ca4425487aedae0439d4a266edd5c046d706ef9b29cf02946edc99cb01320f76c51eb127ccbe5c8c7fe97517d0c2c556fbc	reproducible
adempiere.war	images/WorkFlow_24.gif	http-addressable-static	/adempiere/images/WorkFlow_24.gif	714	a5d25f05c95d2a9931869f2f38aad3702651377bc2e22d2e606d52e889d435819b2717ca87e31dbb605316432dfc5e4a44749cd56504ca6b6ac2568fba701f21	reproducible
adempiere.war	images/Zoom10.gif	http-addressable-static	/adempiere/images/Zoom10.gif	182	78651481bfd5b1469576d9b92b0c664a9b17c50fc83822dd79e94e14d96e2bd859a110190a8a9be514ee7b3527158ef44d6ea8bb3001d589aebff2c8ba5731e6	reproducible
adempiere.war	images/Zoom16.gif	http-addressable-static	/adempiere/images/Zoom16.gif	617	15ea88c15eeba93cf6b590ca9212f669698f2edd94477663ecefd8f70d30b4cd5cd773e73520c26aceb139f18975a8847cb3af47655271b3671fc452c8167e0e	reproducible
adempiere.war	images/Zoom24.gif	http-addressable-static	/adempiere/images/Zoom24.gif	1090	6124a036b1455e3a2c01dfe1e9e5816d4bbef69e39f23e5877d62ad3b937f0d6c4bb507e04cd0a47ed0ea619433c7b83b5c547482cd28c966bccb8de216a4057	reproducible
adempiere.war	images/ZoomAcross16.gif	http-addressable-static	/adempiere/images/ZoomAcross16.gif	900	0317de8108d86350858520c9ea3fedf60c414ee41551783ec1f063b8a63ea6db2546688e35bc32611e214c585e4cf36ffcf9fee3fc7a734e307e3e2a63745b47	reproducible
adempiere.war	images/ZoomAcross24.gif	http-addressable-static	/adempiere/images/ZoomAcross24.gif	1420	c5ad674b2c89b3bc0a6c0eefe3cea9284e085cc7f28b68a02d51d50f24eb78489e2c9404284e73e7830b9e9692a3c982c98985474373015455c4e3b26e23011f	reproducible
adempiere.war	images/active-bg.gif	http-addressable-static	/adempiere/images/active-bg.gif	89	172fec1fbcde67b3e5f0119f61a28c1a37aba3fabebcbec7620eca451513ae2f3ca6b9083793e28a408bcf40840eff00be4eb25fea48d5d6f5aafed1791701c2	reproducible
adempiere.war	images/dark-bg.gif	http-addressable-static	/adempiere/images/dark-bg.gif	85	7caad5bcdbf93a22ca3e1df30377ac91c941cc4f1a1e955cee63416fb190c71a1b0dee5cb3075f0351cc4748b58923def3e450192dfae178680f69b0f167c2e1	reproducible
adempiere.war	images/hover-bg.gif	http-addressable-static	/adempiere/images/hover-bg.gif	89	a647032eb27455418907267b7b3fbf71f4fe605a51c6824e751d7cc4f05807ae1baf92584e78403a135c68294253b2383ac608e428d20aca70c42cc446354681	reproducible
adempiere.war	images/mClosed.gif	http-addressable-static	/adempiere/images/mClosed.gif	498	68bd84184325e25f019875801de345edb971c5c2b278bf42c9dac8222c3013c0d029fdac65ca4a9b3cf91ce470d6a865c3256617414abd2700561cefbd921393	reproducible
adempiere.war	images/mDocAction.gif	http-addressable-static	/adempiere/images/mDocAction.gif	606	a201a0776e77421dc5aee3067c088d1fa080cfc07caf0e178af68d5e786578959b7851bf0855189481c02e4e0574ee5f897040081e1c61e027b55eab069b6d9a	reproducible
adempiere.war	images/mOpen.gif	http-addressable-static	/adempiere/images/mOpen.gif	523	651eeca0f3011f049d150b2cac0326bc22c96ac215a7533fb329f1acfedc448cbe1e6a4a5a4536a015ea1b69b3c64d6c3cbabf3eaf131528f91cc8fc109aae25	reproducible
adempiere.war	images/mProcess.gif	http-addressable-static	/adempiere/images/mProcess.gif	588	18a368392d402138bce2343c076b812f0f03209a8c9ceced7bf84d058c12527f2df5ab911bd123f4ea09b7d1bb724426e7b5e691658c716d81d06654585fc464	reproducible
adempiere.war	images/mReport.gif	http-addressable-static	/adempiere/images/mReport.gif	333	f19e63d6e2ea9808c782f6a651d8edf462f46fa609cfba0c3735b511a6466171a381dcde3edf04611d4580895c5cddef80bba9785e11e03c68d2b91565dba807	reproducible
adempiere.war	images/mSetVariable.gif	http-addressable-static	/adempiere/images/mSetVariable.gif	625	f5e02a720052f48344f7ccb43ac89dd4ade5ab080c7f84c34826ca2830d7265646c35efdeb21abce89a586398a8039ff9d52e52de3061d468376103a2e718ff4	reproducible
adempiere.war	images/mUserChoice.gif	http-addressable-static	/adempiere/images/mUserChoice.gif	648	f8675a21b12e8379ed633a6bd672a35a64b825984bb66a143238d80426480a3bf299958e019ea8bec9aeb85db4160c141e377ad6fa369a8f5e29220bf88be991	reproducible
adempiere.war	images/mWindow.gif	http-addressable-static	/adempiere/images/mWindow.gif	462	82b8aad4b426b165b61050aa3466e1cf0d506b450037e8a9dd5de081d814d8f4aacba482bf2723e9e13b8ea51123902d8bd01668b1499b325349dbd302a6d9d9	reproducible
adempiere.war	images/mWorkFlow.gif	http-addressable-static	/adempiere/images/mWorkFlow.gif	363	002b3f4f9769fccc2edfadcb46724ca4425487aedae0439d4a266edd5c046d706ef9b29cf02946edc99cb01320f76c51eb127ccbe5c8c7fe97517d0c2c556fbc	reproducible
adempiere.war	images/mWorkFlow_WF.gif	http-addressable-static	/adempiere/images/mWorkFlow_WF.gif	1200	f6d3282a49b4c67863ae7be47976e3056dd5397ea6e4b995d87af2b82da3c6b8cb73e9404502e592232483cba51fadf3db6a2086af31691d7c0c2ac6f683331e	reproducible
adempiere.war	images/mWorkbench.gif	http-addressable-static	/adempiere/images/mWorkbench.gif	765	f4658f0622a9429aaa9152ea330f49f892573e32f5959936e3a1f521972dd80ad263c5800d2ea7574bf6f9e42c7052088e5f774dd0e545ea846f7f6e0380c260	reproducible
adempiere.war	images/menuarrow.gif	http-addressable-static	/adempiere/images/menuarrow.gif	49	9b49c65b136f11a77075395284d25354cf52f2d8e34ad5ba63e7d6739397d6fa9e04e4c5e56cfd8f339e1b1f2dfcdab414b81bf86355dc726eede6de17b50b7d	reproducible
adempiere.war	images/menufly10.gif	http-addressable-static	/adempiere/images/menufly10.gif	186	49f06761cd52c1090a08a87db8704aabe2507851f4a7b528004dc97bb69f3fa246a2ba25227e52e2ec206041ec343b60fcf3596762f9d9c06c0927a6d2e26721	reproducible
adempiere.war	images/normal-bg.gif	http-addressable-static	/adempiere/images/normal-bg.gif	110	98ebda81c62452089a25145c3a2cab06755af814cec6a18b7ede22d429a4324d5d91e241d1453ef5f3041a6972280f319ea97bc26faa13c350b884e6d20c5328	reproducible
adempiere.war	images/rowhover-bg.gif	http-addressable-static	/adempiere/images/rowhover-bg.gif	110	83c373397401098eddf0d108723d58c4e8dca3724f94d4c43ff5dbf46c01aa002232dc5793d39cefad5851e0e2c94b3fc902006fd49e3a48a72858af5b0e98b7	reproducible
adempiere.war	images/status-bg.gif	http-addressable-static	/adempiere/images/status-bg.gif	116	9584bb019f2510b6ec54ea76ce6aee4daf3eec2e20a19c05770caab6b6237eba08d1a796789127808bc7dd875681fa70e7102ff3c3a5f5ec0fc23d76784df63f	reproducible
adempiere.war	images/tab-left-selected.gif	http-addressable-static	/adempiere/images/tab-left-selected.gif	1754	f10efd729b6adaaae977ad486d9ddada56dc2134d5245c07b6331155259f352e972e428edeb19e9fee95d2e13fafca8e2a5e314d2b41d397d17e1bd5f05236cf	reproducible
adempiere.war	images/tab-left.gif	http-addressable-static	/adempiere/images/tab-left.gif	1334	92ffee6b25c031eb3dbe168f2aa86577b29720d8bfb8a463ab59fc3f37176f7ae385eed2262f0583841ceb1a49b2ba79f0b296c5a0d404a1aea04ed4986ba80e	reproducible
adempiere.war	images/tab-right-selected.gif	http-addressable-static	/adempiere/images/tab-right-selected.gif	5256	538729cdaed0f4d8e44dd3967b8f85d0baea72e4dfe015a0041ce23e50fef5f2639fd32a02c247c5f0c30b355e9b12cae47f4e29a850bee89681bb51a30fe353	reproducible
adempiere.war	images/tab-right.gif	http-addressable-static	/adempiere/images/tab-right.gif	3998	d1d984c235b056ca209bd6940a0f5fe19ab566b03c07c0995d20b008346d7ae138152d2b0cf2429ccdc95cd888ad89b2ccf6c0be50ba7a6c4e0e50fec99cacd6	reproducible
adempiere.war	images/title-bg.gif	http-addressable-static	/adempiere/images/title-bg.gif	116	5cff50164882d0554b92eb8c1f92a055f0e721c63118812cafa86dbabe39307a359e9b8b1d99e8de83ce229250a8ce1408f37bca959fbc5185f8a0c0da04f7e1	reproducible
adempiere.war	images/today-bg.gif	http-addressable-static	/adempiere/images/today-bg.gif	1122	356d9598dfc7b1dba32ef15a2ea445d8e3f3cb791af03d934b7c53cead159da41ac460d299ce937ab25978023c50cbcc1b304ae9266cd40ac8b45cb5d1cea851	reproducible
adempiere.war	images/vPreference10.gif	http-addressable-static	/adempiere/images/vPreference10.gif	357	3f69fa37921503b4c9b62f238c2735741adc4b7d720286a5aec578010b6b1e2ac6d122cc386a086dd17477359995bbf655c193ba42ebadf0e79beb4a859e3a64	reproducible
adempiere.war	images/wfBack24.gif	http-addressable-static	/adempiere/images/wfBack24.gif	955	eb7e79c45a4dbc0673e2058688b3c1096a9fbe1d13c6a4eab2c8e9641ef04e00d58fbd22f4a88711c87440a7c2a3b8068ca3a15e0c21afcad137161e1868bceb	reproducible
adempiere.war	images/wfEnd24.gif	http-addressable-static	/adempiere/images/wfEnd24.gif	940	611fab39dadaa96d0aff292bafbc1c18810ea7b2e9bed1cd940a57574a9773b9db8f55d5382d4d0eba4da8428008b34ffef40c479e424b6debc4d93eae813164	reproducible
adempiere.war	images/wfNext24.gif	http-addressable-static	/adempiere/images/wfNext24.gif	930	4c482468cb601f473fb606cce3deba058cba8a17a20d1bea61c7881c429976427d09117a0c758ffe9ad3cb9e0d563e04855b3a341b937b9bbeced84bbea2db09	reproducible
adempiere.war	images/wfStart24.gif	http-addressable-static	/adempiere/images/wfStart24.gif	962	ea908ef54ad198ecc8421bdc972f401fe9d5d0ffa6e409b759dc3587d875d04173ff4ef8ea437433352e60a8f4e566f693d3fc903a275c7fe3a4333140705dd0	reproducible
adempiere.war	images/zip.gif	http-addressable-static	/adempiere/images/zip.gif	695	4ffb255cefc26afe314cd24252c60a2d979a6dea9002a10d255ec799a30bd0e3218aeabd7b4782dd82f16f0920df0642c323a2745362182db9cfd11dbafa576c	reproducible
adempiere.war	index.html	http-addressable-static	/adempiere/index.html	1205	e274091ecd2db152679e46f792e12dcefe3d62b9294751ce9ca2de070128b8ab90d8248f351c38df6ce8ccfbf6b3c7384f5cd72e9a2b35eb96707ce9a3095e05	reproducible
adempiere.war	js/calendar-setup.js	http-addressable-static	/adempiere/js/calendar-setup.js	9052	8c543d6c2dba62404b6ab5d2155d1de522d6c3a9c1fdbe230c000d98fb0f6cf7f5626d6587774ac8992c3372ddaf25c74cbfae5718dc617caad8f4886922893a	reproducible
adempiere.war	js/calendar.js	http-addressable-static	/adempiere/js/calendar.js	51042	208eb3f9a0336bcc07166c8aedbf7a51157786757085fe0f3d37a007bc5df834d4b75538cd15c1e335c161fd49d7396a49011bae830aaf2254b623a5368e1347	reproducible
adempiere.war	js/menu.js	http-addressable-static	/adempiere/js/menu.js	3717	502f25436736c714aa7e91da5569c568727356107816dc928757c2b94200d48fc2089cfa82a750f09669ef343a7449606c700e356ff09f85d2a72604c4b1c618	reproducible
adempiere.war	js/mktree.js	http-addressable-static	/adempiere/js/mktree.js	5199	8f72d0c363694c72061d33480a31d048d8610eefeea49571465856d9768d4994577b2b864fe248218973c4292aa248f5c7150bcaad608a5535060e4625b0d019	reproducible
adempiere.war	js/standard.js	http-addressable-static	/adempiere/js/standard.js	10951	915d3b2c4a8a8a20e74eeec8b56bc83f56ecedea4c653db1a4172101532027a57f58d390c20001ebf7d0821b2370caee96048f783c90b4519371a3ccf2a0c88d	reproducible
adempiere.war	js/table.js	http-addressable-static	/adempiere/js/table.js	32117	95114be1da129db5d332a976526e692c0b1c5d8ae9c7272a086de1ffb97edfade42891e1e037d4c037406d1b8a8c91df3c5c66a1a246eb3261bfbefe78ad81cb	reproducible
adempiere.war	js/window.js	http-addressable-static	/adempiere/js/window.js	16829	de0e039be308deb2cc921b30ce73b9107acb3ab29ecc220e378e09848a8286be269d26493a81e4b49c71ec8b071244cbbf766fbd9dd6d5867e3a0ed0444461fe	reproducible
adempiere.war	lang/calendar-en.js	http-addressable-static	/adempiere/lang/calendar-en.js	3600	e2ea61ecfbf1b3c9d6d0868da6041b0b9295ac7e23bcd61d1955e086ef6f5ca4c30bbbd7f78a1d61b69eb09d79f158e5ed5a08625154a2b304a6c87a5490a53e	reproducible
adempiere.war	menu.html	http-addressable-static	/adempiere/menu.html	296	64c1c96cb7470632e98afd495adfc0fa7c807f1091d84e19f02dea8e6886b96356e0f4535651327408803c33bb6c00bb5a93309fca9fd2f988fa235ca85c5032	reproducible
adempiere.war	popup.html	http-addressable-static	/adempiere/popup.html	232	64bdc03707f6c5ac984d0cb93d36d3975dfbf6f865ecfe29d4f5d5e63057f497782b1cd8cabdb7312468a1307f7056cb9e18deaaa93d7671903ed2cb2d5ad9b6	reproducible
adempiere.war	robots.txt	http-addressable-static	/adempiere/robots.txt	28	7a2ad94ef9c21d5be17411a07d99dbca9c784623c84bcc9f66c000caed330bf4b984fd55c57b21cfc6da509d6fa875a35d22e6efcbdc7b1fb3125a266784c534	reproducible
adempiere.war	window.html	http-addressable-static	/adempiere/window.html	1147	01f8e955f00e0c7552f99175df1db48174bc05886b669876dca7d8f40a088e9ad8b481ac104d7383e9e77c70f574bb76522dd1d41276b2858312f5a29a814e00	reproducible
adempiere.war	window_files/colorschememapping.xml	server-side-template		314	8d2e00954422f124cb1a7b969a728b3a6c9fb11c44623c1cda33f2364e1c7cb101f6bf6c980e5f26368594f6ceced5c3d5e5a43327387554567bcdb5f1036740	reproducible
adempiere.war	window_files/filelist.xml	server-side-template		209	8178d76e945da5a7ff1202545e6ae462ff25ce82d572ca70981476d06e7e6b3e9350bd16e48f0a721521bad38a82b7e51650325520adbf6d7e7c2e833d8511dd	reproducible
adempiere.war	window_files/themedata.thmx	http-addressable-unrecognized-extension		3081	f45291fe935ac7640b7c2cecafbd31c394a53c0e35f5efbbb7f25489980c334f3d59d30b64423a90b0da952941b77b568c9fcfac5106d49199412281c768200e	reproducible
adempiere.war	wstore.js	http-addressable-static	/adempiere/wstore.js	11860	6ded986bbab0932c1c9285c95c21b2eb32bd8a5d890e706aa623d5e0004e01654ef6901bed14afb269d8fb564b4917bf36c973adf82c9cd0c5178094ceb3a974	reproducible
admin.war	AdemPiere150x50.gif	http-addressable-static	/admin/AdemPiere150x50.gif	2603	9110399c3e541fa701dc9b2ad9b7381fecfd3149acf9649c7c7ba251df12dcdab5097025ee09bee0418009b957f5f2ff81ae077d71a80da77ba05aab986502ea	reproducible
admin.war	Adempiere120x60.gif	http-addressable-static	/admin/Adempiere120x60.gif	2025	b83bb63e0daa3f262b97d4913acf8a85b6d7082a790cfdaa61a23227b3a1dc1416bd910ea19c7aa64991ef592791e20751968ecfbd6170a18a453ecf8324032d	reproducible
admin.war	Background.gif	http-addressable-static	/admin/Background.gif	2301	182127a8a7c5b0d4555290f79ef8cfa910ce06dbe927891d4892b928f274cf1bc192ab0f949196850adf7b6ace19a3a2e4f38d4c8bf8550d1757f61582341b7b	reproducible
admin.war	C32.gif	http-addressable-static	/admin/C32.gif	2213	c4601d820d6a530ba6a64ac3724a2d52472f2223d46c8f8bd9ee12c30c764a59ff8e5b16f7b106d2019c97428eb0bbd6eff2eece1dcc1b49fa7c12994698f8a8	reproducible
admin.war	Logo.gif	http-addressable-static	/admin/Logo.gif	3372	fd468ca5116a82486970e20930c29b98e38acba4eb4654fd0917edc96cb590396c69054bb1d749a182fc71e82388ac1bffe546120eaa24d98748014af01fc766	reproducible
admin.war	META-INF/MANIFEST.MF	protected-not-addressable		534	539bf055e090e3bfb914b3a3f4ebf960a781beb603a0c6bfbb3d29680168b99f9aeaa5853bb8a91bb5e838662d28996111ea782ac42a6f5bdce2b7f0bc06d7fb	reproducible
admin.war	WEB-INF/lib/jardiff.jar	class-or-library		12129	afd91309a195186f2fe9d4f1a1c5631f2209de18fb5d78757538491f540e6f7663e3e8e5dd1c8ff0ad3cf255109dd744e918d8865f99b8adba9a0d3d8665142d	reproducible
admin.war	WEB-INF/lib/jnlp-servlet.jar	class-or-library		59078	0808b9b2268e093fd8a88dcb3df93c58c01902a1555b0f4a4e7c5e595b0af7bd9b8d8130d5c3d6b5e112410e629f987b53d0db07c664e489600dd31fbde54e9a	reproducible
admin.war	WEB-INF/web.xml	protected-not-addressable		3191	0660a0d8407a8d6a7fc0382adcc0fa5127b29a9d2eb7908acd860739947097ef12ee10f15d9161a46be9d5e9ef1e34db01ebbf4ba29a661669d4cddfa8e8636f	reproducible
admin.war	adempiere.html	http-addressable-static	/admin/adempiere.html	7381	2d53a02420fec32accc7db63d46a8fa3cb4ed1db546b1845f20d97903680b626e8a9c9742a6226fc5c4ee01c46f3e498b3325c859d4e5280a7c60f700a292e5e	reproducible
admin.war	adempiere.jnlp	http-addressable-static	/admin/adempiere.jnlp	1285	e50a2700af3689dfbf38a09c3b3f8352e06502e8c8d0addbaa5b74ef3946cc68fe2e9af42cd8b8445a73ccc855c3f1e1bbc7100c2a0252703e2d3e498d3d3e90	not-reproducible-installation-configured
admin.war	adempiereHome/Adempiere.jar	http-addressable-unrecognized-extension		14575116	100343c6cdbbf119c40a2c5aab6268191ad33006087df1866e53c6f4d77059345e4584010176cbf54c09804e52d32f54875904cc5435712cfef78e3245d8b0a5	not-reproducible-code-signed
admin.war	adempiereHome/AdempiereCLib.jar	http-addressable-unrecognized-extension		74995240	f3f5a931fa07e0abd83dd81bc1ffd1305af50e4911eb3ea0a9837f306b54e11ca07ab1cf864e8ac363125b0fb0f70c42880c4bfe0b9293a44d6efcb5912443fd	not-reproducible-code-signed
admin.war	adempiereHome/AdempiereClient.zip	http-addressable-unrecognized-extension		94030156	ea12f60065f75dc2bec290e70a56bd45fc5cefd8e80d08ff85f14ec2e8b0c0d0a07b738bfce000f5e69349599bebfd2e72b2a0f146ffde10298e192c88731f05	not-reproducible-code-signed
admin.war	adempiereHome/CompiereJasperReqs.jar	http-addressable-unrecognized-extension		16135554	5787408d4b246b8b7a637eefcd37a4721b2a84720a26db0b637ba44ddc1651a58d834ede5ab42257ad552c9546e89eaa90fbbfe6948fe12f4c71de0e414cf70c	not-reproducible-code-signed
admin.war	adempiereHome/adempiereDirect.jnlp	http-addressable-static	/admin/adempiereHome/adempiereDirect.jnlp	2025	72e04b9f605154edc681e0e2d0fd813dccc84e983a792698c24ac4a868c995ef288d40e8a9d205e28a105836220c88276e4aa73937062fe5bddf725e4d01e4dc	not-reproducible-installation-configured
admin.war	adempiereHome/index.html	http-addressable-static	/admin/adempiereHome/index.html	13	543d9d8aabab196fcd890e6eb240e5a1bb4076ab37dc70bdbe9f053311af8b49e76d7b045927387f94302f4126e5af63d5c3e9a733e42d376bc5668a3032f664	reproducible
admin.war	adempiere_logo.gif	http-addressable-static	/admin/adempiere_logo.gif	7475	949e783ae468be020ffd0fafa83e8b371eb672f28d0252ce1b4aff2b28fc2d8e419bdc7b63d9a86f8f1edd49ed4df3bcb81acb177a6e159afe4ea0a6e4f7fd96	reproducible
admin.war	adempiere_logo.png	http-addressable-static	/admin/adempiere_logo.png	2176	4d2ee38a62bebcf5492b6d899f2a6a1806cfbc02c7bcab708afd0db4a352f4a26bab66270425705e236378ab1935158b55c58546686d7b8b3985d1a95505c987	reproducible
admin.war	adempiere_logo2.gif	http-addressable-static	/admin/adempiere_logo2.gif	7475	949e783ae468be020ffd0fafa83e8b371eb672f28d0252ce1b4aff2b28fc2d8e419bdc7b63d9a86f8f1edd49ed4df3bcb81acb177a6e159afe4ea0a6e4f7fd96	reproducible
admin.war	adempiere_logo3.png	http-addressable-static	/admin/adempiere_logo3.png	5712	5c5fa13ec3d80bf94ce7b3e9f51da032b7f4ce60e9fda641e4db6b80b1421deb538a5247eb527392c3c2bb1cdb41e9820502c86e3eb4437f57404c23bdc73537	reproducible
admin.war	applet.html	http-addressable-static	/admin/applet.html	3168	7c48185cd591aff4d74544b861187c389b28676667046a11c386be713be58c0e981b1c33a0ebbe8956c3c7f9c701644224bd10c5718670fe4ef6b38b2063e400	reproducible
admin.war	error.html	http-addressable-static	/admin/error.html	509	cd48f30c8422a3b9acfc599056d4ddd37e7ceda70c4f834963f725d504aa9f512ad8b52c65009ae09427039460b7e3303cfdbbba59d099ab2c9890cca8f0c61d	reproducible
admin.war	favicon.ico	http-addressable-static	/admin/favicon.ico	4286	9c70ffa35620fbcc2d989e142284924dd243b276d06ed7251522d4c995bd6572fa1c4f56edd823203535eded6a70f4fbba31f6d45072f7e1a0bfe17aee7614c7	reproducible
admin.war	footer_bar.gif	http-addressable-static	/admin/footer_bar.gif	470	ba2ffb1e989b3e9c47a010e1f16e7e72be7dfcca26b45b97d584add236a7bb2c62110208dcc2f9fd6bfcbd8d040b13d7dfa7edb6267fda23b43fe0a95d103e7a	reproducible
admin.war	header_banner.jpg	http-addressable-static	/admin/header_banner.jpg	16220	a8bd40e12ebd37ebe3e5a2551e78a9b3da2da2064aa053352fd76097a5fb6638946644eb84b0fd3cf5db16a9d5ff78c10df565db1417801c9d72fa6811e94aa7	reproducible
admin.war	header_banner.png	http-addressable-static	/admin/header_banner.png	8852	cb835d8b561b90d826c9214f8a5bce08798ca0a0e713c209767af9a9297a5e8874e92cc725e07ffa1184dfae6bd126730370b3a4652bfe36cedf8bbe58d6eb71	reproducible
admin.war	header_bar.jpg	http-addressable-static	/admin/header_bar.jpg	1728	4ee7ff2be0c29ab2771f2530fb682ec8dc99776a5fece809b19abf751526e3ca8b6457af67c129a7e01e3c1de12200fb157695e4f570422c30c8e5e8c38f64f7	reproducible
admin.war	index.html	http-addressable-static	/admin/index.html	392	4a8b7685bd920139b5b932adf93208658f48129b709fb9933a4185eeaa55081701132b0bfe0fff893aeb5eea941bb4722f43fa16dde8c8c4240d3faddd7d6827	reproducible
admin.war	robots.txt	http-addressable-static	/admin/robots.txt	74	c1995bfbf8a72d9eee9905c86316a12f06c943606b28a1328ba660bfb9f963448ed8cc22e699fbbd92ea1947724d4914548d1c9a2cb05bad52d3be8e3de16015	reproducible
admin.war	standard.css	http-addressable-static	/admin/standard.css	2384	444bc4bab0682f04c02843cfc382429f8e0481d734772b0d31cdbd6d05d0e1062be2e0184554213195cdd0efb9debf3d38c7c7acd52c67db95257707ee77d5d5	reproducible
admin.war	webstart.jpg	http-addressable-static	/admin/webstart.jpg	7477	140a8d661a48e888fca3058b53700c849db878cf1ca65ad7d88716156d4da11b1fb1e546cf27e63fbfb8b155afc123ffb8cb9824f2cd4e1cfeeba5fe7e148ae8	reproducible
admin.war	webstart_s.jpg	http-addressable-static	/admin/webstart_s.jpg	1750	6f0e7f81580c864fa190501ba8c39e57953b37851a9d05e0ee13525ed079a0daef60001b805f193c118f3db729ee71962e2819bd08f92a37737033730d102460	reproducible
admin.war	zip.gif	http-addressable-static	/admin/zip.gif	1305	4610c5fb33a9002646a62467a6a68db3959e7ee3bbb174b17ad32bf8471fd3eafbf82161008defce49b44848eea5b5c0947140b90f2968f342df4da994039de0	reproducible
mobile.war	META-INF/MANIFEST.MF	protected-not-addressable		105	8ff5fc46ef5794d35d5b9ac631ddd5283e40cb60081b3af21b25e94c5aad3d841cf6594f41d876bb44ec38fe7082f15b63ee0992b4456ff98ea4a11213b87d5e	reproducible
mobile.war	WEB-INF/classes/org/compiere/mobile/LoginDynUpdate.class	class-or-library		8747	867e9ebf37cab1fad2421d59a9368ef635ff06e6eabee767cd4e01b6bcfd6834d6300f447c8007b0b2e8e39ecc3d83166c4b0bad011f66161ef4e2674134d7fb	reproducible
mobile.war	WEB-INF/classes/org/compiere/mobile/MobileDoc.class	class-or-library		5136	abf36662d864b5c6b78c873f46f2bbfb77c19f63963872332b03d8cca7c77f63dd69fce232e0d1bbc59e54db20d81bcb1da007c7937477eaabbdce31d4eb1fcb	reproducible
mobile.war	WEB-INF/classes/org/compiere/mobile/MobileEnv.class	class-or-library		20302	d3ed661c5cc9185c78b0b633e71f9714b586a300006dd85eee77dcdfa84eabddb3170ecb3c974fee530379bcdd2abc85beb962cc060c53306e66b5d885cfb6cf	reproducible
mobile.war	WEB-INF/classes/org/compiere/mobile/MobileSessionCtx.class	class-or-library		11080	d69d5b60702ffafc40bffbc7629cc2746692072ad187db7329244228a146353a95bd260442f192acf4a4c00be180b982490eb95f3eb1ea1ebdfa3954514710c6	reproducible
mobile.war	WEB-INF/classes/org/compiere/mobile/MobileUtil.class	class-or-library		31095	f47ae779febf7951200a1bc9ddcbbdf4f133ef18d3860f7bce1f75582f2842ecb4cbaeda30690e1362c31f3329121359606e458655254ad71767168c2194ebeb	reproducible
mobile.war	WEB-INF/classes/org/compiere/mobile/WError.class	class-or-library		2001	46d8ae069f544fe0cc9325e31a9e3b4bc5548a9166842b896081836c7f5e35ac5144da8c26f415296a3d55da8f6ca36b99bc55535add34e375932e56d9508294	reproducible
mobile.war	WEB-INF/classes/org/compiere/mobile/WFieldUpdate.class	class-or-library		9694	6e61cc4c5f060bb3029bbab0913946298c06f583fa859adde6c2b5c7825efb6d7a34b9724124b49cdfea67f9bbfc293950390ab0cee141de4f51b9770dd5bea5	reproducible
mobile.war	WEB-INF/classes/org/compiere/mobile/WFilter.class	class-or-library		5465	20f4a313404183da006ff23a3ed6d6708ca8bc137671d5a5dff69a0a928137f986c3afd4c161f8c9429e37c6fffcd6f4fad67ecf5f74018306d63514f0e2259b	reproducible
mobile.war	WEB-INF/classes/org/compiere/mobile/WFindAdv.class	class-or-library		12342	37af527b4e4ece77a7e63b9c59f7cb310aeabe71b25c07abdc2cae0034e1172cb1a636d42f34626e25f7c659c772f3fd9e51f8cd1b22399f01ed9a0aa9a492da	reproducible
mobile.war	WEB-INF/classes/org/compiere/mobile/WForm.class	class-or-library		1714	c27a18cdcaaa6d1733e915ed78413f837ea9b99cfd1b4209e4784b7d793df5c0e2eeddd13b1e20f249f5d28c34183f5b9bf1a25f620b96b11f5d3ad8785d1857	reproducible
mobile.war	WEB-INF/classes/org/compiere/mobile/WHelp.class	class-or-library		2134	f85473ea84c2afc707732d561b6203f2f37baafa12d5a67303bda80b06fa53dde590931fb868fd18eae8f3d301e0dcc7e59f210001c8ee6daa44435ae173ae4a	reproducible
mobile.war	WEB-INF/classes/org/compiere/mobile/WLocation.class	class-or-library		14695	53b84054d07d58c9277a301436eafff26316b81e9d6be0ddb85e967f548d368bf1308cde00d3b2816e42ac2b1f2cf3db14d2af0fcad28c7059ad17f5a3e4d54e	reproducible
mobile.war	WEB-INF/classes/org/compiere/mobile/WLogin.class	class-or-library		20147	a334a2963635aa15034982ed146870b5964199d40c88efe06e0e3c0c7bc4cc14f2a6d1ee3b464b4b4636ead13572a0aceeb1d3293849ef1472c884a961dd894c	reproducible
mobile.war	WEB-INF/classes/org/compiere/mobile/WLookup.class	class-or-library		17662	aea15fee7c5c780ff35d3ba8327ec85d5e0dfce2ba282a3f9d316fb390ef7ccc127bb730909345f6f6a835c81b2716057682f413ec1ab1ddc70d244d125f0016	reproducible
mobile.war	WEB-INF/classes/org/compiere/mobile/WMenu.class	class-or-library		10744	8aa054a62187738dea5f124db9d01b191582af96efc4892cf86568e312f7ab7a3afcfff87affe377888563e1d82ff3e0950d6e56b0d5be7232f89aafbd594a5e	reproducible
mobile.war	WEB-INF/classes/org/compiere/mobile/WProcess.class	class-or-library		26439	ebf2fc96a083d1141efa4bb8aff2a6ddec64bc8f498a2bf5c51e44be7867d9958b0a46fb613092fbe91d05a413a2e9d8815d7def07994562e6dca7e66bc1c9f7	reproducible
mobile.war	WEB-INF/classes/org/compiere/mobile/WProcessCtl.class	class-or-library		10925	8b78fb0161aa17720f523638e8165c21e5581ec47fe249cd592c6daecf271aa1644b7da1c2a5fcadcbfe7bab3e254d81dc394e6ce0050b0703eae56735d2a4b2	reproducible
mobile.war	WEB-INF/classes/org/compiere/mobile/WReport.class	class-or-library		10734	a9ed31eec068332676ec508d66fca14cd204ba6d235c48602ced3a1e26c88caabf7e369d854ec1cff90783293a69e72d5fdc547c4d8f81bb110e4e7b6d5b98c2	reproducible
mobile.war	WEB-INF/classes/org/compiere/mobile/WStart.class	class-or-library		1444	72d59509ccc0ea6a2e5e3aa7feae0c9d851ec38c77b2630910714a6335c44562fd803501fb11760296a6f6e777b5272903c8b81e3fbd8b8e9f064a2a30f8c171	reproducible
mobile.war	WEB-INF/classes/org/compiere/mobile/WStatus.class	class-or-library		1694	fd53074efb9586296e52a26146d18913bb39088ce01d1b1e6c0ec3081248a7e4d48505a833229997b3165cb58839f1096d2ce2269a9845758fdce3756839ea5f	reproducible
mobile.war	WEB-INF/classes/org/compiere/mobile/WStatusArrayList.class	class-or-library		2808	d9b71f6ac78c570a9572169523f5f07197fe1180615836c9b86d4e06d777a3ea51f6f1296576e54d58f0315deb7decdf57b80f864d8d02716492384840efd3e9	reproducible
mobile.war	WEB-INF/classes/org/compiere/mobile/WTask.class	class-or-library		1714	ef1bf607c26466075d70c0b9a3e22e238b55d77fe18bab0d17fc4aea57c65a146d381e83292031f8a1121987281f044e35c58d0e8ee2328cde22b343a40ab6d7	reproducible
mobile.war	WEB-INF/classes/org/compiere/mobile/WWindow.class	class-or-library		29821	deef1f2065aaa5666423c5ed893058ed7cf0d8675e3476cd3996b07bad74e6ff40c9ae86f3ad01c9a8c28ec25ae8b055b585bb6beb7d1a909ddaa0b7ba589880	reproducible
mobile.war	WEB-INF/classes/org/compiere/mobile/WWindowStatus.class	class-or-library		4254	1446ff422283475b298b173f6476ea8a085e967c7e84d925041430e6cf7902c256a665a3e025aeaa674579efdb155d660eba38c50185a049cef9ae507faee8e6	reproducible
mobile.war	WEB-INF/classes/org/compiere/mobile/WWorkflow.class	class-or-library		19255	c1f4aaad8a6a45208588edae4f3e290fcd0ecd7cc4cc04127357d2312c970515450478b63a1414948aaae0bbae8d9c16d58392d8520ff7a2db8bca4330509eac	reproducible
mobile.war	WEB-INF/classes/org/compiere/mobile/WZoom.class	class-or-library		7002	0a057a2bba9b663b48f16bc26af5df11f8a9776a0fbcf995d17fc260771f4cd3de8e85802bc957bfd900ffb3d35bcd694def46d505a3da5c85b42bd80e4b8205	reproducible
mobile.war	WEB-INF/classes/org/compiere/mobile/WebField.class	class-or-library		19495	ab200b1d4b09b29d17d33d9d6b6eb9e29c771bd716ca8c9c914aea37cb3a11e9b28453d6bd803f51dfb7f08cbac934f0cf39eb12b272e039366b91d9ff14a41d	reproducible
mobile.war	WEB-INF/lib/commons-beanutils-bean-collections.jar	class-or-library		25637	a901a9a98ff707da0f458fe19b4c99d32181cb950630ff2a9a3a8834aab5cb42ebf6bfbd8846791bf63112cc0b8a1be6a3fc63e0592222119d3eec9289f2557f	reproducible
mobile.war	WEB-INF/lib/commons-beanutils-core.jar	class-or-library		168760	82cc41b1ce8604c340c4a810a704514682b8e168efc1c5327a80047d8fd2e2e1888a7e9d8f3c4f3742a085b36add5ed30441fcceeded82cde716192b736fa8d6	reproducible
mobile.war	WEB-INF/lib/commons-beanutils.jar	class-or-library		188671	0e7dd56afd668a39d41463bc510b1d61cdb1f7a7d3f18f69c7f369ceca174bb0629e3d923a8cbbea9b305fc36b34f19b08fb5be0545a44a69c9a297116e73d5d	reproducible
mobile.war	WEB-INF/lib/commons-codec-1.3.jar	class-or-library		46725	e4c9d68f4f6ac018e12096691f217fa549b6f75d5901b1fca91b3180372d313b96ac01dd852e0af18c4f484982e1d77d18b7e5cc6e0bfd1496c3dcdce26f4a21	reproducible
mobile.war	WEB-INF/lib/commons-digester-1.7.jar	class-or-library		139966	3fc31aa70a266c1ddb50b338806d11616f63939f01f28da9e7bb02cdbe14214665c4f470db4953a8ced3df40eb1121442378c30edc387aa4f8feabfe9a968a2c	reproducible
mobile.war	WEB-INF/lib/commons-fileupload.jar	class-or-library		22379	d29e245553584c8104d5375d78550cc2066d7d7c405f0456d9813824c25d7b9937620af2a9e52250b2c7feeebf6473ee01edc2f01094166e3e86d2c7986cb06c	reproducible
mobile.war	WEB-INF/lib/commons-lang-2.1.jar	class-or-library		207723	25829e030b75924eb9aed3e1ba4e5fde0ad7ddb9bb951a6a48c4f2115769ba6ddf3d960a2033d96f622650fbb808e41bfe7fe02356058b3caccda2de3b8daaf5	reproducible
mobile.war	WEB-INF/lib/commons-validator-1.2.0.jar	class-or-library		91113	63e43a7eecbff2749362444245cf0d166624b6adb2e54500f2511a7687d772ff81a98c7086af3009bb16fcd4930defc39b57a758829329d8a82b4664faea3ff8	reproducible
mobile.war	WEB-INF/web.xml	protected-not-addressable		7508	e10b8b69949d3339e90bd70505ad7be731ef0469f35c15a1f5d168297dc95a514f199bc545864abc434cb3e3ac8c0393fba945570a0411b9859166fcd5ff342d	reproducible
mobile.war	build.xml	server-side-template		3193	066bc8b42d6f976be339d480b64a4bace13abd7f4d50f6472b983c08fb501345ab4243b959342c3f8ff76ae7bc03d21e18728e722509e11b47cbe50f8c1a3f37	reproducible
mobile.war	css/calendar-blue.css	http-addressable-static	/mobile/css/calendar-blue.css	5083	b727802fac45c15f15ba872f235652ebcf895239bd8bd0a93336af13d085be5119e5c17574082eced6c9cedf8415d5799809747d964e610182f916cb674dfdb6	reproducible
mobile.war	css/menu.css	http-addressable-static	/mobile/css/menu.css	1093	74762c9f9c437e433bf083f076944e74de22956280a81fb069eb2c76a0ac53cee0d218358ea500b9d52ee82ffa1222144e8077a4ed98b0ac91b7f94c7ea231f9	reproducible
mobile.war	css/mktree.css	http-addressable-static	/mobile/css/mktree.css	1182	5767952c7677120c3489cf80fc53d04fcfc77ec055ed13fd2fee65bbd251cdf14fc45057b7a877b654e7998364606afa378ed73f3494964461a51d38a47df440	reproducible
mobile.war	css/popup.css	http-addressable-static	/mobile/css/popup.css	690	609ff4088aff8e33c9d667c57f89c8a1dd5fe43dec78b63d2ae791a9ce76e821f30e7f25a5e456d4dd7f40cdf355c50e27503417f68c8fa68d3676b42e4eabc9	reproducible
mobile.war	css/standard.css	http-addressable-static	/mobile/css/standard.css	2481	e2d92180eb1391107efb8c3d7aa1bb283da0ae634e0585960a4f3410032c28287bb337b3c97961c60d00d4b1f1a4609ed4dda27ec7102a82e442ff09c675781d	reproducible
mobile.war	css/theme.css	http-addressable-static	/mobile/css/theme.css	6190	f96c6850d6b07a7221ec06443ec3d3172947d9d3d0e09bff7522e988d7d6b86ade20fbb725ad3b0309c1e73052b68da3497b7574e75ed5f329afa230adb45a56	reproducible
mobile.war	css/window.css	http-addressable-static	/mobile/css/window.css	4762	18bac092b0f29cb6fd342cb3a7d5b6d026672fc9ad27d3dadedbc95538b4e94a939486d30031edb637dbc8146bd095bc20f166a74ec40e991f9bed11a93712e9	reproducible
mobile.war	images/01_ascending.gif	http-addressable-static	/mobile/images/01_ascending.gif	71	8e8ad425f52fcb65f6310c3c95bad1d7c99b85501eb6c041bf08579dcd9ea271640c8de6d1f68ec339e38c2dc6b5292816de2b268ad12cb06403df36765896d4	reproducible
mobile.war	images/01_descending.gif	http-addressable-static	/mobile/images/01_descending.gif	71	4a8c4b0f4d80b2716218de7cbefca374c6994f777b2985e70f7ad7b001f3e82654affd47e6392c820fc94bcf6d23acd42c3e2b3f828cd2f7723b6167f09965e0	reproducible
mobile.war	images/01_unsorted.gif	http-addressable-static	/mobile/images/01_unsorted.gif	63	ce0e0a2cc0ccc8ab0695994931067c425d987e7f2f9d759de54bdaf0bfb5fbe42ca92a2415b9cda4f8b7a20044ab87ef7b7cab287031a498b3fe144087fb5b5c	reproducible
mobile.war	images/AD10030.gif	http-addressable-static	/mobile/images/AD10030.gif	1696	26f86b83c9ef7f06ee2d18a89999f081a6740e6fc5fd06b215c44324b215fee989538231bdb12e66eac125f42b379e6391edb992a0e57408e4d44315902dd30c	reproducible
mobile.war	images/AD10030.png	http-addressable-static	/mobile/images/AD10030.png	1696	26f86b83c9ef7f06ee2d18a89999f081a6740e6fc5fd06b215c44324b215fee989538231bdb12e66eac125f42b379e6391edb992a0e57408e4d44315902dd30c	reproducible
mobile.war	images/AD10030HR.png	http-addressable-static	/mobile/images/AD10030HR.png	6728	9682973fb9afb5b226914344afa1701de42d7a2dfafc43fe23d92aed5a1d8969ce71485117106bb50f71bde2bf5d8be3ade3993433bb08131ad61c24606d90ab	reproducible
mobile.war	images/AD16.gif	http-addressable-static	/mobile/images/AD16.gif	891	47f025d741a3b9c0cd9c2d97bc1a4e5791af843c75a86c4760122512e3e7e2f50550cd94c165752e847526138f32dbe5270456e491fb637624c45c436681b436	reproducible
mobile.war	images/AD32.gif	http-addressable-static	/mobile/images/AD32.gif	2213	c4601d820d6a530ba6a64ac3724a2d52472f2223d46c8f8bd9ee12c30c764a59ff8e5b16f7b106d2019c97428eb0bbd6eff2eece1dcc1b49fa7c12994698f8a8	reproducible
mobile.war	images/About16.gif	http-addressable-static	/mobile/images/About16.gif	756	8bfc234c48590d5fe3d65e2e4647332d0e088932f1ca4457253a5ca4355614c77c499914ca42fd50458e1d42ea003d7e2e5beada8b364aec61a61d44c8e7936d	reproducible
mobile.war	images/About24.gif	http-addressable-static	/mobile/images/About24.gif	1087	9c2e9359b9d48b6fc7e4cafb559c94e5f922c07b7b1ce5f9d40788869b22662c4a52d0786d55cfb02eef405ba9e539d697273e7aaaaca45af7b046a307314097	reproducible
mobile.war	images/Account10.gif	http-addressable-static	/mobile/images/Account10.gif	470	31f5b7eaaf2bbfaf7b62fd2cd324e87f7c004eb1042843eadc4fcef86b9e3e953b9fd4a0a4a7d449948d4decf3a61e0fcb4b10e1d28081ab6980e93dba4652de	reproducible
mobile.war	images/Account16.gif	http-addressable-static	/mobile/images/Account16.gif	815	3933795b3673fbefcaf26b5f67291b47307001d35e1541e8f2c59646c713be6fdde0767a5c125116d162e03d886bded951823c4c1507a630c3132f544b2f93af	reproducible
mobile.war	images/Account24.gif	http-addressable-static	/mobile/images/Account24.gif	1276	29bdd5173454077d0520cdd37701231248766a3055f4ab9fa7ba3348b1d456188e9cfeadf66637d9fbf04bd66e114f3d430ecf52ceadcf5ef68bd28c71bef205	reproducible
mobile.war	images/AdemPiere150x50.gif	http-addressable-static	/mobile/images/AdemPiere150x50.gif	2603	9110399c3e541fa701dc9b2ad9b7381fecfd3149acf9649c7c7ba251df12dcdab5097025ee09bee0418009b957f5f2ff81ae077d71a80da77ba05aab986502ea	reproducible
mobile.war	images/AdemPiereCom.gif	http-addressable-static	/mobile/images/AdemPiereCom.gif	1872	34fca5f326ea11d30114b605ce06aff559afea776252ef5f5adada55770dde3c1d67977ec79babbe8997374bda1eabc836b9cee47ad57cbd0e20b7679eb88ef8	reproducible
mobile.war	images/AdemPiereCom.jpg	http-addressable-static	/mobile/images/AdemPiereCom.jpg	1285	a0b477abed077b53040895a97d6402cb8696df63313f760809e01dfeb5d0b401d79d639af735543e6a8c13c9bde9a88b0d90d14f94ed2c035a2687f6c5b05db9	reproducible
mobile.war	images/AdemPiereCom.png	http-addressable-static	/mobile/images/AdemPiereCom.png	1872	34fca5f326ea11d30114b605ce06aff559afea776252ef5f5adada55770dde3c1d67977ec79babbe8997374bda1eabc836b9cee47ad57cbd0e20b7679eb88ef8	reproducible
mobile.war	images/AdemPiereComHR.png	http-addressable-static	/mobile/images/AdemPiereComHR.png	7621	aa8d89725c8bad3b4f9c8f7d0abfbae04cb96ed7ecfe2aa88586a9149a755953dc8667fe68206e13eb6aa8b5bd48275722c1c3f1947f53f3483b4aaa780c065a	reproducible
mobile.war	images/AdemPiereComx.png	http-addressable-static	/mobile/images/AdemPiereComx.png	1872	34fca5f326ea11d30114b605ce06aff559afea776252ef5f5adada55770dde3c1d67977ec79babbe8997374bda1eabc836b9cee47ad57cbd0e20b7679eb88ef8	reproducible
mobile.war	images/Adempiere.gif	http-addressable-static	/mobile/images/Adempiere.gif	766	edf3ad75a5a33c6b6a7de1e492e290911d58241c9de1cc130f1a45cead8ecda48afa9c3c37cf44883d3a281e09dcdf194c9ae00d63156d720a14eac733e49158	reproducible
mobile.war	images/Adempiere.jpg	http-addressable-static	/mobile/images/Adempiere.jpg	517	dcea693cc7cfd2c118126a8c37029399576961b3c717fffc9ea9da605e82fd2b5125424fe8bfa4307a0fd369f126c58b7ff82c16ecde48cffbf00e47a8509359	reproducible
mobile.war	images/Adempiere.png	http-addressable-static	/mobile/images/Adempiere.png	766	edf3ad75a5a33c6b6a7de1e492e290911d58241c9de1cc130f1a45cead8ecda48afa9c3c37cf44883d3a281e09dcdf194c9ae00d63156d720a14eac733e49158	reproducible
mobile.war	images/Adempiere120x60.gif	http-addressable-static	/mobile/images/Adempiere120x60.gif	2025	b83bb63e0daa3f262b97d4913acf8a85b6d7082a790cfdaa61a23227b3a1dc1416bd910ea19c7aa64991ef592791e20751968ecfbd6170a18a453ecf8324032d	reproducible
mobile.war	images/AdempiereHR.png	http-addressable-static	/mobile/images/AdempiereHR.png	3429	6d51ef6c54d06a75d279b6b9bad19c73ee57eed33bd4c85379a3165b7331bbb6d383a9223aa9ffd46ffb7eade4c31856731e931edadc128b1b9f039fbbbc6c2a	reproducible
mobile.war	images/Adempierex.png	http-addressable-static	/mobile/images/Adempierex.png	766	edf3ad75a5a33c6b6a7de1e492e290911d58241c9de1cc130f1a45cead8ecda48afa9c3c37cf44883d3a281e09dcdf194c9ae00d63156d720a14eac733e49158	reproducible
mobile.war	images/Archive16.gif	http-addressable-static	/mobile/images/Archive16.gif	378	18fb01f6c6d736bb43274d252daab824bd9209b783af9d1df0a59e6ffee22ffeb79ec22a0052f0a5b465a63fb23e5795322decec0e8abf26a9919d3b2505d3df	reproducible
mobile.war	images/Archive24.gif	http-addressable-static	/mobile/images/Archive24.gif	507	77493161cc039369ed09757ebc2eab1dd7435e7705ce80eec09aedd0524d7e8be183ba784ead8130a205456e7ed448e42b3d6243fd4d2cc34b73c61ba3ea15fc	reproducible
mobile.war	images/ArrowBW_WF.gif	http-addressable-static	/mobile/images/ArrowBW_WF.gif	1317	3baaa46abd9e1deaeef9968dc3048ebe517e381d9f9b62f29fa55684217c47968cf15c68f30fc6953c829dd408230cff02dff0a9c78345e1ede2e51da88bf4ba	reproducible
mobile.war	images/ArrowDown_WF.gif	http-addressable-static	/mobile/images/ArrowDown_WF.gif	1321	e441d0628725a99fc87463621de4c8e888573b3c456dac8d706fd968f2ca8e74fdd05ffbd005dd14339c23e22dcde222b397cd0a1abf4d45db4850b094c6774c	reproducible
mobile.war	images/ArrowFW_WF.gif	http-addressable-static	/mobile/images/ArrowFW_WF.gif	1318	7a94dbe98c98e4fbd6a905744cadddf0a762a584ad419ed64f322845688d358d4254575968a13fa904e3b39801affaa0bac59433005efe51cac3b4d6bf6984ff	reproducible
mobile.war	images/Assignment10.gif	http-addressable-static	/mobile/images/Assignment10.gif	298	50a02e7691efbc822f55940c7158c54c2547a65968dc9ed0fe6c779f1bac9ec14281bb804c92af9439ceffd5d4988fc14e3a16ad035f0e17b847843c90a1b4cd	reproducible
mobile.war	images/Assignment16.gif	http-addressable-static	/mobile/images/Assignment16.gif	471	19a9c40c8636c885023145c55fbb7de38e9708dceb532ee859f455d54e5faf2cb5f151cd336f47753022cf7d9b6ad45e2be56bd9253b9e946c519ff16c2544fc	reproducible
mobile.war	images/Assignment24.gif	http-addressable-static	/mobile/images/Assignment24.gif	501	af699b865a1ff02dc28eb00c845244f429d0f2716f38ec735394d991e2cfeab7aa3a1d6fc008cd75b0f7c25453913851e3b94ec566a36f83f36b1686092272cc	reproducible
mobile.war	images/Attachment16.gif	http-addressable-static	/mobile/images/Attachment16.gif	519	02d6983edd257dfae9f3fd4b107634aa5d6868b9c5b7522f75beb5f9ba0ba176ea11e7222c1b8ecaaac008e1392155b86613849ef9daec425711ec26855ac671	reproducible
mobile.war	images/Attachment24.gif	http-addressable-static	/mobile/images/Attachment24.gif	684	e30d86b1d82e8b57459b6b3beef12c2d163bd52c5031eed7f3402d3757142562b17285e463d342c846e358c4a1103ba882901c494828fcb264e2eb480daa01b9	reproducible
mobile.war	images/Attachment24D.gif	http-addressable-static	/mobile/images/Attachment24D.gif	684	e30d86b1d82e8b57459b6b3beef12c2d163bd52c5031eed7f3402d3757142562b17285e463d342c846e358c4a1103ba882901c494828fcb264e2eb480daa01b9	reproducible
mobile.war	images/AttachmentD16.gif	http-addressable-static	/mobile/images/AttachmentD16.gif	334	94df3813e345f485725031eba194cbfe58f648320a75d0f7813a1dd0d0b59dacfb540ed5074fed9c8315590473a1794da11786846a88045fcc753a5f1154be3a	reproducible
mobile.war	images/AttachmentD24.gif	http-addressable-static	/mobile/images/AttachmentD24.gif	107	21e5ead311feac8646d418d19ba597f74cc725c2ae516e3e8db7c2380b7c26b3a05007c24ea18ca44deaa56223f5543ef7e54ac56d6f54fe6c0b2c86c7c8081a	reproducible
mobile.war	images/AttachmentX16.gif	http-addressable-static	/mobile/images/AttachmentX16.gif	624	1b7e21a4f3cb965a3a8e418ba4b44d2823c5508a7cdff989da6809f3835383ecbc23f347f25b405be39240a1a38b027581cb198750e97e968b3d798060ab6cfa	reproducible
mobile.war	images/AttachmentX24.gif	http-addressable-static	/mobile/images/AttachmentX24.gif	934	76b34bcd88274451cc85b28f70f22343ab931006fbcf5b71106e185ef739f8b54a3cb965516b345b5f6f8ad9021652ef67da2676617eb0698d5fb58b0a4c2da8	reproducible
mobile.war	images/BPartner10.gif	http-addressable-static	/mobile/images/BPartner10.gif	474	892ce656dd252c04819417d8d90f84aa56c4451f01a7bf240a718d79ef5c534a8d0a784652d96a47edcc4544ef24d1112ea532c5a7c59f9ac66155bd823b66ba	reproducible
mobile.war	images/BPartner16.gif	http-addressable-static	/mobile/images/BPartner16.gif	801	26e26466b9a13b14173aa61eb55fdedb6cd5e418b011016dba9e48b54e29b75b1225a78f82bfef798dc8d71a9be959a9b236ea3e2513d059676540ca6ece1472	reproducible
mobile.war	images/BPartner24.gif	http-addressable-static	/mobile/images/BPartner24.gif	1040	224e9ee263bfac2923b245ae83d5eb73b5d874d75e865f101a8b44a1432a65ae7d10f077ce636488e26893c68202f5c903e7ff09ddfd19a3f1f1e554734cae2d	reproducible
mobile.war	images/Background.gif	http-addressable-static	/mobile/images/Background.gif	2301	182127a8a7c5b0d4555290f79ef8cfa910ce06dbe927891d4892b928f274cf1bc192ab0f949196850adf7b6ace19a3a2e4f38d4c8bf8550d1757f61582341b7b	reproducible
mobile.war	images/Bold16.gif	http-addressable-static	/mobile/images/Bold16.gif	705	8992a231f089634426381365941c64661400b7037414dbc2ef641c4bb80a8dec5b1261337ba054104c5a57b23aa5d1a427a21f59a23449a5b498d97f4fa1ec49	reproducible
mobile.war	images/C10030.gif	http-addressable-static	/mobile/images/C10030.gif	1696	26f86b83c9ef7f06ee2d18a89999f081a6740e6fc5fd06b215c44324b215fee989538231bdb12e66eac125f42b379e6391edb992a0e57408e4d44315902dd30c	reproducible
mobile.war	images/C10030.jpg	http-addressable-static	/mobile/images/C10030.jpg	1101	e2f202b82b1d1de43ab1220908e0b580542faa15eb354367b203c4fd9025527bcde8cd655655e0d32dbe5495bddabb8a3f19828bd2429eb869fca369b95ab697	reproducible
mobile.war	images/C10030.png	http-addressable-static	/mobile/images/C10030.png	1696	26f86b83c9ef7f06ee2d18a89999f081a6740e6fc5fd06b215c44324b215fee989538231bdb12e66eac125f42b379e6391edb992a0e57408e4d44315902dd30c	reproducible
mobile.war	images/C10030HR.png	http-addressable-static	/mobile/images/C10030HR.png	6728	9682973fb9afb5b226914344afa1701de42d7a2dfafc43fe23d92aed5a1d8969ce71485117106bb50f71bde2bf5d8be3ade3993433bb08131ad61c24606d90ab	reproducible
mobile.war	images/C10030x.png	http-addressable-static	/mobile/images/C10030x.png	1696	26f86b83c9ef7f06ee2d18a89999f081a6740e6fc5fd06b215c44324b215fee989538231bdb12e66eac125f42b379e6391edb992a0e57408e4d44315902dd30c	reproducible
mobile.war	images/C10030xHR.png	http-addressable-static	/mobile/images/C10030xHR.png	6728	9682973fb9afb5b226914344afa1701de42d7a2dfafc43fe23d92aed5a1d8969ce71485117106bb50f71bde2bf5d8be3ade3993433bb08131ad61c24606d90ab	reproducible
mobile.war	images/C16.gif	http-addressable-static	/mobile/images/C16.gif	929	a1c51406d02f9d2c24ab6ffa161ec6db5b3cb45fd33d0133f17568da59a2fba1e0748e1e93daa177fb87e42dc4cc561dfe5a0d173f4ec4053e6c6c33efec2027	reproducible
mobile.war	images/C32.gif	http-addressable-static	/mobile/images/C32.gif	2213	c4601d820d6a530ba6a64ac3724a2d52472f2223d46c8f8bd9ee12c30c764a59ff8e5b16f7b106d2019c97428eb0bbd6eff2eece1dcc1b49fa7c12994698f8a8	reproducible
mobile.war	images/Calculator10.gif	http-addressable-static	/mobile/images/Calculator10.gif	447	de8a4eedcf3b50121b0e5abd27b80df3276f46e5f5b5e618ef0664cfdbe0078164cf9409ba37db8703b1742e8a68721654bb25fcdf20d6d64588cea3c2968c99	reproducible
mobile.war	images/Calculator16.gif	http-addressable-static	/mobile/images/Calculator16.gif	686	48cb098c27cb087f458dd9920b944845be21b1eb9767dc3a3f54a3f4f9524a8fec6a08e4b23f590eb92e39b2f795e18f33583c544a09387bc06fbd9e9f506781	reproducible
mobile.war	images/Calculator24.gif	http-addressable-static	/mobile/images/Calculator24.gif	843	2a8aeec3c00e7eea66b7f34b69a15a0ddbd8ac5da29af76a85908fce4d6ed37c0b021a7fc5a1a53457031e8b06f2e28cc9a595b17a39848294e3837589adf082	reproducible
mobile.war	images/Calendar10.gif	http-addressable-static	/mobile/images/Calendar10.gif	382	cb768888b9c073e1b795cf456d2f12a62a03d996474d6d0b22fbedbb16ea5cb74d080d131ea43e2ec7a8298ad39e45d6f7d548de4f5ce45308853fdf970c77a1	reproducible
mobile.war	images/Calendar16.gif	http-addressable-static	/mobile/images/Calendar16.gif	604	418d5a13580b8abaa8829ed20e9c098f490a8c01e4c64aa47be2f7621eea6bac33a261a1b581b8b185b7dc6bfa2e7b9716085605b418fbbd83fcbd1ba8148083	reproducible
mobile.war	images/Calendar24.gif	http-addressable-static	/mobile/images/Calendar24.gif	1054	e7ebb24bc6fe1d3306cabbda82d68d3f4ce6d338b0ff13b32a7187f0bfb892caf3087085251189df3a0a6127694303705396fe7be6689edc23aef805bb161c0b	reproducible
mobile.war	images/Cancel10.gif	http-addressable-static	/mobile/images/Cancel10.gif	471	e2722ebf91e5fc0dc79a5b5c762ab926218ff9bd122a66bbacec748c6dba955b7e160c7ab714f95cf4726723ca8e2aa7acddee7283e7b6c71ff224c2e6411b01	reproducible
mobile.war	images/Cancel16.gif	http-addressable-static	/mobile/images/Cancel16.gif	878	27bec4deb5d506e65b5f8a5d04762f3d100dad94c98f2178b80679fc85c4e1def11d05c03aeb7bb5576e7881f5b2ab2bfd774fc36f5275993e24b47a4ead02a5	reproducible
mobile.war	images/Cancel24.gif	http-addressable-static	/mobile/images/Cancel24.gif	1268	ebff26c0cebfce65a39f771d271d04bc01a4f431baca14673264c3dc5928540681260374c58b17ad82b19bea2d7b63e3c41fd7abc806efea197e597224048fd6	reproducible
mobile.war	images/Chat16.gif	http-addressable-static	/mobile/images/Chat16.gif	422	74b825703273e81932a8392d91152a6c2ac60e9e281c02ee0167185845128c9f3d5ece839e3e0fdbeb8210c02a27babb0d29a196013fd48f1fdaf9953e2bbfb8	reproducible
mobile.war	images/Chat24.gif	http-addressable-static	/mobile/images/Chat24.gif	535	02be6ff47fb39a68ba208eb337a7df4a2160dede097ace7269f0d44b1a4750b5c080faf01d1a035a6cb33db3158ed02d99839640267f48f3ce4b3655c64ba031	reproducible
mobile.war	images/ChatX16.gif	http-addressable-static	/mobile/images/ChatX16.gif	422	74b825703273e81932a8392d91152a6c2ac60e9e281c02ee0167185845128c9f3d5ece839e3e0fdbeb8210c02a27babb0d29a196013fd48f1fdaf9953e2bbfb8	reproducible
mobile.war	images/ChatX24.gif	http-addressable-static	/mobile/images/ChatX24.gif	535	02be6ff47fb39a68ba208eb337a7df4a2160dede097ace7269f0d44b1a4750b5c080faf01d1a035a6cb33db3158ed02d99839640267f48f3ce4b3655c64ba031	reproducible
mobile.war	images/ComPiere150x50.gif	http-addressable-static	/mobile/images/ComPiere150x50.gif	1227	23d20ffb4d32a7bdc79dffdface311f2859acfc3f33f3c12ba57a22f39a8e98e230d47e0b3cd008a03f7f832099230204b0a87eb4661b80a40328e938791b839	reproducible
mobile.war	images/ComPiereCom.gif	http-addressable-static	/mobile/images/ComPiereCom.gif	1872	34fca5f326ea11d30114b605ce06aff559afea776252ef5f5adada55770dde3c1d67977ec79babbe8997374bda1eabc836b9cee47ad57cbd0e20b7679eb88ef8	reproducible
mobile.war	images/ComPiereCom.jpg	http-addressable-static	/mobile/images/ComPiereCom.jpg	2621	c38737fd02b3e8c18c272ce692cf40d35a74f18a8855e3c4c511998e45981e30ade352014799bd82cf153738a8f7dab1e580fd6f3c219d6cade7c6dd6d8fb797	reproducible
mobile.war	images/ComPiereCom.png	http-addressable-static	/mobile/images/ComPiereCom.png	1872	34fca5f326ea11d30114b605ce06aff559afea776252ef5f5adada55770dde3c1d67977ec79babbe8997374bda1eabc836b9cee47ad57cbd0e20b7679eb88ef8	reproducible
mobile.war	images/ComPiereComHR.png	http-addressable-static	/mobile/images/ComPiereComHR.png	7621	aa8d89725c8bad3b4f9c8f7d0abfbae04cb96ed7ecfe2aa88586a9149a755953dc8667fe68206e13eb6aa8b5bd48275722c1c3f1947f53f3483b4aaa780c065a	reproducible
mobile.war	images/ComPiereComx.png	http-addressable-static	/mobile/images/ComPiereComx.png	1872	34fca5f326ea11d30114b605ce06aff559afea776252ef5f5adada55770dde3c1d67977ec79babbe8997374bda1eabc836b9cee47ad57cbd0e20b7679eb88ef8	reproducible
mobile.war	images/Compiere.gif	http-addressable-static	/mobile/images/Compiere.gif	766	edf3ad75a5a33c6b6a7de1e492e290911d58241c9de1cc130f1a45cead8ecda48afa9c3c37cf44883d3a281e09dcdf194c9ae00d63156d720a14eac733e49158	reproducible
mobile.war	images/Compiere.jpg	http-addressable-static	/mobile/images/Compiere.jpg	1056	827bb065840ccdd1b7e3055c531b1f46e6b689b4fac27979b3facb00d596448e5abab76b86efeb38cad92c31a6d7bbee107420836fd9eab573de30d0c4a3f5a3	reproducible
mobile.war	images/Compiere.png	http-addressable-static	/mobile/images/Compiere.png	766	edf3ad75a5a33c6b6a7de1e492e290911d58241c9de1cc130f1a45cead8ecda48afa9c3c37cf44883d3a281e09dcdf194c9ae00d63156d720a14eac733e49158	reproducible
mobile.war	images/Compiere120x60.gif	http-addressable-static	/mobile/images/Compiere120x60.gif	1857	f91a4035767101fa5b6322401245f1b4566f0078748c1da70778e9d0380fb9d92f6bffb9884b5b0b12e4f9e70c98337dd89817863b1709f9b5708a478c85a69c	reproducible
mobile.war	images/CompiereHR.png	http-addressable-static	/mobile/images/CompiereHR.png	3429	6d51ef6c54d06a75d279b6b9bad19c73ee57eed33bd4c85379a3165b7331bbb6d383a9223aa9ffd46ffb7eade4c31856731e931edadc128b1b9f039fbbbc6c2a	reproducible
mobile.war	images/Compierex.png	http-addressable-static	/mobile/images/Compierex.png	766	edf3ad75a5a33c6b6a7de1e492e290911d58241c9de1cc130f1a45cead8ecda48afa9c3c37cf44883d3a281e09dcdf194c9ae00d63156d720a14eac733e49158	reproducible
mobile.war	images/Copy16.gif	http-addressable-static	/mobile/images/Copy16.gif	498	79356d5fa739db19ee26d8c568bb560ab3479621b66217a7d6bc456efab853f4081fdc6d21595d944e23ab3d99858a9863d459c40df5068198d81254147498a2	reproducible
mobile.war	images/Copy24.gif	http-addressable-static	/mobile/images/Copy24.gif	725	79b88386c7f1a48d0fde3623754ac8583af9f9c4b3cdabe64ef50e2c85c4929d2eeba56d8d3041afdedafdee145e7133cad1cdbeff0ec4e187622c33199194ba	reproducible
mobile.war	images/Customize16.gif	http-addressable-static	/mobile/images/Customize16.gif	440	63796b6020f7d4344e1f41564d679e6f707fa20e2c26cfea65daffd25ef77687acc901e59e2d24f41b2d45425649a73b518ca6c24a6acd15d6996bbbe4480c15	reproducible
mobile.war	images/Customize24.gif	http-addressable-static	/mobile/images/Customize24.gif	512	73308f8737545562637d290b2b5efeaf34f4d5b10ece0d6dc7582bb49335541e8aa814b5e9bd34cbfacfd89cd032ebb7c764d4fc7843bc592dfb30b6a93613a5	reproducible
mobile.war	images/Delete16.gif	http-addressable-static	/mobile/images/Delete16.gif	655	e964f3f40dbffdd71e178f5b22eae843065e7d381b35508fb74fc1341b53b20a03a86e690ffe4e2d9988ae05308994dd47d4b6f3709a026d42c40a6d18e6f4f4	reproducible
mobile.war	images/Delete24.gif	http-addressable-static	/mobile/images/Delete24.gif	1155	005d387ae9da5efe83ad44c5d38d36d92ab432aec641e48ed492afd7656f8e25a255acf71a007070f0b58f88f37ef480aad054bda6a33246131b3b390fc58aa6	reproducible
mobile.war	images/Detail16.gif	http-addressable-static	/mobile/images/Detail16.gif	676	e93c2afd25067ae2495e6adf9f615363051e74c85b211abd8c1f7ab6ae557efabd4f8f9bf3362b87a6e6cef05906521ffd020939acb51a15b87a24f59a874d77	reproducible
mobile.war	images/Detail24.gif	http-addressable-static	/mobile/images/Detail24.gif	930	4c482468cb601f473fb606cce3deba058cba8a17a20d1bea61c7881c429976427d09117a0c758ffe9ad3cb9e0d563e04855b3a341b937b9bbeced84bbea2db09	reproducible
mobile.war	images/EMailSupport16.gif	http-addressable-static	/mobile/images/EMailSupport16.gif	619	f1adb45df4ac65f951f8c311890d0fb3808cfc3af8ef3c64af5ab0ac7010c3aa3fbec8748f7ff82888b1d149adf26521ed3a5cc1d97ecc35e5b65a4aaf6e9123	reproducible
mobile.war	images/EMailSupport24.gif	http-addressable-static	/mobile/images/EMailSupport24.gif	946	5d1023aecf9c6cc4d6ec420389b8eb819428d6d9c4f417c7d8b87c3ed03c80765cfac036c7fc74ffc320ca3204213833cc0b5c4a074131058887e44868938fbd	reproducible
mobile.war	images/Edit16.gif	http-addressable-static	/mobile/images/Edit16.gif	574	b98fbc11f702faf8fb7fb11c79a4b7767ac3d6397f6288357f79b0f301ccb29c38e4d310ff7dd8d0f3cdabae5515e634bb2364f14e1af44f8a43fdc310738c2e	reproducible
mobile.war	images/Edit24.gif	http-addressable-static	/mobile/images/Edit24.gif	995	c7e987a9fb3791167ffce666bb554da70422ff01cf52398c5611801153c0d3b5521d800f78c0c24ea07c13ace78fda3e74d8daf91a6b2f9c0587b8aa09eeae09	reproducible
mobile.war	images/Editor16.gif	http-addressable-static	/mobile/images/Editor16.gif	574	b98fbc11f702faf8fb7fb11c79a4b7767ac3d6397f6288357f79b0f301ccb29c38e4d310ff7dd8d0f3cdabae5515e634bb2364f14e1af44f8a43fdc310738c2e	reproducible
mobile.war	images/Editor24.gif	http-addressable-static	/mobile/images/Editor24.gif	995	c7e987a9fb3791167ffce666bb554da70422ff01cf52398c5611801153c0d3b5521d800f78c0c24ea07c13ace78fda3e74d8daf91a6b2f9c0587b8aa09eeae09	reproducible
mobile.war	images/End16.gif	http-addressable-static	/mobile/images/End16.gif	829	7d8d0f880fd75ae63b90205be3444bcdcd5033b93a37d67544b5a0278fb147efb4ea69a5efdac48d384b3872ebf7f164097b357ee4ad124e56ed9152ee6db9e9	reproducible
mobile.war	images/End24.gif	http-addressable-static	/mobile/images/End24.gif	1320	58fea67dd2c38a238fc2ecb8855571d544720ba3b1f7ec550b45ba25760643ebc0a6a59c99d5fd052ae36ea847d976797a49dfb214aa868cc9cbd94ba5f94fa2	reproducible
mobile.war	images/Error32.gif	http-addressable-static	/mobile/images/Error32.gif	1645	9c01172a51319516a82cd913a00d73bbbcf39a1c61e50cdc5092d92068109416e111f36c6ed9d55dd5283d681b461f9304fa24d8e4ec53035c8345b312c2796a	reproducible
mobile.war	images/Exit16.gif	http-addressable-static	/mobile/images/Exit16.gif	594	76645f6e792a54a276d08c94f8bfbf1317c445719976bb126c31fd3ac17cd5a7e037989a7a166b10d20b4cb4e50c63a96bb12ad856c58e48526fc778570012dc	reproducible
mobile.war	images/Exit24.gif	http-addressable-static	/mobile/images/Exit24.gif	907	4e6de55e9f5a000d1015ca1108c120c52e1d3f519f1748c794ae71b615d0f678723e1e9726ac60bca262aa1ca37e812837735df55807aa711b4af2f6408dc184	reproducible
mobile.war	images/Export16.gif	http-addressable-static	/mobile/images/Export16.gif	866	2ef20e845dcf75eee3fdea296f9da1cf1a28cd4398023ca327dc80a708474436fac61892d2348a76f12f04a1d528f1a7902d57b833299050f53bec8ac0f8f389	reproducible
mobile.war	images/Export16X.gif	http-addressable-static	/mobile/images/Export16X.gif	866	2ef20e845dcf75eee3fdea296f9da1cf1a28cd4398023ca327dc80a708474436fac61892d2348a76f12f04a1d528f1a7902d57b833299050f53bec8ac0f8f389	reproducible
mobile.war	images/Export24.gif	http-addressable-static	/mobile/images/Export24.gif	1097	3bc35aba8847886782729dd855921b04f015575f85e652efa3661ca412d86abfd939ca6fe20c24b010e6360dfbe6e43687b828cde327ffa7a64b76472d910668	reproducible
mobile.war	images/Export24X.gif	http-addressable-static	/mobile/images/Export24X.gif	1097	3bc35aba8847886782729dd855921b04f015575f85e652efa3661ca412d86abfd939ca6fe20c24b010e6360dfbe6e43687b828cde327ffa7a64b76472d910668	reproducible
mobile.war	images/ExportX16.gif	http-addressable-static	/mobile/images/ExportX16.gif	866	2ef20e845dcf75eee3fdea296f9da1cf1a28cd4398023ca327dc80a708474436fac61892d2348a76f12f04a1d528f1a7902d57b833299050f53bec8ac0f8f389	reproducible
mobile.war	images/ExportX24.gif	http-addressable-static	/mobile/images/ExportX24.gif	1097	3bc35aba8847886782729dd855921b04f015575f85e652efa3661ca412d86abfd939ca6fe20c24b010e6360dfbe6e43687b828cde327ffa7a64b76472d910668	reproducible
mobile.war	images/FastBack24.gif	http-addressable-static	/mobile/images/FastBack24.gif	1003	a26644a261d7e2d979cced8777a1316c1b6525a35d293e3cb5a7d047c3fd53a03b535cb161d64686aedf9a62f1f37b0e354b4854ff49d15477505d2083711dc6	reproducible
mobile.war	images/FastForward24.gif	http-addressable-static	/mobile/images/FastForward24.gif	1025	32a1a2a5122295e463c3180c096ee7eb917a939a3bdc5756a867a524b57a2dcf1a081c3e6982cf8f16494e2b81165f44d4f7f6ae224c08f1a86f212223b463f2	reproducible
mobile.war	images/Favorite16.gif	http-addressable-static	/mobile/images/Favorite16.gif	220	00060226b92026138057bb50c94b0aae5e9905d17422cc41d8eae0af2b14aadcfa44ed581e6f47f3162b50a1cd2e200fcef71db3d4e79f6ddbf22285a24dd865	reproducible
mobile.war	images/Find16.gif	http-addressable-static	/mobile/images/Find16.gif	935	cd80468e010836def4eb9bc757a5f056ab457de3d9fe96982ce583e458f81ac326c869e7514f2733a328b074835c7559f01692bf215966426116b7bf2f0f4951	reproducible
mobile.war	images/Find24.gif	http-addressable-static	/mobile/images/Find24.gif	1267	95919c2a5bf3f977255bd3f622c50c699594c41e2d989c6480166d66a6ed05c2e7cb22b7a43c01525ca582d241957d8af26a0157a94111f0283e8816195e6974	reproducible
mobile.war	images/FindAdv16.gif	http-addressable-static	/mobile/images/FindAdv16.gif	935	cd80468e010836def4eb9bc757a5f056ab457de3d9fe96982ce583e458f81ac326c869e7514f2733a328b074835c7559f01692bf215966426116b7bf2f0f4951	reproducible
mobile.war	images/FindAdv24.gif	http-addressable-static	/mobile/images/FindAdv24.gif	1267	95919c2a5bf3f977255bd3f622c50c699594c41e2d989c6480166d66a6ed05c2e7cb22b7a43c01525ca582d241957d8af26a0157a94111f0283e8816195e6974	reproducible
mobile.war	images/FindAdvX16.gif	http-addressable-static	/mobile/images/FindAdvX16.gif	903	76ed1b429a6f2e65c90983a30559c91edb15cc53169db763929a43dabba1be7f23fece25add0c5619092b07501e134e747ac12a7a17728591a1822da38ab9f63	reproducible
mobile.war	images/FindAdvX24.gif	http-addressable-static	/mobile/images/FindAdvX24.gif	1459	b9a5e7293b38f4b4d5b14d257ce5397c51c007fef4c4614f5cc5861618bb3681175929c152e0c6eee0e660e14e7dfbc9cfda82d1e09e24e34663e7cce4b58750	reproducible
mobile.war	images/FindX16.gif	http-addressable-static	/mobile/images/FindX16.gif	903	76ed1b429a6f2e65c90983a30559c91edb15cc53169db763929a43dabba1be7f23fece25add0c5619092b07501e134e747ac12a7a17728591a1822da38ab9f63	reproducible
mobile.war	images/FindX24.gif	http-addressable-static	/mobile/images/FindX24.gif	1459	b9a5e7293b38f4b4d5b14d257ce5397c51c007fef4c4614f5cc5861618bb3681175929c152e0c6eee0e660e14e7dfbc9cfda82d1e09e24e34663e7cce4b58750	reproducible
mobile.war	images/First16.gif	http-addressable-static	/mobile/images/First16.gif	636	e4267cdad2c6af541a7134e1523d60b73dbb4d11f0b0088da4b25fc20db1e1aace80c5e627f0ea0e6e03e326f8cd7fdb646938d26b37abdb9b08e94f716a5f1a	reproducible
mobile.war	images/First24.gif	http-addressable-static	/mobile/images/First24.gif	917	bd3010eb29f060441ff7cd7061e6e11101223c595a1abf5d834d68113c63b3932182b71f30d00d6fa22f769191f2a7bb3af085d89d681ae8470c83314e00830a	reproducible
mobile.war	images/First24D.gif	http-addressable-static	/mobile/images/First24D.gif	917	bd3010eb29f060441ff7cd7061e6e11101223c595a1abf5d834d68113c63b3932182b71f30d00d6fa22f769191f2a7bb3af085d89d681ae8470c83314e00830a	reproducible
mobile.war	images/FirstD16.gif	http-addressable-static	/mobile/images/FirstD16.gif	92	42f0c50159a1076cc107a7a0b8a6d553827b2afa58078b04e1db0e6465067f2eec3871220f4762700e595a065a6d4e28cf2b3e2930a006d3304b6530ab188b1e	reproducible
mobile.war	images/FirstD24.gif	http-addressable-static	/mobile/images/FirstD24.gif	140	89dd1a66277bdd8c502e4e691faa426be93be21294bf4c70d83b8706dd66b88991898f0e32b4731719d45e81dd547e44b553a831951fc7ee331a36eb70901b95	reproducible
mobile.war	images/Folder16.gif	http-addressable-static	/mobile/images/Folder16.gif	498	68bd84184325e25f019875801de345edb971c5c2b278bf42c9dac8222c3013c0d029fdac65ca4a9b3cf91ce470d6a865c3256617414abd2700561cefbd921393	reproducible
mobile.war	images/Folder24.gif	http-addressable-static	/mobile/images/Folder24.gif	800	817dfec25bf8bfa36ae8b9e7fadd2eac15088e3b294e0e162ae793c295d0e9cfc66cba9dec37fa26ece1ded6b9342a6e127f0b3d330a2e2432311b09064aee42	reproducible
mobile.war	images/GetMail16.gif	http-addressable-static	/mobile/images/GetMail16.gif	644	d999e690564bb9f2e288947122cd123fd03834d18f4caff71c732e618e9bd2513aeacf113a436ed78407d626bde150db2212056ea1e6641037e1868951d306f1	reproducible
mobile.war	images/GetMail24.gif	http-addressable-static	/mobile/images/GetMail24.gif	765	925170dcdcd8676043363c0a13bfdd469e1b01e31a4e9d13c328549cd9e0e4906814df722af11172ba3817879ccee3455b982dc14e94bab75c99834b679e41dc	reproducible
mobile.war	images/Help16.gif	http-addressable-static	/mobile/images/Help16.gif	932	0de85d95e50c8366a324dd8a85de6f44d1b0200fff1053523d76c9a9737dfbcb352a9e18f67cfc1dcac9e72a4bf5f9871404330b0c5e575f4b2415b70a9ce181	reproducible
mobile.war	images/Help24.gif	http-addressable-static	/mobile/images/Help24.gif	1359	e9141a6ef914046066538ca2c71628d96bdd10e777d1534e0df7480ff4cb2be4776d8c81eedada32fe3a698f746b29629b57bd8ef582e39b961cf8a1fec1fc28	reproducible
mobile.war	images/History16.gif	http-addressable-static	/mobile/images/History16.gif	970	49247f0a731a2816439b6e9104d1e92246abd90016e091258a5e0de52f7ef45ad9976b7a8454fc0f22967defae48574e78a89e5a89b080841131fba476818e8f	reproducible
mobile.war	images/History24.gif	http-addressable-static	/mobile/images/History24.gif	1484	356aa95f09a78fb2acafd0ec72e294b8aaa084b364899470b769536c7586eab9cea081f3193b8d0d72e37e8e328aff66ad980a5e229517553a3c7156db8b31ca	reproducible
mobile.war	images/History24D.gif	http-addressable-static	/mobile/images/History24D.gif	1484	356aa95f09a78fb2acafd0ec72e294b8aaa084b364899470b769536c7586eab9cea081f3193b8d0d72e37e8e328aff66ad980a5e229517553a3c7156db8b31ca	reproducible
mobile.war	images/HistoryD16.gif	http-addressable-static	/mobile/images/HistoryD16.gif	362	b240fd97b98d36f818c059d848152a95a830811bf0f0740a397a087059d251dfcdf13cd71a38e7ed98e21c9a2fd6088b10157722e5441d4fa9e55386945938c6	reproducible
mobile.war	images/HistoryD24.gif	http-addressable-static	/mobile/images/HistoryD24.gif	171	d500acb51cc25ea80a323d400c7279356a9569b89d01234eaaae7b82271cd13eea4ecef4d836a64b28f0f802309be5f172696a688243d48b4d0edc5efd700e02	reproducible
mobile.war	images/HistoryX16.gif	http-addressable-static	/mobile/images/HistoryX16.gif	970	49247f0a731a2816439b6e9104d1e92246abd90016e091258a5e0de52f7ef45ad9976b7a8454fc0f22967defae48574e78a89e5a89b080841131fba476818e8f	reproducible
mobile.war	images/HistoryX24.gif	http-addressable-static	/mobile/images/HistoryX24.gif	1484	356aa95f09a78fb2acafd0ec72e294b8aaa084b364899470b769536c7586eab9cea081f3193b8d0d72e37e8e328aff66ad980a5e229517553a3c7156db8b31ca	reproducible
mobile.war	images/Home16.gif	http-addressable-static	/mobile/images/Home16.gif	606	b0af98ed8c319af066c92a8e631709cb088ca5352dffae06857418f809df9f3aaa1139dd6319c6fa95a7d9137cd18700cc995e68024248d445c069dd0cc63d8f	reproducible
mobile.war	images/Home24.gif	http-addressable-static	/mobile/images/Home24.gif	920	23443f4b6a3bafeb51397217d1591cc2217452f0aae11593e6d2dd9989cfa433a79ecebb4d57c80d47381e5a3be423cb9754884f23792c4d7c0fd0e0a8e24dcb	reproducible
mobile.war	images/Ignore16.gif	http-addressable-static	/mobile/images/Ignore16.gif	650	7d02631b1bb1985a7f4b4f9971ce39066a84c721a673039bce5ab70f2e9685828df8479bca8d15e2db4de4457aebf3481b3c3962939a0c6a2b5c03ac9da4ade4	reproducible
mobile.war	images/Ignore24.gif	http-addressable-static	/mobile/images/Ignore24.gif	1011	85b7eab9955cba9cb2332571ce5068cb8b403efcc04a0f22b5234bfb612251757da5f59987f62ff98394be8aee3a7b5a066147f080cfe73ad479979580e79bff	reproducible
mobile.war	images/ImageFactory$FolderIcon.class	class-or-library		1383	87dec64e73bba90338a67bbafa2ed027c3e41d27f3b04dfc03d6ee88f29ed1948d22af99053be385cbddec746ae9b048bb55dc7fb6c8b68e45ab33e3c7b84811	reproducible
mobile.war	images/ImageFactory$FolderIcon16.class	class-or-library		2187	73c6663b217eae58642dadb311a2faefcd1a9a14d90e6ee5c361a1eb38f0c911f9150a776108c2589928d57dc95c303ecc9181e98ad318c792484a1b8e457005	reproducible
mobile.war	images/ImageFactory$HomeIcon.class	class-or-library		1789	71b15ae643086d1aaccb735383911f1b10840e80d1cd54b6c6d93428e031ee1879323f8cbd9f2b729fd99f1dd01e519dc38819b6c312d97305cb54eb87f6c24d	reproducible
mobile.war	images/ImageFactory.class	class-or-library		1856	93d79e07d514a771920592e93493d8b1b12a8781909994972a40ecedfae3185aa42b0e81a874e613c45223c25f3f77950152ea73133827e922e8553a5a5693a2	reproducible
mobile.war	images/ImageFactory.java	http-addressable-unrecognized-extension		6980	764075c43b9d3ee582652014386d77c6c652bebb093f1299de116a945b3e74a94592cacec2d2597f78bd45c2dbb3c13f629c244942f37c80f22b08266369c550	reproducible
mobile.war	images/Import16.gif	http-addressable-static	/mobile/images/Import16.gif	701	f3a5ef190aa3a9d3274c3d25979c8d1e48f99985af325cb1d8c02e14402f166397f29f56868046b5810b41a58aa90508c677a746bf1012b542817af10a87859d	reproducible
mobile.war	images/Import24.gif	http-addressable-static	/mobile/images/Import24.gif	1098	85fae57a43ec6ccc1e20730f5386449f1503fc94400bb4a6ff7e1ec144290b3805ef4cdda2fb427651bd5ab1d51dcd94bf7baaf8b9bd83d00d38b3e0cb3ba03e	reproducible
mobile.war	images/Info16.gif	http-addressable-static	/mobile/images/Info16.gif	863	9e48d992310448e262414cac5446e69491f5c14b449456e48c0fcc038dda17d18dc1541cefe597699ce75350b7577302847167347bb5ecd7f361968b50c1d9f0	reproducible
mobile.war	images/Info24.gif	http-addressable-static	/mobile/images/Info24.gif	1204	4ea3eb93e60f1c18e8e3807075c4b9e70858763a363de8596a1825b93422b28cef73ad89c31d91cd5f9cafce6d07637910bd6e7cbca33fb5cd2d86b581f7bf95	reproducible
mobile.war	images/InfoAccount16.gif	http-addressable-static	/mobile/images/InfoAccount16.gif	572	0ed9ec408ee48cfa9223862ed5b6fa500dc330ccbd4f4d07c552f3fcba3c477fbcfb73fbc85d8406df59f5d1945870037ea0f29c04f47c4487c8c3ff466120f1	reproducible
mobile.war	images/InfoAccount24.gif	http-addressable-static	/mobile/images/InfoAccount24.gif	960	32cfd5936ee7b9febbaeb0cdb6224651421de93bbf38d8c54827bd5f2f0c4942c51d67e47bb85c67a369d96c29b38ff35fc548a15da4fc568ad0ab75ee4b8929	reproducible
mobile.war	images/InfoBPartner16.gif	http-addressable-static	/mobile/images/InfoBPartner16.gif	628	e6dc22e8456d761dcf8ba248d9e83c9fa1d2fa5682029211226e5e2e305f9130bb1cddd76392899b98bfc625fff18360dfce44fb3d70f51273dc155b4f02ee90	reproducible
mobile.war	images/InfoBPartner24.gif	http-addressable-static	/mobile/images/InfoBPartner24.gif	866	ada4a1ac78a66bd443efac46851723231cbb56c57dd48514a3d6ff184a4251a9eafc1fdfd3b320576b9337c8ebb03326927138e42e71da594a697b19175fe826	reproducible
mobile.war	images/InfoProduct16.gif	http-addressable-static	/mobile/images/InfoProduct16.gif	439	31a771e760a98cafcee09524f24c92705de98dd2bee182a34aa1038b8d4a3728faed3d835679fec4e77a9da086a151f1bdaa0bb3d1e8a5d6696b82bfcbc0b58f	reproducible
mobile.war	images/InfoProduct24.gif	http-addressable-static	/mobile/images/InfoProduct24.gif	693	a8cf9b26e5c9d796ca7246bfc0ad25fd599bb39734d72138d26b305d71d10065dcaffd94b050a0e796da519424c3c2abc69ecbc4c1063c7259a2325c9e57ddeb	reproducible
mobile.war	images/InfoSchedule16.gif	http-addressable-static	/mobile/images/InfoSchedule16.gif	897	3a56cb64c8de7f4dc0e5f154aa55b740d8f6d818ec859957874e84ab53caf91724c36246a531407f5e2a0fde86b961c84d18fb1d36637c6a250c13a7be2b61cb	reproducible
mobile.war	images/InfoSchedule24.gif	http-addressable-static	/mobile/images/InfoSchedule24.gif	1411	7acab5cc72361fb15a80d04550fbef460b5be720817f615aa3e72307bfd8a500ebea348d0aa326ab3965531004ef0fb44641f6c6a6192cb9cfd9dd0ef5b6d153	reproducible
mobile.war	images/Inform32.gif	http-addressable-static	/mobile/images/Inform32.gif	1910	d6d10fd4dde797c02bc95e71a837df41683592cd26227f02b97e041868995aeae88de374a3944f4b7b3ecbf48aeb1a67cbe8f6ef2f4042fcfcfb4fb42d5805f1	reproducible
mobile.war	images/Italic16.gif	http-addressable-static	/mobile/images/Italic16.gif	619	0e9461e8051aab49797bc1d36488e56a0af9b994f960bf1e5665636335755ef156d77d14a9a4cead1d3a90d8ad7b59d4ee39e175f69d1689c6b36e40d8c1cb0a	reproducible
mobile.war	images/Java_anim.gif	http-addressable-static	/mobile/images/Java_anim.gif	8630	6917a13fd78194e0d2b9efcaa0a3ba80daca077f91216d04ad808f13cf8c598e05d5bc0ac61c670842e973fca8a2b4e2a76634fdedae7eac1bb4787ab381d8d5	reproducible
mobile.war	images/Last16.gif	http-addressable-static	/mobile/images/Last16.gif	663	6b887c25f855656bc53269c7640524f2846185da7c928aae8a297566c45ec8c86dd3712f35304627d654b0b399cc05c498346edacf036149acf70ffce24de4aa	reproducible
mobile.war	images/Last24.gif	http-addressable-static	/mobile/images/Last24.gif	907	265dd58b94787963c8a43bdb87950181eb5a1aa49846daa51d7ff7f34e06030ce1923e8e0f8c5fb4fe0bae0ab5667db18ad79bd960526008b39b1c3657886915	reproducible
mobile.war	images/Last24D.gif	http-addressable-static	/mobile/images/Last24D.gif	907	265dd58b94787963c8a43bdb87950181eb5a1aa49846daa51d7ff7f34e06030ce1923e8e0f8c5fb4fe0bae0ab5667db18ad79bd960526008b39b1c3657886915	reproducible
mobile.war	images/LastD16.gif	http-addressable-static	/mobile/images/LastD16.gif	112	faa8d96bf101f7dd61a87ac2c88ac674d4d1e26be7e1ed18d9974c669d693dd765d6954efa7abcf2647ff735cd03cd94b287112b7690cea3f8671c0f201050c3	reproducible
mobile.war	images/LastD24.gif	http-addressable-static	/mobile/images/LastD24.gif	124	03ab620c00692050f5c2c93ad492b6d059dc3fecf9f668cc67c388f2eadfebe122be17b7d04a99a9396e350046955fe008105e99b82a1959edf5587e3b0ee8fb	reproducible
mobile.war	images/Location10.gif	http-addressable-static	/mobile/images/Location10.gif	162	d253488e9dffd16ddf02b91a5e0a42efa15e37a934d2ed706d5cb982179a733d3b94ab077702ab6113d881126753f4a11a9512f40738a140d71b64e8a791c4e7	reproducible
mobile.war	images/Locator10.gif	http-addressable-static	/mobile/images/Locator10.gif	174	4ea883dd4cc461670c9ad709e6a11162a1af1d78c977d1500d1ff2fbc62c803cb268d8532db6c24d4c7d1ff9d6d6c76225054569c2b238a6e6fcc86be71de727	reproducible
mobile.war	images/Lock16.gif	http-addressable-static	/mobile/images/Lock16.gif	731	b4fb87e35c6393422616f6f20cbfb7715b85db7c216c095924c8201f20c4019fc3e3eb73ac2ec20e0daf05ad0f5fda28f533986b800d069d8728f69276e67ca9	reproducible
mobile.war	images/Lock24.gif	http-addressable-static	/mobile/images/Lock24.gif	1041	3801d3f70d866ec3bdf43e7fd86955009d8c6909b254767f575de225af3e4b08f9b1ae8d4fb2ef5c1bee7da069f70cc0ae3643aef5f81aad5d2caf8d79f9e2e0	reproducible
mobile.war	images/LockX16.gif	http-addressable-static	/mobile/images/LockX16.gif	798	c0e325de64901000b0f2e6f3ca07bc022c3ab210cc1b9e96c0ed15cac22755ac982ef629d2c59cfef3b3a829e26f08532afeddb2a5d17f16067658ada94b9a0a	reproducible
mobile.war	images/LockX24.gif	http-addressable-static	/mobile/images/LockX24.gif	1232	edc2a5870f513bc813b60364833332d9f7384130898d817c2ac66637ed7c2eca429520396d48b574bd719853e9ba9d4aad10aa084e1a2a21f44ea0b5af4756d6	reproducible
mobile.war	images/Logo.gif	http-addressable-static	/mobile/images/Logo.gif	6545	9858ff42c80861d10a6239d88c216ad1130d6d7faf42a7ed7286146ce971ffac1fe8698fe1315f6eff9c975dcc24895b638f48e05305abfd40ae75be47082ef7	reproducible
mobile.war	images/Menu16.gif	http-addressable-static	/mobile/images/Menu16.gif	400	da5d3437056bb19c7a85e17044a05eadcd0fcf79d73bd20a3af61c8249b47a44a02b1462f5b2dac6a45c5e4e856cc690e263401756cedae39ccebf31c94fbb7e	reproducible
mobile.war	images/Minus16.gif	http-addressable-static	/mobile/images/Minus16.gif	247	573efa522774da629a6e4e138d3018448cc6afcf86427e5f065e2a9d745dc8e123a0a6c811fd920f75a0689dfea20c0e777c3548d39b8bc748f1c2ca8e78d70e	reproducible
mobile.war	images/Minus24.gif	http-addressable-static	/mobile/images/Minus24.gif	252	c22f205adef86ae74735f677f11983a5ce74edc6ecf2c427d3c0b3015ad371891e9ccbe4de3a757b365f5d879de2ddcb2c92a1ff31c31a7b4783d9fc484b3240	reproducible
mobile.war	images/Multi16.gif	http-addressable-static	/mobile/images/Multi16.gif	345	4473315040e136342bb4a9005cb2a3a905489c0f800adceddb35f05c1713acc706f64e8bc9a36c9c7cee0d272d8cbe6e70fa40be4d59d5803e42f811549394f8	reproducible
mobile.war	images/Multi24.gif	http-addressable-static	/mobile/images/Multi24.gif	892	e9ef4a563f9d2b779b94defbfd4bdc343481a6084bd6ec785e35d76fe1f7e392cb2ba8cafd91f8f6a12765e1f9fe4df83aee0b403fc19667d9e03ca05d327ebb	reproducible
mobile.war	images/MultiX16.gif	http-addressable-static	/mobile/images/MultiX16.gif	650	ed8f7120b7e146fb743fdb6877580a87f39f2bc991781616bdca8166262e8a62d2357884b26476c8f5f97ebefad165c7da5c6cf12a785063bc8d2f95564cce35	reproducible
mobile.war	images/MultiX24.gif	http-addressable-static	/mobile/images/MultiX24.gif	834	097356114ce081d1dcce66d3bcd7c842246f821faf7e186d7b337c8c6f44b55f73127b2ee91bd7f1d430b9104e3d6e561911d74f1797dafba985a5dc8837b417	reproducible
mobile.war	images/New16.gif	http-addressable-static	/mobile/images/New16.gif	477	46d103519101181b4a22bd708edf9a97ff2d558ead850ecaf89fbcd51f1b330e5d57ce664b4b8506e5fabb572cbee3ae289f9a048850246dfc54910ac4241166	reproducible
mobile.war	images/New24.gif	http-addressable-static	/mobile/images/New24.gif	692	cb099825acad6facae9b7c5228d501d010baeeb976a2384e899cca1c31f1b2c25f3bf7455c40dfd52bf6108e403aa24aab65ad38c3b2f7010619e9a7a8ce75d6	reproducible
mobile.war	images/Next16.gif	http-addressable-static	/mobile/images/Next16.gif	683	5c22216525a4f905f1972499297697a33c5070270aad71f96a4ef18c45d010389a13b2f545e11fcbc0e37636ba8edc5fe989db4bb42fecd6c65752f195f94e60	reproducible
mobile.war	images/Next24.gif	http-addressable-static	/mobile/images/Next24.gif	874	011030669891d5cf970e08d8b87b2d77d714b12ebb4657ae395fe5458a71cfbc851a27b49a6408c0e96ede28d4870ac6f362f57013cdbb2aabe2e3e0e73dfc69	reproducible
mobile.war	images/Next24D.gif	http-addressable-static	/mobile/images/Next24D.gif	874	011030669891d5cf970e08d8b87b2d77d714b12ebb4657ae395fe5458a71cfbc851a27b49a6408c0e96ede28d4870ac6f362f57013cdbb2aabe2e3e0e73dfc69	reproducible
mobile.war	images/NextD16.gif	http-addressable-static	/mobile/images/NextD16.gif	185	b8b08167b3030fbacc0789c02d66cd0edde0cf0e3638bb49667477af35b6d7f466620ff6a712e496962104d09f8ca50b6947be5684470c7e078d4938e2a69667	reproducible
mobile.war	images/NextD24.gif	http-addressable-static	/mobile/images/NextD24.gif	107	36bbfc00ba403e82f9a6d5d79131b6e693c953ec383d8c7ebd8852fba25f15d1b8b8813211c05a6e505e3b0be959fca9a0fe2deb797e41d2e885171ac6248ab1	reproducible
mobile.war	images/Normal16.gif	http-addressable-static	/mobile/images/Normal16.gif	541	a4d7970d939c2c19f48f45496f70a07baf446fd6360965105519daf144d14963e3ec78aa9286d93228e9c47c3475139a692882a9f302662abc8f8ea4a99dec82	reproducible
mobile.war	images/Ok16.gif	http-addressable-static	/mobile/images/Ok16.gif	626	f5fe8f5d80d47573024b635a6692ba12dc11ef61bfd46c60fb37bbcad38bac4466cfdd8783a9b0744a5cd94d4ec9620ae905b00908ccd01fc9ee9eb43d68b3b3	reproducible
mobile.war	images/Ok24.gif	http-addressable-static	/mobile/images/Ok24.gif	936	def0feb687a053ba4c67ea61f7c54ed1a64257a59da3621ff53491ec163345de1384b85f8dc539b751f60ad589dd74c965a19e5458da9b30f47cf9b82ed70a3f	reproducible
mobile.war	images/Online10.gif	http-addressable-static	/mobile/images/Online10.gif	496	6500dde6ca290414ba9c1523e9f57fc697492971329c9db7b09c9395c516051596bdc30965f80489bfb3e3ad8345f19810af72620eb6b607888b5dcc762f3c7d	reproducible
mobile.war	images/Online16.gif	http-addressable-static	/mobile/images/Online16.gif	864	142158225e0833494a98c74ab2df79ab1d60ad3aa99229b09a2dd2b230404073ff60a5d84f4c4bf6051261c688793a0aba3afac8940cdc05067f58bc2a48ebaa	reproducible
mobile.war	images/Online24.gif	http-addressable-static	/mobile/images/Online24.gif	1397	528e6a5ec23f7a082e5b73940f3b9211f3c93fc606a617a2382ad0e74100982a9ad5c2a99cecdafc9858ea970849af911e6f32ecb93ed75dde7de6a73b950d5a	reproducible
mobile.war	images/Open16.gif	http-addressable-static	/mobile/images/Open16.gif	523	651eeca0f3011f049d150b2cac0326bc22c96ac215a7533fb329f1acfedc448cbe1e6a4a5a4536a015ea1b69b3c64d6c3cbabf3eaf131528f91cc8fc109aae25	reproducible
mobile.war	images/Open24.gif	http-addressable-static	/mobile/images/Open24.gif	803	6979b2bad6e9980c1009f3406624a71a3414a227e7507be1babe12cd93af393091dbc3c12edc0c1c12241792fa28281edd678e0c0d27df8d0b78fe4895d7b439	reproducible
mobile.war	images/PAttribute10.gif	http-addressable-static	/mobile/images/PAttribute10.gif	373	7e2bf7add21076302f85b3ef4262c7f2bc21a7b09f7b85bbcdf8dc72f9375ada5a37828dd24464b1cad1b2d29c759409d8388a31b8f4d25a26be3352bfcf4a52	reproducible
mobile.war	images/PAttribute16.gif	http-addressable-static	/mobile/images/PAttribute16.gif	453	4105aa0b4ba30cb7eacac993301cf9284eaaeadacafec7e7d5122c24c1088257f730eb4adaff4113d261ea4d16cd88e054c24a55813cdcec7b8deba190addb65	reproducible
mobile.war	images/PAttribute24.gif	http-addressable-static	/mobile/images/PAttribute24.gif	737	978cbfe18c579bdfd1097fa1bb5cc509ebe626d51f359f8be47fb5f7c177e906481a1539e20b48b0ae2f60a92a2a9c284eae195b543789bc37bc76bc12305658	reproducible
mobile.war	images/PageSetup16.gif	http-addressable-static	/mobile/images/PageSetup16.gif	775	9a8bb5a7a12d146039b7b0556828270cc29ba00037fb8fa857f77f914b618fb19c1e0b170bde198eba1568487a91e409daa906a7512bf3d19c2481e42ca1de13	reproducible
mobile.war	images/PageSetup24.gif	http-addressable-static	/mobile/images/PageSetup24.gif	1241	d1cca15f3c21a8818163d6298371df596cfe9e22058ea152447355524f4fb3c0e5611856f2e0d59d20bd0bfdd51150c9fa7c16fec1d4f999de40be4b46df73fd	reproducible
mobile.war	images/Parent16.gif	http-addressable-static	/mobile/images/Parent16.gif	655	388b3fd664c63e88311ca55eed5ed61c43c23d00c3c42301eb54b9ce92a56b640bd0c1b0191c4bf8368ed5175a2bf8e51904fb5a947b51497c52513b7c959a1b	reproducible
mobile.war	images/Parent24.gif	http-addressable-static	/mobile/images/Parent24.gif	955	eb7e79c45a4dbc0673e2058688b3c1096a9fbe1d13c6a4eab2c8e9641ef04e00d58fbd22f4a88711c87440a7c2a3b8068ca3a15e0c21afcad137161e1868bceb	reproducible
mobile.war	images/Payment16.gif	http-addressable-static	/mobile/images/Payment16.gif	804	9941482e9c343ba9bacf194694e9254b55e3378fcd525bd3d55924e1c2d1fdfd1e8294f215259002c20a9d0a8034c0adaaf4c551c606ca5f3c1dbff3983eedf5	reproducible
mobile.war	images/Payment24.gif	http-addressable-static	/mobile/images/Payment24.gif	1347	ce85830a9e7d3248cf4a82f683328322966217197c14e910ad14c005b7a3aa6b36d9eef019ee9f47e5fcb7438a7269cc9c88f137d87ee8cf295cf6489d867279	reproducible
mobile.war	images/PickOpen10.gif	http-addressable-static	/mobile/images/PickOpen10.gif	460	0c67cd32e98df9967aadfd918dbe71d14cb435467a737d921e9af1bf395f15b7b87300631dbe5eca98b5e971796a91bf436e0d59fcb2b90f6988f074f1f3d88e	reproducible
mobile.war	images/Plus16.gif	http-addressable-static	/mobile/images/Plus16.gif	323	db05b696bd00dc562d2e02ac7c4e55a0906991378df161436e22ccb4ef122d51ad39c4df33b3cec89494a98b1b60febf61881b771414c37c1afaadea23687207	reproducible
mobile.war	images/Plus24.gif	http-addressable-static	/mobile/images/Plus24.gif	386	c99d5c0b58ed8b304b6779dfb9d9cb428e4e845ae86a451348c488fbaa9f0b41dd7202ae85849552f5c82609b1e4fe56ba9b0945ae03839596833d4e6429cabb	reproducible
mobile.war	images/Preference16.gif	http-addressable-static	/mobile/images/Preference16.gif	611	01f9e3565f198ea65b1334962f9903b865139372d6a5ce26251daddd22f763f5a0419f2f3d328207ef99b055a220b8ceadde3ecb89cf026dd3b1d235a45dea4b	reproducible
mobile.war	images/Preference24.gif	http-addressable-static	/mobile/images/Preference24.gif	1151	b5e6660ce39d4d14b861b059660a93c91b8e94fdbb9357b088d187fc89d6fedf364044f65e8651c31901f14847c0a771558980935ef3c76b10a66712ff63e413	reproducible
mobile.war	images/Previous16.gif	http-addressable-static	/mobile/images/Previous16.gif	652	da042f6c3137de224c1f23110abe2ecfcbfe004d864d0bef98cf76c92688ca88096291db240adc8aa54ea7a2c865317e0c55bdf36682cffa39d17d79421360a9	reproducible
mobile.war	images/Previous24.gif	http-addressable-static	/mobile/images/Previous24.gif	877	8bba21ab5d8e65c6f0eeab76afdff0aa76d07240e6e6087f2b2702ec816b35e9a2d2e3743713e02686caf0da6eea605c93a1a146168d8574feda92f7d979cae3	reproducible
mobile.war	images/Previous24D.gif	http-addressable-static	/mobile/images/Previous24D.gif	877	8bba21ab5d8e65c6f0eeab76afdff0aa76d07240e6e6087f2b2702ec816b35e9a2d2e3743713e02686caf0da6eea605c93a1a146168d8574feda92f7d979cae3	reproducible
mobile.war	images/PreviousD16.gif	http-addressable-static	/mobile/images/PreviousD16.gif	184	89f8f42c84531e31924a578fd6545a0c49290522c4575d5f34870237aa299b2052c25e506cc8ede1e76dd96d3fc807233135b06540c1c67eea59069eaa22475d	reproducible
mobile.war	images/PreviousD24.gif	http-addressable-static	/mobile/images/PreviousD24.gif	106	5b36ec0470021cec3ad91a714a21dd11c9d4300fae4e4f21acdbc54c1ae5110b69d56c5369a16d1eae27893f6be08720c72a679156bfe51640b138acc766e65a	reproducible
mobile.war	images/Print16.gif	http-addressable-static	/mobile/images/Print16.gif	544	a7bf7aab9c4bb3d04b376358c362ef2342ac8af4a28869e135c12cf808170faa9d59bea7eb67e566f71205b63f11bf1d34f6f2bc0a735b98869dd956e6644ad6	reproducible
mobile.war	images/Print24.gif	http-addressable-static	/mobile/images/Print24.gif	869	b76d824d71b70b5aed6b48d6e63bbf3a9e9ab551fc0d109049cc2e2524b843aaa1469fd69d07bc2ad6cea92f3d6bf63bbd2c6328bb375ba25cf5dc6265a6d51a	reproducible
mobile.war	images/PrintScreen16.gif	http-addressable-static	/mobile/images/PrintScreen16.gif	707	47a7d30636aab8f8331696ec55101b7be1bbf1e163dd135d323019979138bc38e5fc146f72ee9b57380c48dd5e8852d3f7de0b7cc8af86f1225b9734ef1895d7	reproducible
mobile.war	images/PrintScreen24.gif	http-addressable-static	/mobile/images/PrintScreen24.gif	968	1ec1cccac4c187ad8fd4ca44dc44a1ee3bdd478c789480c4e34e487a64ddc8408509deb4c5db7266b9fc224cb446bd2f122cf228ce97b2674c28bd79d49431a4	reproducible
mobile.war	images/Process16.gif	http-addressable-static	/mobile/images/Process16.gif	588	18a368392d402138bce2343c076b812f0f03209a8c9ceced7bf84d058c12527f2df5ab911bd123f4ea09b7d1bb724426e7b5e691658c716d81d06654585fc464	reproducible
mobile.war	images/Process24.gif	http-addressable-static	/mobile/images/Process24.gif	1488	787844d1a3c70d8ae3581c2abd1b942d92661f098d580a23142fcea0817ad674155ab5d32e02a782078f59f340815dfb2ff19f535b3cf903ce46d5391198c34d	reproducible
mobile.war	images/Product10.gif	http-addressable-static	/mobile/images/Product10.gif	347	ca687a7bbe407e2b869bb7c35993252b39aff363d7e1be83caa15872a00e5e965ae04a37774b49afec170f049654b723bdbfe7d99cddb2fa314cf25e7820e1da	reproducible
mobile.war	images/Product16.gif	http-addressable-static	/mobile/images/Product16.gif	439	31a771e760a98cafcee09524f24c92705de98dd2bee182a34aa1038b8d4a3728faed3d835679fec4e77a9da086a151f1bdaa0bb3d1e8a5d6696b82bfcbc0b58f	reproducible
mobile.war	images/Product24.gif	http-addressable-static	/mobile/images/Product24.gif	592	2475ba7312b6158a679955462035a58a5ca383cf6269d26541cfadadd56f3148cfa24fac3066ce0e86e5e81190fa16fd247f3aea86c59a5ca77c939e981f749c	reproducible
mobile.war	images/Question32.gif	http-addressable-static	/mobile/images/Question32.gif	1482	c4d9feeb942cfc21241b23589c2acc91eaa4fa2f3aa6090d9af3a7d8647965c9b416265d08230e24b5b2d9ab9589776564e03f12cb7fbea2f33d9a2f339900d9	reproducible
mobile.war	images/Redo16.gif	http-addressable-static	/mobile/images/Redo16.gif	591	a4fdecde8575f0f4373a820518a78263aad28a9a0a0e84c4e9fda948f98d2e59d76d595783e91a18d5fed7cb7395c7d53d38912b6bc7246c245f5a1b0430b720	reproducible
mobile.war	images/Redo24.gif	http-addressable-static	/mobile/images/Redo24.gif	810	157362d24fea1bb85ad962047b9c368c4de9b0b4091d41730c42e343cbf30e4edd61eb720f0c7fd2f349b9010454678a13118b9622357552c5cbe3e3856a6578	reproducible
mobile.war	images/Refresh16.gif	http-addressable-static	/mobile/images/Refresh16.gif	912	7c8044c405bd04c36589cfef6fda805dc25cfeafb0afa5a33d954f478cc6cdb71ae62f10c2b96f9a7b711984cddcc2e30d4c6916e935f68053fec2acc7a8f7bd	reproducible
mobile.war	images/Refresh24.gif	http-addressable-static	/mobile/images/Refresh24.gif	1364	11f90b0ba780d1a39e5373fee98bf9323da4f3e8475d22715c9f33a98e3c754cf7e4a07e67a233b5bda7750f16d8612010cb59d83cabf815731a543352760d18	reproducible
mobile.war	images/Register16.gif	http-addressable-static	/mobile/images/Register16.gif	506	7c05d5cbf73a330d967070e7fb73e048b8b8c465fa06507efa1884e89d1c8038db36ed3c98134644be3f612d67e3c318912a82714935ebe1cafef6ce60268680	reproducible
mobile.war	images/Register24.gif	http-addressable-static	/mobile/images/Register24.gif	853	43bfa5ee2beb24e173c31f500f8e80acffa9bd8b7603d69386f637db693d7d50d163e792576cb02a9ff31034b28ba78605d404de47524f018f818d6d6a386081	reproducible
mobile.war	images/Report16.gif	http-addressable-static	/mobile/images/Report16.gif	779	0778e673ac611606da243d56af0db33cc0d250f66755d1fd146583330cb08d9122dea707c5e092a5ba70434d85b9e65cf06a4dc60082c5570582ce391dd6ce85	reproducible
mobile.war	images/Report24.gif	http-addressable-static	/mobile/images/Report24.gif	1131	6d1f20acb5569e4f85b8cd4be4847b45d81098667fbb92a8407244507dfb3f8a1cc07af7d6fe02c78d52eb44337ce8c7e0caa1318447d0b2a9fc2f200682ed54	reproducible
mobile.war	images/Request16.gif	http-addressable-static	/mobile/images/Request16.gif	868	a50923a64a3b12d85d9754afcdb221b731d58be9d6a7b0373ea44d4fc3650659e159f710b6555aefcec4037ca7ff12e62cb9330287d17356b23b0e73158dea29	reproducible
mobile.war	images/Request24.gif	http-addressable-static	/mobile/images/Request24.gif	1320	bce8de20063f1b47b41c155b4f5920621e665e8f6e15ea764373483c7cb042b5e64ab43ec381bf7b745c7b9aa9892384db6a2ce0c4fe92dbb27ce7038e474b26	reproducible
mobile.war	images/Reset16.gif	http-addressable-static	/mobile/images/Reset16.gif	723	fb4d71acd5a55bf20c761621ffdf42bfa41d40b89ec41eff48a75839cf907a737be221900afb4606e09b1fa1cd0580bb842ad92ae8abf532b03ba3ea266ee172	reproducible
mobile.war	images/Reset24.gif	http-addressable-static	/mobile/images/Reset24.gif	1054	9101a863a1913fc73f48a11d8547bcb19b81b5832ec8b207a3c15bc5d9218a6eac7cdbfa180da69de8bee147c236eef77583a2768315416c1ba615ca4b178e6e	reproducible
mobile.war	images/Save16.gif	http-addressable-static	/mobile/images/Save16.gif	561	ccadeaa64f56bc6d6c920f29b164be62ff0ed34cb722a701585d0985ed00007cec5962eafd2d1a87d956055c076282b47525efeae85eecfa5dfb6b8654100c04	reproducible
mobile.war	images/Save24.gif	http-addressable-static	/mobile/images/Save24.gif	787	ed9c2fe402d79009c12494ffc2712adf89d5871a16b7e85fbfe75497d7c47a7a5655475c97d4f3e706b68e0ec2a62d9095189e03dd434438cd339e32e3ba9aac	reproducible
mobile.war	images/ScreenShot16.gif	http-addressable-static	/mobile/images/ScreenShot16.gif	772	4f2f189c80ee60d64576a2c8d48f5de14c2edb2b3795c7d3e8f8e90f32e1c1e124fca9f98818275eb319a9f8506e14d41ed27146aeb7be9b97c86a01ef4b0789	reproducible
mobile.war	images/ScreenShot24.gif	http-addressable-static	/mobile/images/ScreenShot24.gif	1261	ee2494548c2ac3f7a48de5310cf1beca8238df923bea9fbed9a2579b3b4a590e0341b6ddbf1e171c0518214b5bbb3dbcb2a6efaffdf2202822f0e18f1f443ed4	reproducible
mobile.war	images/Script16.gif	http-addressable-static	/mobile/images/Script16.gif	516	3c2b3f915c3a56ba480b2d1ad33a92aba3e492bc6df8efdb33a4ad47272c9fa5b1cf6a983cdf69c9e45e6c7988d5773227b10630862e46c17071af4ddf18193d	reproducible
mobile.war	images/Script24.gif	http-addressable-static	/mobile/images/Script24.gif	885	359da7d220b459c82c02a9f16d65d95f80ae6bf59514e9c5c7e139d86046a0a06926618b98f81530fda77e9e4d5b622471435f615131951559a6323d95e083c3	reproducible
mobile.war	images/SendMail16.gif	http-addressable-static	/mobile/images/SendMail16.gif	626	bf1c9b8ea8c54fd83a572157bade276a639e918ebcb8d4939d443b0afa1bac8c22cfe67203435e9eee4a3273adee9356a5e173c46a8cb13e1fba35793e333c84	reproducible
mobile.war	images/SendMail24.gif	http-addressable-static	/mobile/images/SendMail24.gif	942	5a9f67d42602f7855af7159a67aefa2d6c66f4b22c253c4a48a9ee6d9879f2e4bdbb5fa5e790c6ebcc2a307a5017fd2b2a0d103d22138a8ce35f3cfc47a9ace5	reproducible
mobile.war	images/Server16.gif	http-addressable-static	/mobile/images/Server16.gif	642	2c6403125f25e3a4c587a415a3bd3c822520d6a0afaad9a97f3427b47a8c06adeba6d96b3159c1ae62139252e06dd92aeb55c105c56a755f3cdea32baa6aab59	reproducible
mobile.war	images/Server24.gif	http-addressable-static	/mobile/images/Server24.gif	878	b308116f6aa3640a6cd96b991cb03fb62160f8f0aee87d3afb3828e82df724d468030168b59188801f69ad1d7010bb96d29c6a1d04c008cbe14c0ea073a6d4b0	reproducible
mobile.war	images/Setup16.gif	http-addressable-static	/mobile/images/Setup16.gif	964	e0c5abbde6cf113748461484f715d5c259e42f14254550fc20dc5525128ace8774ffcbbaef59cdf5e4a02b919756ce69e341c40d1eccaed29a22a4c213bd0e99	reproducible
mobile.war	images/Setup24.gif	http-addressable-static	/mobile/images/Setup24.gif	1464	c151e2d0d6ad4a4340b266429dc232bda50f813f2903fdaf8a26d0fcc8ba521d3efa51632d8b6d939b1cd8d3a7208903be089a2d49f814b99bd9394072dbc799	reproducible
mobile.war	images/SpacerWF.gif	http-addressable-static	/mobile/images/SpacerWF.gif	844	0821c1f1d1e5360d2dd3db27c503b246f9f22f19c3016407ab631f003fd1c533d8918b038fe291adc791f618d089608cc1c907d286c24e5293a2e4e73fa496ef	reproducible
mobile.war	images/StepBack24.gif	http-addressable-static	/mobile/images/StepBack24.gif	1048	6dfe1a361ae4bcc27e2fc601837f48d8a1a779255311cba0f372adbc58328fcc0cafb9d44653ad136d016908724b5a972a14192652102c318ca803d9ec8b1230	reproducible
mobile.war	images/StepForward24.gif	http-addressable-static	/mobile/images/StepForward24.gif	1124	6237a02abeab098081ba3fa4e12d73513da3c64e030ae396e781bee790afc6d5d223ad25b4b644db5e164a8cac63a4c14a1c6e9923d3e35864c6de18322dba72	reproducible
mobile.war	images/Summary16.gif	http-addressable-static	/mobile/images/Summary16.gif	561	29fc00110bf76d7d94d6997d56ec2b07542dd782f2147f2c56ac98c8662ba1fb5318ee98a0ef5a7b953a1b71d5061d3dde432a30f866fcf37d3085fb37278022	reproducible
mobile.war	images/Summary24.gif	http-addressable-static	/mobile/images/Summary24.gif	773	82d24f9eb47abb707c798991b641ade2d3ea498ea3c52934f50883e141e87ad6137b8da15f30d884f0fb0a8d64fd7d119a5f2a0bf2b577ee00bc5aeb200e03f8	reproducible
mobile.war	images/Translate16.gif	http-addressable-static	/mobile/images/Translate16.gif	567	f0c7e2f690d5f02a96043ce0c726f61b92530b4bb51c9d450f6e731b8bb628e57db68b2586a44239b23b02a17f2e12b97a0b338cc68facda500df9537e84a79e	reproducible
mobile.war	images/Translate24.gif	http-addressable-static	/mobile/images/Translate24.gif	1210	2929f3d7b438a723da2adf7c0698cec0a27b52a11d000b23947fc1fe5c5f69a4b42dd1b96a3dc0a7d23103c7b148d0dca402e3019b56ed2d412f39e0b8c70e18	reproducible
mobile.war	images/Underline16.gif	http-addressable-static	/mobile/images/Underline16.gif	673	eb76bbd5d2f238410a294756217bc92e2714b8fdc599d5408d4ef78fc0244dbed9f652e42710da22530ac10042ef3ac972fce6f94007bfeda017f75eebafeb5b	reproducible
mobile.war	images/Undo16.gif	http-addressable-static	/mobile/images/Undo16.gif	649	35f1854b3d23d850d3485136f32b69e69711de1de6d08ecb0b3778a8ba879e730820bee485a26d1d5914ffa1bf98d6b00ed40e8f104c8bbc94552fdd6eb7a822	reproducible
mobile.war	images/Undo24.gif	http-addressable-static	/mobile/images/Undo24.gif	999	15ba7b9ede21d45dc085fe5c6c8cf47244b6e90275c75b4d49e877d4579308bf4d90bf4384d667d611dba0e3e4f4f627fbfc427f044e763a213f6b97912a3f3b	reproducible
mobile.war	images/VPreference16.gif	http-addressable-static	/mobile/images/VPreference16.gif	757	87f43b0c59c0ce273f8a3973da29bb58089ef54eda3ffb70a0a106520899f55e470b04442d418f812577fa5f42d22638a53eedea2539599d4287a7278c1e6369	reproducible
mobile.war	images/VPreference24.gif	http-addressable-static	/mobile/images/VPreference24.gif	953	549988c1a04bc3bbfdc60c7b3dd12808d35668ba0a16b07f56deb9097963892226e119d65871e72774ed8ecb59f67f311eb7fc1e308d7f763d847cde611dc001	reproducible
mobile.war	images/Warn32.gif	http-addressable-static	/mobile/images/Warn32.gif	1377	500bdfa9a98f38d642b3b0fad57eb462de20b1479b9b0e2624b69f45ea954718bec37bcafb350981f3cd27e56f1ee7c5c85e85450f8e51f49a5791bf8dcab35e	reproducible
mobile.war	images/WebImageFactory.java	http-addressable-unrecognized-extension		6990	18a5bdd6533b779776d836037bf5ea496d6d97191f783975487b4d2aeb62d73f1c20817ca18e6b93a714fb7e4c97b509cfa3de0a808335a8f3a5deb1dd2892cb	reproducible
mobile.war	images/WinSize16.gif	http-addressable-static	/mobile/images/WinSize16.gif	772	1c4d0ebc718fa5e928807a60c88580ba2d2a1d1fad260b4ad3ec3917fe30035163b25544ac3529c63a8e1381cdee2b03c2af4e628f048a0dae6d6e65bb430079	reproducible
mobile.war	images/WinSize24.gif	http-addressable-static	/mobile/images/WinSize24.gif	902	819dfc37bdf905029e8d9c856b9992938dc8b56c8bcefc99442658047d4d175eb66e315c1a00f6cd6af90762ec7ddb15e405005f098d9e0ea5ab9dfe346534f9	reproducible
mobile.war	images/WorkFlow16.gif	http-addressable-static	/mobile/images/WorkFlow16.gif	363	002b3f4f9769fccc2edfadcb46724ca4425487aedae0439d4a266edd5c046d706ef9b29cf02946edc99cb01320f76c51eb127ccbe5c8c7fe97517d0c2c556fbc	reproducible
mobile.war	images/WorkFlow24.gif	http-addressable-static	/mobile/images/WorkFlow24.gif	714	a5d25f05c95d2a9931869f2f38aad3702651377bc2e22d2e606d52e889d435819b2717ca87e31dbb605316432dfc5e4a44749cd56504ca6b6ac2568fba701f21	reproducible
mobile.war	images/WorkFlow_16.gif	http-addressable-static	/mobile/images/WorkFlow_16.gif	363	002b3f4f9769fccc2edfadcb46724ca4425487aedae0439d4a266edd5c046d706ef9b29cf02946edc99cb01320f76c51eb127ccbe5c8c7fe97517d0c2c556fbc	reproducible
mobile.war	images/WorkFlow_24.gif	http-addressable-static	/mobile/images/WorkFlow_24.gif	714	a5d25f05c95d2a9931869f2f38aad3702651377bc2e22d2e606d52e889d435819b2717ca87e31dbb605316432dfc5e4a44749cd56504ca6b6ac2568fba701f21	reproducible
mobile.war	images/Zoom10.gif	http-addressable-static	/mobile/images/Zoom10.gif	182	78651481bfd5b1469576d9b92b0c664a9b17c50fc83822dd79e94e14d96e2bd859a110190a8a9be514ee7b3527158ef44d6ea8bb3001d589aebff2c8ba5731e6	reproducible
mobile.war	images/Zoom16.gif	http-addressable-static	/mobile/images/Zoom16.gif	617	15ea88c15eeba93cf6b590ca9212f669698f2edd94477663ecefd8f70d30b4cd5cd773e73520c26aceb139f18975a8847cb3af47655271b3671fc452c8167e0e	reproducible
mobile.war	images/Zoom24.gif	http-addressable-static	/mobile/images/Zoom24.gif	1090	6124a036b1455e3a2c01dfe1e9e5816d4bbef69e39f23e5877d62ad3b937f0d6c4bb507e04cd0a47ed0ea619433c7b83b5c547482cd28c966bccb8de216a4057	reproducible
mobile.war	images/ZoomAcross16.gif	http-addressable-static	/mobile/images/ZoomAcross16.gif	900	0317de8108d86350858520c9ea3fedf60c414ee41551783ec1f063b8a63ea6db2546688e35bc32611e214c585e4cf36ffcf9fee3fc7a734e307e3e2a63745b47	reproducible
mobile.war	images/ZoomAcross24.gif	http-addressable-static	/mobile/images/ZoomAcross24.gif	1420	c5ad674b2c89b3bc0a6c0eefe3cea9284e085cc7f28b68a02d51d50f24eb78489e2c9404284e73e7830b9e9692a3c982c98985474373015455c4e3b26e23011f	reproducible
mobile.war	images/active-bg.gif	http-addressable-static	/mobile/images/active-bg.gif	89	172fec1fbcde67b3e5f0119f61a28c1a37aba3fabebcbec7620eca451513ae2f3ca6b9083793e28a408bcf40840eff00be4eb25fea48d5d6f5aafed1791701c2	reproducible
mobile.war	images/dark-bg.gif	http-addressable-static	/mobile/images/dark-bg.gif	85	7caad5bcdbf93a22ca3e1df30377ac91c941cc4f1a1e955cee63416fb190c71a1b0dee5cb3075f0351cc4748b58923def3e450192dfae178680f69b0f167c2e1	reproducible
mobile.war	images/hover-bg.gif	http-addressable-static	/mobile/images/hover-bg.gif	89	a647032eb27455418907267b7b3fbf71f4fe605a51c6824e751d7cc4f05807ae1baf92584e78403a135c68294253b2383ac608e428d20aca70c42cc446354681	reproducible
mobile.war	images/mClosed.gif	http-addressable-static	/mobile/images/mClosed.gif	498	68bd84184325e25f019875801de345edb971c5c2b278bf42c9dac8222c3013c0d029fdac65ca4a9b3cf91ce470d6a865c3256617414abd2700561cefbd921393	reproducible
mobile.war	images/mDocAction.gif	http-addressable-static	/mobile/images/mDocAction.gif	606	a201a0776e77421dc5aee3067c088d1fa080cfc07caf0e178af68d5e786578959b7851bf0855189481c02e4e0574ee5f897040081e1c61e027b55eab069b6d9a	reproducible
mobile.war	images/mOpen.gif	http-addressable-static	/mobile/images/mOpen.gif	523	651eeca0f3011f049d150b2cac0326bc22c96ac215a7533fb329f1acfedc448cbe1e6a4a5a4536a015ea1b69b3c64d6c3cbabf3eaf131528f91cc8fc109aae25	reproducible
mobile.war	images/mProcess.gif	http-addressable-static	/mobile/images/mProcess.gif	588	18a368392d402138bce2343c076b812f0f03209a8c9ceced7bf84d058c12527f2df5ab911bd123f4ea09b7d1bb724426e7b5e691658c716d81d06654585fc464	reproducible
mobile.war	images/mReport.gif	http-addressable-static	/mobile/images/mReport.gif	333	f19e63d6e2ea9808c782f6a651d8edf462f46fa609cfba0c3735b511a6466171a381dcde3edf04611d4580895c5cddef80bba9785e11e03c68d2b91565dba807	reproducible
mobile.war	images/mSetVariable.gif	http-addressable-static	/mobile/images/mSetVariable.gif	625	f5e02a720052f48344f7ccb43ac89dd4ade5ab080c7f84c34826ca2830d7265646c35efdeb21abce89a586398a8039ff9d52e52de3061d468376103a2e718ff4	reproducible
mobile.war	images/mUserChoice.gif	http-addressable-static	/mobile/images/mUserChoice.gif	648	f8675a21b12e8379ed633a6bd672a35a64b825984bb66a143238d80426480a3bf299958e019ea8bec9aeb85db4160c141e377ad6fa369a8f5e29220bf88be991	reproducible
mobile.war	images/mWindow.gif	http-addressable-static	/mobile/images/mWindow.gif	462	82b8aad4b426b165b61050aa3466e1cf0d506b450037e8a9dd5de081d814d8f4aacba482bf2723e9e13b8ea51123902d8bd01668b1499b325349dbd302a6d9d9	reproducible
mobile.war	images/mWorkFlow.gif	http-addressable-static	/mobile/images/mWorkFlow.gif	363	002b3f4f9769fccc2edfadcb46724ca4425487aedae0439d4a266edd5c046d706ef9b29cf02946edc99cb01320f76c51eb127ccbe5c8c7fe97517d0c2c556fbc	reproducible
mobile.war	images/mWorkFlow_WF.gif	http-addressable-static	/mobile/images/mWorkFlow_WF.gif	1200	f6d3282a49b4c67863ae7be47976e3056dd5397ea6e4b995d87af2b82da3c6b8cb73e9404502e592232483cba51fadf3db6a2086af31691d7c0c2ac6f683331e	reproducible
mobile.war	images/mWorkbench.gif	http-addressable-static	/mobile/images/mWorkbench.gif	765	f4658f0622a9429aaa9152ea330f49f892573e32f5959936e3a1f521972dd80ad263c5800d2ea7574bf6f9e42c7052088e5f774dd0e545ea846f7f6e0380c260	reproducible
mobile.war	images/menuarrow.gif	http-addressable-static	/mobile/images/menuarrow.gif	49	9b49c65b136f11a77075395284d25354cf52f2d8e34ad5ba63e7d6739397d6fa9e04e4c5e56cfd8f339e1b1f2dfcdab414b81bf86355dc726eede6de17b50b7d	reproducible
mobile.war	images/menufly10.gif	http-addressable-static	/mobile/images/menufly10.gif	186	49f06761cd52c1090a08a87db8704aabe2507851f4a7b528004dc97bb69f3fa246a2ba25227e52e2ec206041ec343b60fcf3596762f9d9c06c0927a6d2e26721	reproducible
mobile.war	images/normal-bg.gif	http-addressable-static	/mobile/images/normal-bg.gif	110	98ebda81c62452089a25145c3a2cab06755af814cec6a18b7ede22d429a4324d5d91e241d1453ef5f3041a6972280f319ea97bc26faa13c350b884e6d20c5328	reproducible
mobile.war	images/rowhover-bg.gif	http-addressable-static	/mobile/images/rowhover-bg.gif	110	83c373397401098eddf0d108723d58c4e8dca3724f94d4c43ff5dbf46c01aa002232dc5793d39cefad5851e0e2c94b3fc902006fd49e3a48a72858af5b0e98b7	reproducible
mobile.war	images/status-bg.gif	http-addressable-static	/mobile/images/status-bg.gif	116	9584bb019f2510b6ec54ea76ce6aee4daf3eec2e20a19c05770caab6b6237eba08d1a796789127808bc7dd875681fa70e7102ff3c3a5f5ec0fc23d76784df63f	reproducible
mobile.war	images/tab-left-selected.gif	http-addressable-static	/mobile/images/tab-left-selected.gif	1754	f10efd729b6adaaae977ad486d9ddada56dc2134d5245c07b6331155259f352e972e428edeb19e9fee95d2e13fafca8e2a5e314d2b41d397d17e1bd5f05236cf	reproducible
mobile.war	images/tab-left.gif	http-addressable-static	/mobile/images/tab-left.gif	1334	92ffee6b25c031eb3dbe168f2aa86577b29720d8bfb8a463ab59fc3f37176f7ae385eed2262f0583841ceb1a49b2ba79f0b296c5a0d404a1aea04ed4986ba80e	reproducible
mobile.war	images/tab-right-selected.gif	http-addressable-static	/mobile/images/tab-right-selected.gif	5256	538729cdaed0f4d8e44dd3967b8f85d0baea72e4dfe015a0041ce23e50fef5f2639fd32a02c247c5f0c30b355e9b12cae47f4e29a850bee89681bb51a30fe353	reproducible
mobile.war	images/tab-right.gif	http-addressable-static	/mobile/images/tab-right.gif	3998	d1d984c235b056ca209bd6940a0f5fe19ab566b03c07c0995d20b008346d7ae138152d2b0cf2429ccdc95cd888ad89b2ccf6c0be50ba7a6c4e0e50fec99cacd6	reproducible
mobile.war	images/title-bg.gif	http-addressable-static	/mobile/images/title-bg.gif	116	5cff50164882d0554b92eb8c1f92a055f0e721c63118812cafa86dbabe39307a359e9b8b1d99e8de83ce229250a8ce1408f37bca959fbc5185f8a0c0da04f7e1	reproducible
mobile.war	images/today-bg.gif	http-addressable-static	/mobile/images/today-bg.gif	1122	356d9598dfc7b1dba32ef15a2ea445d8e3f3cb791af03d934b7c53cead159da41ac460d299ce937ab25978023c50cbcc1b304ae9266cd40ac8b45cb5d1cea851	reproducible
mobile.war	images/vPreference10.gif	http-addressable-static	/mobile/images/vPreference10.gif	357	3f69fa37921503b4c9b62f238c2735741adc4b7d720286a5aec578010b6b1e2ac6d122cc386a086dd17477359995bbf655c193ba42ebadf0e79beb4a859e3a64	reproducible
mobile.war	images/wfBack24.gif	http-addressable-static	/mobile/images/wfBack24.gif	955	eb7e79c45a4dbc0673e2058688b3c1096a9fbe1d13c6a4eab2c8e9641ef04e00d58fbd22f4a88711c87440a7c2a3b8068ca3a15e0c21afcad137161e1868bceb	reproducible
mobile.war	images/wfEnd24.gif	http-addressable-static	/mobile/images/wfEnd24.gif	940	611fab39dadaa96d0aff292bafbc1c18810ea7b2e9bed1cd940a57574a9773b9db8f55d5382d4d0eba4da8428008b34ffef40c479e424b6debc4d93eae813164	reproducible
mobile.war	images/wfNext24.gif	http-addressable-static	/mobile/images/wfNext24.gif	930	4c482468cb601f473fb606cce3deba058cba8a17a20d1bea61c7881c429976427d09117a0c758ffe9ad3cb9e0d563e04855b3a341b937b9bbeced84bbea2db09	reproducible
mobile.war	images/wfStart24.gif	http-addressable-static	/mobile/images/wfStart24.gif	962	ea908ef54ad198ecc8421bdc972f401fe9d5d0ffa6e409b759dc3587d875d04173ff4ef8ea437433352e60a8f4e566f693d3fc903a275c7fe3a4333140705dd0	reproducible
mobile.war	images/zip.gif	http-addressable-static	/mobile/images/zip.gif	695	4ffb255cefc26afe314cd24252c60a2d979a6dea9002a10d255ec799a30bd0e3218aeabd7b4782dd82f16f0920df0642c323a2745362182db9cfd11dbafa576c	reproducible
mobile.war	index.html	http-addressable-static	/mobile/index.html	988	3dbba9d463dc3d47c2820b11d0e5a4a2caf10b931bd9de44254249fe47b46b78f5a879c0e8b375a8049b5d87629abf0f7bb6d80f4c0be7c0a24f086e3f7a5caf	reproducible
mobile.war	iui/backButton.png	http-addressable-static	/mobile/iui/backButton.png	816	8abaf9b73a82c50690b5ae256094811c7ea1217ada757c9e4605a921d8f4ce70bdd16ac853d8a08ea1c22b6e3d2fea989024aa9be84b4832fc51fc6c356e2b26	reproducible
mobile.war	iui/blueButton.png	http-addressable-static	/mobile/iui/blueButton.png	517	12e3b97e26891d31fab134b3c87994d10b75ce4bfedc58a170825f5ad713c678b8e80a466a5b00d9612142e08319604733375a5d79c2b2c0bcd4ba8942ddee7c	reproducible
mobile.war	iui/cancel.png	http-addressable-static	/mobile/iui/cancel.png	362	35f60bdfeccad62f728c35c416f0c32fa157de1bc1c16ebca1f26fdd4e9d56dcb9a8dd4cb772cb7ca64c63b992993bfd11c7bb5f8de94d56f54cbccf884b3a89	reproducible
mobile.war	iui/grayButton.png	http-addressable-static	/mobile/iui/grayButton.png	943	7daf63159c99144af6ed6a75900be5fb385168cff7b2cd8cef09a5eaea759314d8ec0ad9270cd2fb972ed9423287cdbfe3692c26a01efa28966b473252882762	reproducible
mobile.war	iui/iui-logo-touch-icon.png	http-addressable-static	/mobile/iui/iui-logo-touch-icon.png	2887	29f15b736edbb9c0191a11ea699affc095ddabd9df2f62c5b0202f88825268229eca5ea87c7c70a49da2fe45106f3f56d89653285e8f0692f275c20f6f8aa555	reproducible
mobile.war	iui/iui.css	http-addressable-static	/mobile/iui/iui.css	11831	0b9587af53ab9609f4cc770c476052b33aba5286235fc58ed5a3f051d06412a8b154a503006fd20911bb52a10bb2370347ae91825dda700fe8c51fe16caf9fd6	reproducible
mobile.war	iui/iui.js	http-addressable-static	/mobile/iui/iui.js	11451	77aa269c18008cb098a34c286f0e1c8de7a16b148484cd2ba2699d01be8eb29bd8aa57fdba8df5e692c2ab42f79a140aa44ef6fe077018b134c080bf4b931138	reproducible
mobile.war	iui/iuix.css	http-addressable-static	/mobile/iui/iuix.css	6003	65fbbc4f846d890b4c9a41f60852c659d428e081ad3d933a81174224f541e1094cb33631d450c87ab84f7660a7353ea1a9f8107fb561b8c2ba9949069992c2de	reproducible
mobile.war	iui/iuix.js	http-addressable-static	/mobile/iui/iuix.js	7585	bcdfaf186f5653d78b9a64f49ba64870cb0bfc2fdaa55db8ef3263d3f45da9616473c77535ce9f5f451a3503c563b574d2f0c18f70fe3aff547e395459140431	reproducible
mobile.war	iui/listArrow.png	http-addressable-static	/mobile/iui/listArrow.png	259	08a7c51677526f9d6d2f7f8beb3a66dccd7b00dc151c65dca5b841d225bfeeff5c47ef59eaf917bdfaa0ef56f46440f378bfed587ce4305413e657f3b310bcb1	reproducible
mobile.war	iui/listArrowSel.png	http-addressable-static	/mobile/iui/listArrowSel.png	308	2e04260d4f8e682de524f0fb014860816d86b73ca49b3d794c48ca34b4af936175735bb56ab23afa7cf61e99de6796a87a57c5be6b75af69a27ec101709ecca4	reproducible
mobile.war	iui/listGroup.png	http-addressable-static	/mobile/iui/listGroup.png	2867	5fe5300af02c6a51e55bd013102f147931ab4f39f92e50d746dd28dc8fcc4e3ddad1c00007c8f3ca16fdeabc625b9c7258208c85e94928c50d1456b59080521c	reproducible
mobile.war	iui/loading.gif	http-addressable-static	/mobile/iui/loading.gif	1435	f90132faed48d3fdd5a6305c187b695a210d1fcd4642808d09b4703070fe823e6a159c2f71399a0a910092731e216a24f5d8049117cf23145cd37350f555d136	reproducible
mobile.war	iui/pinstripes.png	http-addressable-static	/mobile/iui/pinstripes.png	117	8f9a6c7a475c8d52c5364c0783c9a0d75bc55e50f558e5c309392a03c9cfadb5e585fdd09d3cd78254964ffb913a8a7a9b0ada34bd9fbbc5012e6d47f6414e9c	reproducible
mobile.war	iui/redButton.png	http-addressable-static	/mobile/iui/redButton.png	947	7293852cd0dc5dc372d0063159e84214b3ae408730aca9f45d2f3c7f76dc029af1d4385dbe18ed6b9fb7c4b1c127ffc0697fc58cd02f7633d8605299e8717735	reproducible
mobile.war	iui/selection.png	http-addressable-static	/mobile/iui/selection.png	159	ca70e1ce59fb58f21d8d962a090b9e649ccf60718738cbef708b621219f0eef9fa4e6843f970b78fa6d0bad4cba75978a1ff8fa1122284c965915df348b90f5b	reproducible
mobile.war	iui/thumb.png	http-addressable-static	/mobile/iui/thumb.png	2835	d4d2f921a6d62a16d108fa153eb96acc3c61063c0c0bfd5ff95a11a540d5d47507fe9715046e7052f0d853685c1770c8464221f4565b4a19da7df910c0d0730a	reproducible
mobile.war	iui/toggle.png	http-addressable-static	/mobile/iui/toggle.png	2815	9d6308c898fc959755417bfcc5e0eb3dada72425a187262139011c2514c1bf491c149406483c51bf70aabfa58d2a95414dfb3f57d8f6a7f2b02accb34d2818e9	reproducible
mobile.war	iui/toggleOn.png	http-addressable-static	/mobile/iui/toggleOn.png	163	d3f8d8cc3f1cff65b75255804df29c0180bb122bed8861fa4973a7b4827ffa6fbd9e1310193b3b6c802c431642e7de716c60a39e2de133446292b656bc457448	reproducible
mobile.war	iui/toolButton.png	http-addressable-static	/mobile/iui/toolButton.png	531	92476da07d635deef45d059069978ae170cb3444de675bfe3a5961f830f1f39832cbb16ba6b455e1de9330ca6fcda571cd971aa867faf012173e596d0f557b31	reproducible
mobile.war	iui/toolbar.png	http-addressable-static	/mobile/iui/toolbar.png	171	9bf5b86309ca254c093ca7acb871afa4feece666a6c460317451431e6ac092ecb4b929debacafa766836893d6b509d2fc1878581c591341221d960113621ab81	reproducible
mobile.war	iui/whiteButton.png	http-addressable-static	/mobile/iui/whiteButton.png	978	6379ec55a845cebf82bf53f86b97857104df8c7546a3472a9a8c8b1ac2e95e0db642d2c07a53563e1ebf852128522bbca67630e6480f3f8f715bbbdcc5ea0e69	reproducible
mobile.war	js/calendar-setup.js	http-addressable-static	/mobile/js/calendar-setup.js	9052	8c543d6c2dba62404b6ab5d2155d1de522d6c3a9c1fdbe230c000d98fb0f6cf7f5626d6587774ac8992c3372ddaf25c74cbfae5718dc617caad8f4886922893a	reproducible
mobile.war	js/calendar.js	http-addressable-static	/mobile/js/calendar.js	51049	70f910bafc2970f8f229213033203a8ee5d7fc82db3621a59f426fe4df2f8afadc9a74dd7a5730cec320888897db024daf512cea799645bae1164d462c080f2a	reproducible
mobile.war	js/login.js	http-addressable-static	/mobile/js/login.js	1190	b8923ccd456e59e6b2f39b46c85e100e17a95f44c73a93f12a9bf40082f471f7b3dd74a4ad0534208cc4601b481522b98b424e7c2001eea2d18acee4d9b6f747	reproducible
mobile.war	js/menu.js	http-addressable-static	/mobile/js/menu.js	3717	502f25436736c714aa7e91da5569c568727356107816dc928757c2b94200d48fc2089cfa82a750f09669ef343a7449606c700e356ff09f85d2a72604c4b1c618	reproducible
mobile.war	js/mktree.js	http-addressable-static	/mobile/js/mktree.js	5199	8f72d0c363694c72061d33480a31d048d8610eefeea49571465856d9768d4994577b2b864fe248218973c4292aa248f5c7150bcaad608a5535060e4625b0d019	reproducible
mobile.war	js/standard.js	http-addressable-static	/mobile/js/standard.js	10951	915d3b2c4a8a8a20e74eeec8b56bc83f56ecedea4c653db1a4172101532027a57f58d390c20001ebf7d0821b2370caee96048f783c90b4519371a3ccf2a0c88d	reproducible
mobile.war	js/table.js	http-addressable-static	/mobile/js/table.js	32117	95114be1da129db5d332a976526e692c0b1c5d8ae9c7272a086de1ffb97edfade42891e1e037d4c037406d1b8a8c91df3c5c66a1a246eb3261bfbefe78ad81cb	reproducible
mobile.war	js/window.js	http-addressable-static	/mobile/js/window.js	16870	c361cc31e6bdac3b71d11f081634cc14c58c5dc76d5be7ae7ca6b9a95033a746afe628bf2f3563b69d7de92a59e3eaba1e6128f6e97aef139645cfe0504a8887	reproducible
mobile.war	lang/calendar-en.js	http-addressable-static	/mobile/lang/calendar-en.js	3600	e2ea61ecfbf1b3c9d6d0868da6041b0b9295ac7e23bcd61d1955e086ef6f5ca4c30bbbd7f78a1d61b69eb09d79f158e5ed5a08625154a2b304a6c87a5490a53e	reproducible
mobile.war	robots.txt	http-addressable-static	/mobile/robots.txt	28	7a2ad94ef9c21d5be17411a07d99dbca9c784623c84bcc9f66c000caed330bf4b984fd55c57b21cfc6da509d6fa875a35d22e6efcbdc7b1fb3125a266784c534	reproducible
webui.war	README.TXT	http-addressable-static	/webui/README.TXT	87	c4add0e12113f9692b4f40e6066397df9776cd3492b85e32cc211c8f7665c8b037cb11d189773f805114120ee1a7dcf63ee24e9cee9b9af6b61de2b13b58a537	reproducible
webui.war	RUN_build.bat	http-addressable-unrecognized-extension		1078	a72078e77d714fe4252d55009e7b90277629e86bc7137125feac7111c640d134bb37bc0a0b3755064aa4fc2c673fffe8eeee6317653d9da3ce83339f31a6f31c	reproducible
webui.war	WEB-INF/classes/metainfo/zk/lang-addon.xml	class-or-library		764	81f4312f0723f36ddd251c68c472e8a3608ab94b1077ae42448fddf282145db5d0adac0d0948ed1ef79048fe28383a3f0d8183094be0c9ba5a198dd989f63fe0	reproducible
webui.war	WEB-INF/classes/org/adempiere/pos/POSNumberBox.class	class-or-library		8965	ada0054aad6c33359ffb274eca69b0bd548bc71fa08fc42267b2ab0a83e135e116f853e1c13cc5819a317c660a5ca006dc0ee98dd824ae4b01e871a61cf93cd9	reproducible
webui.war	WEB-INF/classes/org/adempiere/pos/WCollect$1.class	class-or-library		2073	c7a1f81c8a24a958738c2d05dbdf02e8836362c47795f462acd16b674ff47de0ee3e6b44f040095b21c793d8d47eee47764e83a3d97dd03ff191dcf962b2fc2c	reproducible
webui.war	WEB-INF/classes/org/adempiere/pos/WCollect.class	class-or-library		11924	1af1d9bfc2918ed0cd6f218b1a9aaf38f5e3a30804936d135c0b21d8e93b6c9f49a3cd07ef3dbccb8adece3e483945ad29d307e2e3dabe8e8ffbe1f6e62a2ebd	reproducible
webui.war	WEB-INF/classes/org/adempiere/pos/WCollectDetail.class	class-or-library		13101	d16725cb7302ad284c6f07a008d9f303130da5f23339447c89967e11d8aba04d1f9e8b19e8d1c6d5e79d560736900e6f2ee3f3477bcc22b5eec3812f069ce969	reproducible
webui.war	WEB-INF/classes/org/adempiere/pos/WPOS.class	class-or-library		14597	d1f6e31d1ad89e6c0900b9efd20a7326228a3f43e8bd88f52fe2c78752fd3d1bc447101958154af827b9861d477fe3d6adf7df2b92c8af5b5498e985f1321034	reproducible
webui.war	WEB-INF/classes/org/adempiere/pos/WPOSActionMenu.class	class-or-library		10047	056c8035c430a3a793a2f47182efff42a5fd70202d86ffc6ced02b371681d344ae94372fb23c327077b085d898de7971c0b256b474a2ddeca8c6dd41fc0b5207	reproducible
webui.war	WEB-INF/classes/org/adempiere/pos/WPOSActionPanel.class	class-or-library		14801	1d69133a49e09f0af4429a5e5947da1a9e2611de9b76c91f5e7bb7538271ed6154e56b69c616784c7e482dd302a257675d7fe79b5e3ee25466a9a2fe422b3170	reproducible
webui.war	WEB-INF/classes/org/adempiere/pos/WPOSDocumentPanel.class	class-or-library		12076	27bf42f821e88de53a94a8f99dc74129f085d9a19f319dc80267ca97c227b0755f31e28f5f9ed1fa41a832fedf617b6a20c5c286be89b6fee37ce425389027d5	reproducible
webui.war	WEB-INF/classes/org/adempiere/pos/WPOSInfoProduct.class	class-or-library		6277	a1e09aaa1d66fab3456031755e7a747f03a9cc5a8e8206fef00ad4b06058d7394fc48e5f300c47420970f04efb72749d15bceb7f4a705f545ee29a6d92d69295	reproducible
webui.war	WEB-INF/classes/org/adempiere/pos/WPOSKeyListener.class	class-or-library		141	737ed515d7ac4bd0978c8e325bbe557d8758df3b1bc3836a3c8841cbbb7857707be1d2ad480e3ef2e0119b2c2a61c6b4ae4601746d8213ce737abb5618408db0	reproducible
webui.war	WEB-INF/classes/org/adempiere/pos/WPOSKeyPanel.class	class-or-library		8575	408718ff31b5b0446e287b9161f1521c8ab3102c81db30f5f4e8d26657b6e448656e9d3c063f7f635262a5771dc5b651c2d9059f685f3dd261f249844a7692bc	reproducible
webui.war	WEB-INF/classes/org/adempiere/pos/WPOSKeyboard.class	class-or-library		6219	fbf5a3b38b08986540385723697272416fbb59b2336af35d99359d10c105248e1a5011cace8f18ba63f4084aea68dd85dc623f3be3f6806794c031af4213d2ac	reproducible
webui.war	WEB-INF/classes/org/adempiere/pos/WPOSLookupProduct.class	class-or-library		6425	1d6623fca90e16dcf225339f704965d8a3230c75eee8368e4d20386aed6acb91a4ce1eb4190f15c0f727ec0873aec684827d59e2d0fad287362ab936dfc5821d	reproducible
webui.war	WEB-INF/classes/org/adempiere/pos/WPOSOrderLinePanel.class	class-or-library		7494	5849639364347dab9b6e7125429e63108fb3d33c2bfb94c3e92957a5e89b57b26ce35cd25a0318dfe7fb2ef3fdfc1cc231a555fbc46c4b369e875bfb7457aad4	reproducible
webui.war	WEB-INF/classes/org/adempiere/pos/WPOSQuantityPanel.class	class-or-library		8213	cbb94a9807e207b795d7540cbe97333798b0c7e14271c616cd40697b3e0619b67f4b4b7c80518778c10b0462a53904ececd45c285b653b0b9761503bda26f02c	reproducible
webui.war	WEB-INF/classes/org/adempiere/pos/WPOSScalesListener.class	class-or-library		2913	ad11d90c252c89b85c0300449b99f1225f54b7c2d4c2176cf449da3b7aeeae6ddfc9ce799a2abd35d49e940bca4f0239a66002679a3ae5a95d7794ca1b464cbb	reproducible
webui.war	WEB-INF/classes/org/adempiere/pos/WPOSScalesPanel.class	class-or-library		1120	a16250b632664a2a37a59b019ebf3dc0b5ff1bb7badff69e0a3d524b7270777c092b25b42a395add1ebe2ef272d1b8ccbfc9dc5eb27b0a522b6f1f445ba64629	reproducible
webui.war	WEB-INF/classes/org/adempiere/pos/WPOSSubPanel.class	class-or-library		2394	0ec74bfd93f7b61097f8ac4e244dbd160396e2f6bfbfc9be4986e5ccb005eb9fea74bc850588cbf8af3bbf9d116d250aa6f81b53569bc4ce1d1640e44e29b17a	reproducible
webui.war	WEB-INF/classes/org/adempiere/pos/WPOSTable.class	class-or-library		6763	061828eff720a20b28e7ac211e16ddf189a95786eb551667a39d666bb6b4c5fa464c04c9f107ce370dc27c28bcf745c6208682bcd9bc6b7ba2298f5642d36b54	reproducible
webui.war	WEB-INF/classes/org/adempiere/pos/WPOSTextField.class	class-or-library		4321	85354b3b7faf1dc6c6f4a16cc9c35012f58dfe5ff2c4a790488c8ac3ab02367f4f23e9eeaa087463d4193014d08ff5873fb8e10f25195a1f9fc8b55fc3c6d97f	reproducible
webui.war	WEB-INF/classes/org/adempiere/pos/WPOSUserPinDialog.class	class-or-library		3602	06c1fad136ff9cf28c37c5940500120a09113a9e0bad40fccb9e013e4a003dbcd201d2092ea2b1f9a7402af3ef887d0a5a7e2331054eacaae41882afae7ae1bc	reproducible
webui.war	WEB-INF/classes/org/adempiere/pos/WPOSUserPinListener.class	class-or-library		2158	223e6ce53bfd32da5f9592e78b69ba0ae8f68d511553f603245538139a825df938d5d15b567a6d8e9dd4fc44b5a5c813ecfa90d01c854424b5a40cbe6863a7a1	reproducible
webui.war	WEB-INF/classes/org/adempiere/pos/grid/WPOSBPartner.class	class-or-library		10250	dd94327f93f9e03a45070d79a48a388517cf9bf316c7d8c0852c607dbbcfba624fab0743ee26f737167579199f59fbc00dde42d2c98e1cb8670eccade547cc9b	reproducible
webui.war	WEB-INF/classes/org/adempiere/pos/search/WPOSQuery.class	class-or-library		5914	2f90e216d0ca184ce0ec76ab61a2a09f5f9416a3180c342776def02666913d7bbc51661d8c61bc2c861d116edb6d021c2ae2e57e62d0250e0459f92a4a478a80	reproducible
webui.war	WEB-INF/classes/org/adempiere/pos/search/WQueryBPartner.class	class-or-library		11075	a3e36d0790a542753e1eebd7f045ada0a002d9012af585ca2564e2c5fe74b6710daf4a98af476bb37bd417f87f603254a278da08093376e44163c5c172be4a9f	reproducible
webui.war	WEB-INF/classes/org/adempiere/pos/search/WQueryDocType.class	class-or-library		8250	41e237dbb83211c33ec47775149a18f084440b19e466f32b7a1230ae89c12ba75c29ed65cdb98516f8531a0c51bd96186a1c4e21ebd8e884fe9d885f07fabec5	reproducible
webui.war	WEB-INF/classes/org/adempiere/pos/search/WQueryOrderHistory.class	class-or-library		11974	08fb54ca8ba4c912bc113f0ab8c96bcad0707c3455af3a62b43298ef9fb97d1f04a9645c04f39d2622d4b2d0b18eefe5d04d3cc4e015c8a2e6b55918df0d75fa	reproducible
webui.war	WEB-INF/classes/org/adempiere/webui/AdempiereIdGenerator.class	class-or-library		2480	529937d20472df8bc11c1576536ca3442d5be8903f89ec2d6da2fa8eda2bf3c14a80cdbcfeb92c5f1cac9770875b5e65ab3d919ac6ee591e6f8817e5a3b0a6d4	reproducible
webui.war	WEB-INF/classes/org/adempiere/webui/AdempiereWebUI.class	class-or-library		20303	4a09f013871fe58dd229204793df66272ad1853c2fb621cea61013c714160e59af5c41b37e98b3467d9cdc774aa2cc77baf3ce21f987ca4fa2ce1905a3b0fed8	reproducible
webui.war	WEB-INF/classes/org/adempiere/webui/ClientInfo.class	class-or-library		504	e906b8dbf5675ff52a5fe1676e5f0f2da679bea357f73ac2adb9c2e07348eb0072758665501a70c41587705ac216f597f9114265a13772e34734aa0bc6743e09	reproducible
webui.war	WEB-INF/classes/org/adempiere/webui/IWebClient.class	class-or-library		492	682c449a6ebf67d57e7ce102fe3d51143e771441975c33877e80092085ea7148e8b4260e489b7a02b20ad861687137a05244790b5f7eeb4777a7e3422c12c58e	reproducible
webui.war	WEB-INF/classes/org/adempiere/webui/LayoutUtils.class	class-or-library		2866	16c8574f3c9f35a0ee590c7f270230068ceb8a3af19bc9352ef6c6ef2631bcfda76700cb76d29674bdbebe39c070b73d0d072e3cbae0e0c18f3beeb6a5dbb904	reproducible
webui.war	WEB-INF/classes/org/adempiere/webui/SahiIdGenerator.class	class-or-library		1846	5546fee10b4662ccf0aa45807056e07624a49935278c42272dd0758396e1521ff97a92b8602b620ea0e5b1cf24846d356a04dd7b705215fc4e8aa91c092d4d23	reproducible
webui.war	WEB-INF/classes/org/adempiere/webui/SahiIdGenerator_v1.class	class-or-library		2304	d7d9d2c8158422fccba4f73fcb86e84616bdc404e3f28b4abcd323e9b6443dadd1aecaf90cddf99a06d38148f1489477af27bee2739eda88fb92b097ca6da9e2	reproducible
webui.war	WEB-INF/classes/org/adempiere/webui/ServerContextCallback.class	class-or-library		1878	1d222f6cec63969da71f3a18acdf9c5fe3950117dc1de964ebfccad48b186f6b00c8e576fb113eb3c2eed02d3cf373776486b0fb85724bf141e4749b20c1aa9a	reproducible
webui.war	WEB-INF/classes/org/adempiere/webui/TimelineEventFeed.class	class-or-library		5993	eb4101921f8875bd7d5872c60062fdfb77e155af38ee31a19b8fe556bfb71291beccfd65e36ee08cd648fc397b824fccaca761beb556121874546768bd631319	reproducible
webui.war	WEB-INF/classes/org/adempiere/webui/ValuePreference.class	class-or-library		13187	71f1b73a4f40cd95e16537311b816063ce030f4c819c2b2081f6fe2a63829edfc0bb47cb2e487c58db63c696fbbc959b1c9cbeb488599a93230e6cbe1dcb206c	reproducible
webui.war	WEB-INF/classes/org/adempiere/webui/WArchive.class	class-or-library		6058	503eb365390858466500c183e10632ecd57048477b9d0ea2bfe28e2d331275c221bff3d3eab08830a5852b371d03db468838ff5f5cf28cb8b1b1df4f70c316a1	reproducible
webui.war	WEB-INF/classes/org/adempiere/webui/WLogin.class	class-or-library		5863	83cedcc9f730c5ca2bbf2ee635d6c8149df5f570e57303e93d647eb1bee587e7350b368c47980cb562ed2fcfa70ee05a97940005790e64b57f20a4c3a0cac7be	reproducible
webui.war	WEB-INF/classes/org/adempiere/webui/WRequest.class	class-or-library		6824	07b49fc1ecfccc0a49993cb884e31001ce0f2aca6f46c7879ac3a96967a53d10d3d63416d2a06c03a07ba208b3cafb4d782adbe28c10ed2e408e5b7478ce828d	reproducible
webui.war	WEB-INF/classes/org/adempiere/webui/WSearch$1.class	class-or-library		828	042b2837e8db0464e0321a0f0853e5a26b0e09449896cdeb2196d5092d64465983c6aa7677422b7c8aeae31026bc379b5d612be25fdc3f6aa345145c2b7f9a6c	reproducible
webui.war	WEB-INF/classes/org/adempiere/webui/WSearch$2.class	class-or-library		1454	367e0ae030b6ba5ba4e5eb94b9e372e90c6bd9bd081be5959eb4a0b818de6048f4f7c63f5c3c6fcc05cfe846133845ded20141bc27abdcb7817b073cc533935e	reproducible
webui.war	WEB-INF/classes/org/adempiere/webui/WSearch.class	class-or-library		4171	74465d487ebebad07db8a3059dcbcf6f98fd4675b87e5b1e410c3fe127ff37b090c71c0609f154b7336b924dccd622a86865b537fba22dc118196f642c52645a	reproducible
webui.war	WEB-INF/classes/org/adempiere/webui/WZoomAcross$1.class	class-or-library		1226	68d89d7a96739cee15925a3fcfefe1b75f3b323937d8f4973b45df7525512f6d680ce8212bf4d8bdd20ebe3a3c2c3bf6e9620c29b6c77c3588f13edacfecb5cc	reproducible
webui.war	WEB-INF/classes/org/adempiere/webui/WZoomAcross.class	class-or-library		4636	ee23058d53556a9ffc3a745f29e63476f41d867de7770f9588b14ea70bb7f3349f3d6f43a47af0cb5205d2ded8e98530da1be7e4542dfddca4aceba24d344054	reproducible
webui.war	WEB-INF/classes/org/adempiere/webui/ZkContextProvider.class	class-or-library		3378	954aa16a27f8b5de07a7486a004a9a72476741ae6d6276ef3c3dd378fbd6a6d17ea2691b1e7573bf73ce822f189acd56350a8f598d700f94691d97eb16196547	reproducible
webui.war	WEB-INF/classes/org/adempiere/webui/acct/WAcctViewer.class	class-or-library		34162	06b3cbc54a12e66927b9e8cb88bfc69f2dfeaed647c15587e36bbb22a13e778d52b0485f815af5a59b4ffb4ea6d104804f1a4e785f59ca2895f4ceed9b7fac9c	reproducible
webui.war	WEB-INF/classes/org/adempiere/webui/acct/WAcctViewerData.class	class-or-library		15773	bfd17e9f36c166ce15bfb5590aa2e00bfeff916566d98a138f2c6c97704b66c005982af6af7ac60f45ac740326f719e86f05c97f551e998a03410785b9c1833b	reproducible
webui.war	WEB-INF/classes/org/adempiere/webui/apps/AEnv.class	class-or-library		18802	e2882660549118d34de5b5a5ff1df051d0f4517b301ee6d7cf9ca293c7fb3b639df4e662a0c83140eedbd7b24a5b5f078e42c96492c39c1147f135161919049b	reproducible
webui.war	WEB-INF/classes/org/adempiere/webui/apps/BusyDialog.class	class-or-library		1200	ecff3b47876d844ff1b3a3a8c14385a0341941b8be2348965f4d61b73c442443240d1c328275c219f7ff77a395c3ea61810573ac57e65736db10abc97418251e	reproducible
webui.war	WEB-INF/classes/org/adempiere/webui/apps/DesktopRunnable$1.class	class-or-library		827	3bc7f4e7ab8fb3452daa0c1f85bd233cefe8a2b738ef42684cb9c83cfe76a2d71dcdb5f76e7702f054b868e73dd5e7d85c4ff294ff448f36a5e57673f0fc1ddd	reproducible
webui.war	WEB-INF/classes/org/adempiere/webui/apps/DesktopRunnable.class	class-or-library		1546	97cbafd00dc8b3663e97d79a8e262e3640c0f5b03017296338fde6a64b5f2f2dba2026f39a6730ffee71afe76d7333004dd2a05763edab69c3c754dd8e51cdea	reproducible
webui.war	WEB-INF/classes/org/adempiere/webui/apps/IZKProcessDialog.class	class-or-library		205	dea6633a4605c19f658349a445b8a25da6d31fe588c1006a54cb3faad16a6e1087356bf3cb51745d4fdaf691dadc7da7f8a165df0e54e2d601fe7e4d61be0d77	reproducible
webui.war	WEB-INF/classes/org/adempiere/webui/apps/ProcessDialog.class	class-or-library		4566	b71867ec452287e1e8e6eee9bf0c17eb8186b029253131d9e67d15939ab2b5424253fd5fad4bbc90d4a2a7d3724a83b9154b4d52ebd88af81cd03460b4ccc78a	reproducible
webui.war	WEB-INF/classes/org/adempiere/webui/apps/ProcessModalDialog.class	class-or-library		6034	a130ecd9e346fb4b83a5c6b5db720b3c8b3ebc674be4b85a3d67a12dca519227566c2331f250557bf9423bf678b1b1929eff907943ee34104580cf323e4caeea	reproducible
webui.war	WEB-INF/classes/org/adempiere/webui/apps/ProcessPanel.class	class-or-library		19323	10daaf3b49486c99596ebd8662bd6007248d717f74ae701b0cc30f02730b7daac61e84baeb772dae0ef4c61698bc4992f4878c9b4b8f43cc4da86753f06588c0	reproducible
webui.war	WEB-INF/classes/org/adempiere/webui/apps/WProcessCtl.class	class-or-library		3839	5641ab9d12904a9136ddd31cd05179e4884e8f609ae688083357d972b284aad31ed88d46f1999abe74ff529917ab69a2d7232253b62ef17a92936d6adc7dc048	reproducible
webui.war	WEB-INF/classes/org/adempiere/webui/apps/WReport.class	class-or-library		7679	6644374d504091ee5e40d0797004b91fb6fd99e036e780c8d24284ccbc4a60dba95c69f0272aea184355c72f4a7994694e2c77ae360e424fd249be0ee6766b7a	reproducible
webui.war	WEB-INF/classes/org/adempiere/webui/apps/form/WAllocation$1.class	class-or-library		1815	b9cfe68aade8c012dfa48e5b31fba7a390181ddea894cc7df5f9b0f6135f5b7af2c334cde44a7c24c3fb3ab4d23e6b47a348afce40795d8d9ef3c4cc1398bfb9	reproducible
webui.war	WEB-INF/classes/org/adempiere/webui/apps/form/WAllocation$2.class	class-or-library		1401	c959ccf8c9835397078b614e19d176573d3bf284e4522bbddf175a2a03f5aa565f9b8decd0dff04764e0c0998c62eb46fe27c503ee29fc2321b893d6e2f8a135	reproducible
webui.war	WEB-INF/classes/org/adempiere/webui/apps/form/WAllocation.class	class-or-library		17303	cca6f9f45deff877cd757ebc929bd7400b2544d00fc5236804d6afb05ff105a4c2c64dee4eb86896c1098a3e0a2361e54a4e82231a43ef33d533f3afc49d8d0b	reproducible
webui.war	WEB-INF/classes/org/adempiere/webui/apps/form/WArchiveViewer.class	class-or-library		16951	5801defbf3c82b61f19f6ede8e3493db410e4d86c71b1f19fe08cc59e057dea18ed97c4daf67549608ce62dd83c94fe6898e1fed3f7e8568c72fb6644fdef8f1	reproducible
webui.war	WEB-INF/classes/org/adempiere/webui/apps/form/WAttributeGrid.class	class-or-library		15207	ad87e82c4ff5feb3fb4dd22484139226d042b4eaaa06392c81bbf559f815faefb54f7e25214421791b53f0a15eb5af6be019dea1a1260482ccf8cd6c89cb3934	reproducible
webui.war	WEB-INF/classes/org/adempiere/webui/apps/form/WBOMDrop.class	class-or-library		14473	21e88a605a60884ecdcad9d5466d6bc97d0839f367fa548c7c4d983f9a95a0ebf6344ee34baa68a08b2435caa18dff02f2c095247c7281149eb125c20f97fafc	reproducible
webui.war	WEB-INF/classes/org/adempiere/webui/apps/form/WCharge$EColumn.class	class-or-library		1869	4d07b66263fbb52f813ce8766b96e2ba4c2627a90dcbcfcdc86a92c5dfe7c9441bd56deb9591fe4765a620d4d9caece44970a7d436d280e2bbad1d714e0a4679	reproducible
webui.war	WEB-INF/classes/org/adempiere/webui/apps/form/WCharge.class	class-or-library		9792	a4b1f01852173a546685f9c8893894898ca14b85d0772d5d9948e91c433add0ef1d33618220e4143a732dc630960388194afd65f940b2184dc5285fa54220d8d	reproducible
webui.war	WEB-INF/classes/org/adempiere/webui/apps/form/WCreateFromFactory.class	class-or-library		3447	71a39d5ffe133c6fda758f2958d61f12cfdad8b8d04923473b3f330029d88054bc670276881c7563fe391e147cce4199476ab705088f020ef0c6a88f2eac3695	reproducible
webui.war	WEB-INF/classes/org/adempiere/webui/apps/form/WCreateFromInvoiceUI$1.class	class-or-library		1651	88835aec8866c0a1cb2cb052a6e4f7a4448f4f79595613b25d3cdd17ce3d5dc48cab7f932318467ed2ce9138ff679f90e0aebcf05bf6101031c8d7052fd20e96	reproducible
webui.war	WEB-INF/classes/org/adempiere/webui/apps/form/WCreateFromInvoiceUI.class	class-or-library		11687	e99a3c146031eca23d2a7dd19cde078c041dd2ea5c7ecb59a7337cdfe166e119d366f547de8112d23e605759c6c5acda2fe71260ecdf0a2b9731c9838069e3a8	reproducible
webui.war	WEB-INF/classes/org/adempiere/webui/apps/form/WCreateFromPanel$1.class	class-or-library		1078	d0399e8e2c483786b6573be8c46e563c6d733e76821cafcb85b9380db58e2e96affa65a6cf1897013960e2fbb502654525d834465018c6efe3882a43fa1002bd	reproducible
webui.war	WEB-INF/classes/org/adempiere/webui/apps/form/WCreateFromPanel.class	class-or-library		6704	5f98a567a6322a9e0f667ccdb1def7c79676eca633c301e934d5ae4ba35ddf8238c7565ee29be141c2a564b87aca76e83eb5bcbbb196b8aa1b8106ea994fdfb4	reproducible
webui.war	WEB-INF/classes/org/adempiere/webui/apps/form/WCreateFromRMAUI$1.class	class-or-library		1623	8557610b1e2a1ad31a9ccbeca16e2465743565a5118cb64abd275fca06edfd919db9fde8589e32483ebc6e1f5f5a4a94e99f2e210623c4a7afd9517c1c59909c	reproducible
webui.war	WEB-INF/classes/org/adempiere/webui/apps/form/WCreateFromRMAUI.class	class-or-library		7376	6f9541b732c030ba0ad1830bc4494ea0cc5d399c268f10dcff78b5e47ad9ac28cf33014b2ef272ec65e6ceb689ee1e31495d6c71ade12e42c53634ea71da41cd	reproducible
webui.war	WEB-INF/classes/org/adempiere/webui/apps/form/WCreateFromShipmentUI$1.class	class-or-library		1658	3f4ec817b8a9bb24147efd0faf003db626757cbe788fd32d060aac8f03f390b6bf3992b46f008bccf1c2ea47215be38ffa392dc0371d53e8b1b0ccc29643ac6b	reproducible
webui.war	WEB-INF/classes/org/adempiere/webui/apps/form/WCreateFromShipmentUI.class	class-or-library		14920	04682836e4da14df878967601ea2cf86116b66b5702ef52c98ab81909ba778d399e2c9b2ceb996c4e619e4f632b10bad2169ce7865cbb6e555be2c9d22e1b361	reproducible
webui.war	WEB-INF/classes/org/adempiere/webui/apps/form/WCreateFromStatementUI$1.class	class-or-library		1665	0ede6dc4110b9abd47741c4b8c3a95d35fad4571808d2d6b3470ff2a470e4cda5bbf1679d225b0416ce73b9922f8e49e2ace018bf8e1a0f955405dc04d3fb6e8	reproducible
webui.war	WEB-INF/classes/org/adempiere/webui/apps/form/WCreateFromStatementUI.class	class-or-library		12209	c42c93ee8bc55d6f5c554e5c81c6398b4e1b105a53d7a0c56640f02e947eb4ddcbd3f4420cd81fc9c9bc933d3cac94f4a9d53bc4b72cb5bc68d612cd4a5bf2ec	reproducible
webui.war	WEB-INF/classes/org/adempiere/webui/apps/form/WCreateFromWindow$1.class	class-or-library		977	640862e7965e73c3590805b2e8c1b81853e510fce22db5f4ae27e77f7ce4dab1b94728777bbb78d2ea0af489d98a9642a5a336da503a09e5d74f3ef650f6bb78	reproducible
webui.war	WEB-INF/classes/org/adempiere/webui/apps/form/WCreateFromWindow.class	class-or-library		6846	6fe1c2feeb4230c2134c0f76de6e9f96b8d2a7f15b7096e4097fbbebfd46f1ca5faf9da9d805d391632e848cec455f64b594e8cc8a5035c9847bf45caa1fcdd1	reproducible
webui.war	WEB-INF/classes/org/adempiere/webui/apps/form/WDeleteEntity.class	class-or-library		12961	efe0e8e79a6e78e8ec925b1ad0295d9f6d21eb3d2423e42c37f6fc0142fab29b57157e16cc26239ade7f84f903e3ada7cf515875d95e2e01235327564f392c1a	reproducible
webui.war	WEB-INF/classes/org/adempiere/webui/apps/form/WFactReconcile$1.class	class-or-library		1475	da739e15fe8cf248a04c29a222e3d88e823aa65456e23c8774c541694314fa1de37a5b8a83660c3b2a3cf686fae9074c2e30b3c4cce21cb778ada50f0eb5880c	reproducible
webui.war	WEB-INF/classes/org/adempiere/webui/apps/form/WFactReconcile.class	class-or-library		23085	80abf185be5176668c70df55b4e0153720357661e74b09299e711fc665a3c966997f31b705441257924f497bd3125081951b6385ef8e8bf582cd0cb4b6036ab6	reproducible
webui.war	WEB-INF/classes/org/adempiere/webui/apps/form/WFileImport.class	class-or-library		13461	83de645a2005a441b6402d47a4fd6b93ddcce20cb09e25d08989e6d2c0b2c809d8d98a3cd7dcec4641e3de274904a7dfd4f1ef155d501a4f96eee7865c34ff3b	reproducible
webui.war	WEB-INF/classes/org/adempiere/webui/apps/form/WGenForm.class	class-or-library		13301	ad790184f7a484a80a1306f12bc9e59cdd6f1cb44c3df771f2dce68d98a05ede10d431c7c8db50b5b9d4e04262beeaa3216f172223958135c18eacd0a464be62	reproducible
webui.war	WEB-INF/classes/org/adempiere/webui/apps/form/WInOutGen.class	class-or-library		8753	5e5ccd1f7d4ecd913fe33d16aa79d66ace142b5ab3f6236dade1f0e1f97c66cd7a6671034c76f689874c404553e0bcbc79f2bdf6b868275f3885a6df4ded98a3	reproducible
webui.war	WEB-INF/classes/org/adempiere/webui/apps/form/WInvoiceGen.class	class-or-library		8322	7be72cffb0b3f34a69745c857093b688cbbafc0414b356ff91d4b1c5c6a98a5ddacdd1277d11baa03b94c797304c77e5c9cb65e604d33aa2924c2793fd2847c8	reproducible
webui.war	WEB-INF/classes/org/adempiere/webui/apps/form/WInvoiceGenFromShipment.class	class-or-library		8542	64f97cdda03a1f3e9a1235c2718af43c3fa8d06bf4b1a728fd91dea555f053f4ffda23768034508192508794ad08cc57ef20d0c395bda05f5f10e487066a4027	reproducible
webui.war	WEB-INF/classes/org/adempiere/webui/apps/form/WMatch.class	class-or-library		18201	36084d20ce4fce4ae71e6e290693aa8bc6836b390ec31031415c411bb343f689914b869e0cfc60aa3fdc4e04583b9a0bb0ff8d1d795814fa8c57b22d03f9dc15	reproducible
webui.war	WEB-INF/classes/org/adempiere/webui/apps/form/WMerge$MergeRunnable.class	class-or-library		1525	fce4b1d7f401776b3b9ad56adc60f1ae52ad816181c44ba569459046e8a92e10152dbebda2d590fa4f3a8d464010256e00be467d2fc243d8b815bf20ec5f0937	reproducible
webui.war	WEB-INF/classes/org/adempiere/webui/apps/form/WMerge.class	class-or-library		8585	dae51e463b9420b469e3ba870c4171ed53e1087f7dbae29fb253427bd202f20d25ecacda50203bc7f9b7a5e8facc84d6927a18bfce5cf9e2894bfd9191c0a0d6	reproducible
webui.war	WEB-INF/classes/org/adempiere/webui/apps/form/WMergeUI.class	class-or-library		765	2ae20624715a81d691c45682ae4580b776cd486841381c104b2c742b8d1e538d577bc6ebbc3543d0eb6aa6910f96887f5de0f6e9ccb11f4bff85628cf18bbc5d	reproducible
webui.war	WEB-INF/classes/org/adempiere/webui/apps/form/WPayPrint.class	class-or-library		18190	420659ced6d42ce1171e72981a1e14d0029b4ca7fd50340e2dc97933e1889801fb2b9c164fdfb71f580f19af360b8450cf839c0b82a9f1c09e642a216db7bd66	reproducible
webui.war	WEB-INF/classes/org/adempiere/webui/apps/form/WPaySelect.class	class-or-library		18589	471a81d8dceb5a030d2afe89b80d09124108b46df3470aa30460df7d1b5d0e43168d0fd7607b172934c22cd5fe619b1ecc202414a2b12fb0c3ceca6d4e3d1871	reproducible
webui.war	WEB-INF/classes/org/adempiere/webui/apps/form/WPayment.class	class-or-library		23363	3ed9220393d779b4a7cc247abf92819798e8794a4d3bf7677fefdadf7cd83027743f0ab811f610a9f0d2bbe762dfc5c9333f58dc3399bd251dfacb9dd6c5366c	reproducible
webui.war	WEB-INF/classes/org/adempiere/webui/apps/form/WQuickEntrySheet.class	class-or-library		12132	5861053506907559ac9ec60b0a944eb5bc222b323dbec350d083ce7c8463889b74668187caaec3268a20df499ef32ab3f5613fbd05d4a05690cbf137ce88dda9	reproducible
webui.war	WEB-INF/classes/org/adempiere/webui/apps/form/WStocktake.class	class-or-library		10308	deee907b1afdb651a470a7f80404735ecb3f09c44ebb7d6004d4eee4c881867484a30aa4d01a76a41e0149a4bc1802d2aeee34de5910c3b56706d2ee4a1cae0d	reproducible
webui.war	WEB-INF/classes/org/adempiere/webui/apps/form/WTreeMaintenance.class	class-or-library		12641	6c05f550b0355e703884e471a3e2688b89bc7277efb801e1d18b360e1bc1fd1be1c7947541b14294ea2ba9c9f52747a32dd4eaa053d09a9819ac03b859e4609a	reproducible
webui.war	WEB-INF/classes/org/adempiere/webui/apps/form/WTrialBalance.class	class-or-library		23338	3d452ad87b1df0f79b06d15e191fedfd63e6f507bb067cccb606386e2b5453371707007e514b1a25d24043303872d622439dde6b0bf690cfc5ddeffff505ac33	reproducible
webui.war	WEB-INF/classes/org/adempiere/webui/apps/form/WTrxMaterial.class	class-or-library		9285	67395b14664c27327b7a32bec6c0f2d2f12850c84fb4ebe0a815889be2a3050230a9a637203a600da1501e2396affbf83deac512287175ebe4fbbe0cf94f87ce	reproducible
webui.war	WEB-INF/classes/org/adempiere/webui/apps/graph/WDocumentStatusIndicator.class	class-or-library		3525	dce68ff3b09efd901b9c156902e3938c6d9c8e7eb3f2f760036abee397d9856848b65662f373e74f2a5819d03e4d1f9665cba56b64615d5d81d14a131fce4c50	reproducible
webui.war	WEB-INF/classes/org/adempiere/webui/apps/graph/WDocumentStatusPanel.class	class-or-library		4418	118c72345e4ca3b9930e10df38b4c6df307e4451676739fc5def6d7df0d1e4ce5959bee4e762540a0d774012e31636accfb5b36ff663e5c5e7014347ac1645b5	reproducible
webui.war	WEB-INF/classes/org/adempiere/webui/apps/graph/WGraph$1.class	class-or-library		1511	8ec4c5b838399a58fe0055bf94af871d868e1a30c2f4fb6ead73ab37db6717e95f3f0b4593a3073d60acbdbea1fa78cf589421801be914a1794d5bf123312624	reproducible
webui.war	WEB-INF/classes/org/adempiere/webui/apps/graph/WGraph$2.class	class-or-library		1965	5f9819b66c73265b3db087a283d1a7c32c6c5ffce8e13c69383ce6ef0e5e2329cec0ad72792d4db46d480495f58764e1642878b5e7bbe191e092c118a34ab511	reproducible
webui.war	WEB-INF/classes/org/adempiere/webui/apps/graph/WGraph$3.class	class-or-library		2106	6b681710b3ec2fc94ebbc1b867010c63d81b765b1b9c0a9d077b598f8441ef5adf07609cf614c0900549f165f1d3412dd38eea674d7b99d2b8d29cb3be9d5410	reproducible
webui.war	WEB-INF/classes/org/adempiere/webui/apps/graph/WGraph.class	class-or-library		14786	ea77dc7b16b5d4054686dc856ed6aa718eac7a3709e3f120a7035d0c9012cdff3dd92c7898bcaea240fe1dedb13cbd774b98837b796f6d0b4963662a179c4132	reproducible
webui.war	WEB-INF/classes/org/adempiere/webui/apps/graph/WPAPanel.class	class-or-library		3120	0390e08a2cee18d5d3cf72f1f5635fe8fca0b1b9eb894655cd2dc89924a7035aa2b33f4ca5eea676a9a1bf479e2c76aa4ade8071b21ce716365e4203ed6401c6	reproducible
webui.war	WEB-INF/classes/org/adempiere/webui/apps/graph/WPerformanceDetail.class	class-or-library		1418	f873d8b605f61f5f25a93fa82c0ea9b207b6791f09b1ac7dd8e097839d798a85ae92cb5fabb75e83e1f24a8d4e29b67c7bdbb7b5bf7b0e04d0db5bb8f18fda3d	reproducible
webui.war	WEB-INF/classes/org/adempiere/webui/apps/graph/WPerformanceIndicator.class	class-or-library		6791	3a442758267206828a6f5bc74b64704ef746474e50c7e71b29c0843bdea70f7e7928477f2603dec0c92ee2a8d44d1327adbe1efb7c28188861c88f92322465df	reproducible
webui.war	WEB-INF/classes/org/adempiere/webui/apps/graph/WViewPI.class	class-or-library		702	3b556c32a850d9b3b91ab09ae8b0558e9769b2f8d3d775dde6baac42d7d809486f66810a26e693e1b4ef3165af11b5e121efc73f297d8d0bf91657f86bb37419	reproducible
webui.war	WEB-INF/classes/org/adempiere/webui/apps/wf/WFEditor.class	class-or-library		6895	6879af7e8a965fd58dff66136b886166ee35fedfae02b0c80b2848867cc90231c89fa73e970dec95c1a1ce3c83d384be6463ff4e744d045f087cbe592128f566	reproducible
webui.war	WEB-INF/classes/org/adempiere/webui/apps/wf/WFNode.class	class-or-library		3538	370683200360205b9a177c414e6289dcb0d784289400378f3f9ab3f582563f1dfe4ed033036485106f9178a4633a67141d61556efb39fdf4ed9e3d585eb9eba1	reproducible
webui.war	WEB-INF/classes/org/adempiere/webui/apps/wf/WFNodeContainer.class	class-or-library		4663	f6fd4634795799500148a9521a43d7c9ae8ea12bf37398aa35a5518e2ed160699777fc3aefcd15408c176b24e852baa8fa976f7c462b1aebeb268c75de349572	reproducible
webui.war	WEB-INF/classes/org/adempiere/webui/apps/wf/WFPanel.class	class-or-library		9632	b8bfc8892d34ebb67cac645128f8495b4ccf52d58fc135bf0c9f024f4b2a6796f4ce254575cfd570a6e15183a7425253ef9e73429ebfe6f1d28b22af09e4b8e9	reproducible
webui.war	WEB-INF/classes/org/adempiere/webui/apps/wf/WWFActivity.class	class-or-library		22234	eb7c3b157c1e6044342f73c69e83c5754f0da37822e0c26691c892ec4646aac06f8aed567378e1ddb8de8354ef1356b74776e7efcc106141e588ed125c6ba6e3	reproducible
webui.war	WEB-INF/classes/org/adempiere/webui/apps/wf/WWFIcon.class	class-or-library		2277	bb6d3c94b6fc0a7883da738373137d9f14424bcfeb065792a5b59aee0b11e56b57fa505d48a8d30c0a355e3a460db9ae32475a6cc1e819f76d7a9656c90d49ef	reproducible
webui.war	WEB-INF/classes/org/adempiere/webui/component/ADButtonTabList.class	class-or-library		7059	7de66a31744f44b7f44186af29dc5e71638b8332702a5ceb616d1dc6cbb6dbd190483690e1b9aa59e0d3e67d1c1f19a24dc03f5eae291b7ab8770d8d38aa9ef3	reproducible
webui.war	WEB-INF/classes/org/adempiere/webui/component/ADTabListModel$ADTabLabel.class	class-or-library		800	ad97f730b03047679bb3f9c7c2221819009064bb85c1558b282cb5eda2bbcef9020dccc437d7bde48efbf6cf45ba211ed795319c5e198e58ccf4876dce336a77	reproducible
webui.war	WEB-INF/classes/org/adempiere/webui/component/ADTabListModel.class	class-or-library		3358	342c30e2da07b216847e14fce9fe9558e5dd8c9bd0b7a19811b33e662e2069617be934c02883ad17f67dc13e52b26cbf438349ef0b47e04823268e14169317f6	reproducible
webui.war	WEB-INF/classes/org/adempiere/webui/component/ADTreeFavoriteOnDropListener$AddFolderListener.class	class-or-library		1678	da5e416a2d0bd14076a574a143ee02a712810bb37dbaafb9d82de95308a606477696558eb8c9658878458d76cd2e31157e78cab24041f8f469a698fae0e656e4	reproducible
webui.war	WEB-INF/classes/org/adempiere/webui/component/ADTreeFavoriteOnDropListener$CollExpdListener.class	class-or-library		1708	166b50017d913b967f12d783674609c781f4a9f6bc678def548719e274401eb4ac68aec70d026775b74ade8dc2c081d93bf0b85e6d9e0701abba238deb0f5fc2	reproducible
webui.war	WEB-INF/classes/org/adempiere/webui/component/ADTreeFavoriteOnDropListener$DeleteListener.class	class-or-library		1572	fdd6d72961e6532c24afab2c0a111b28d9af89af6615db4d461840c164b4a15daf0918504ac0748369a27be917b6a8620581b0e611116064e22781f83bf5c65d	reproducible
webui.war	WEB-INF/classes/org/adempiere/webui/component/ADTreeFavoriteOnDropListener$MenuListener.class	class-or-library		1773	4f39e206d9cf1f1d7452e09d37516bac55bda3afc6bc084e6da01d6cc696039c3b250b4676c165ab2334b96bd5cedd5d7045859859aef43a033984e7cf4303ce	reproducible
webui.war	WEB-INF/classes/org/adempiere/webui/component/ADTreeFavoriteOnDropListener$RenameFolderListener.class	class-or-library		2721	099bde33c93647e7c759f83564dbbb9811ade94f19e1b9875f1e4935f71fea78c6fe166d9bef48d7ed31a40b31e726052e9f4b0edd0ee5cdccccad38095fe985	reproducible
webui.war	WEB-INF/classes/org/adempiere/webui/component/ADTreeFavoriteOnDropListener.class	class-or-library		15104	3db085a80d0492e15e92ca2b573c37f2a409b17acafc967f2e1e3738f02eb8cb121a4d779ffb0b70caa55ca2f50919a697df8d137f85f72f2a4405bfcfa54ab0	reproducible
webui.war	WEB-INF/classes/org/adempiere/webui/component/ADTreeOnDropListener$MenuListener.class	class-or-library		1725	b984c3ff9306333e7e81e5cbb2b3f6d9c81964748332525e387e675fa5fa6de4e28ced49a2d8b7401618744a1d7731058365f7e996def6b5c615922888415579	reproducible
webui.war	WEB-INF/classes/org/adempiere/webui/component/ADTreeOnDropListener.class	class-or-library		9214	12ab432459ae500250ddb4605c565dbae7d9f3289d332cc999ce023a9096a93f37ab60143e0ba8afe2c2af18aaf65e8f08d309a4593254b72acb423e49787e41	reproducible
webui.war	WEB-INF/classes/org/adempiere/webui/component/AbstractADTab.class	class-or-library		7233	8b8ba7a0b902d30b3dfe40cf0208ea3405521886f6078a5cbb792f46770bdbe64e154b956010609844bb997bcb56d0354b990fa3f304f4453e774316a8ebdcb7	reproducible
webui.war	WEB-INF/classes/org/adempiere/webui/component/Accordion.class	class-or-library		4230	9fead37a13ef20a35dbc27d279c97c586911a13f5e48c6e89c6339090d05b131d3e48dcd4826843fbc75909a75c5436641613d43a8f12d3a436526226af0187a	reproducible
webui.war	WEB-INF/classes/org/adempiere/webui/component/AutoComplete.class	class-or-library		2639	d495088fb958696629542d40b20a8d00d83f9d79b4b07b5a0bbcb56c8c123dabc5e5317f7018cea412051dc2720d55aa35842ba96668c7f230768836f3416cb4	reproducible
webui.war	WEB-INF/classes/org/adempiere/webui/component/AutoCompleter.class	class-or-library		4002	f9ec744ca6525e7f374da54730e96e4d250ddff602cc85c821f0c3f2a5a77f4463ddcbd1b097f6a96dc50a9b5e97a2751ecf75864e94d8f20706a21c4729ac1d	reproducible
webui.war	WEB-INF/classes/org/adempiere/webui/component/BackgroundColours.class	class-or-library		541	c7266cefda1413791d505976d0ff5c98b98f1f6e4c7dc0a822c28694a7928c1a4f8b77f46046107c61d9c525ecc7e4fc164b0b117f8917a8ee1cd3a88e01cbed	reproducible
webui.war	WEB-INF/classes/org/adempiere/webui/component/Bandbox.class	class-or-library		681	f52c1027f431940b76956e689006464dae97574f2099df9e93e98758763e24b8409f68de32adc55e557c839eded27ea692800ddf320b4cd87ae1b5acfa1ace81	reproducible
webui.war	WEB-INF/classes/org/adempiere/webui/component/Borderlayout.class	class-or-library		2001	b44ae7ff71f09b9895826244f24d3a303cf1fd1724520f25ec984b7e801fa209b4a2a0c99657cb9078076e48a58ec2fd2e3ea78e516c34630d6a04bcd1c62f84	reproducible
webui.war	WEB-INF/classes/org/adempiere/webui/component/Button.class	class-or-library		1355	7d1e76668683eec0d2f41f0cfccfd2531fc85dd2517e5ba88caee782730988f6aa0d957877560d2e63a095e9920191697954703f8820857369c8d046358bcf02	reproducible
webui.war	WEB-INF/classes/org/adempiere/webui/component/CWindowToolbar.class	class-or-library		19363	9a25f36283d225db782a4a43d2814b0602ebd63a25b86873d78784d2639616272efe270cbadb007b0ca4d7975f3426800e7a1a3da9b2fc31037af40279c592d7	reproducible
webui.war	WEB-INF/classes/org/adempiere/webui/component/Checkbox.class	class-or-library		2160	87ece10261c8c94de6286996415ebb3d0c5a02261ce865b9b22f32c4f1bc8dd2a8deac2d02ba065de5eb8e447e72e94cc9124d335924306aa3ea4e6e2b3210b4	reproducible
webui.war	WEB-INF/classes/org/adempiere/webui/component/Col.class	class-or-library		3378	a3e8b463d5dc31919137a419392e2dd0d3d2f37946070cb6b17db89554544355166c88b57380ccb7852135edf2bbbfd7f48fe0d8307620be7aae646ad03fc6f6	reproducible
webui.war	WEB-INF/classes/org/adempiere/webui/component/Column.class	class-or-library		542	85556acf95f222023ad8e32b7e4c56208d6aaeee7e71e47e5a1302bbd1f599df98ad8a2af96d4a0ced79cd93c99404d9deee1d851a48e446682f1e682a37e633	reproducible
webui.war	WEB-INF/classes/org/adempiere/webui/component/Columns.class	class-or-library		375	c0eaaeac7fd6de42d3d32995376d4600134828c76a086d249a949c44d2dfcc57daf742beedb35b90b4b123f03870f9c86a6c5e3d787ac5b2b97df6833383149f	reproducible
webui.war	WEB-INF/classes/org/adempiere/webui/component/Combinationbox.class	class-or-library		573	205ae54bb7a415d47ddef2cbd331bb7d03dee6f0c86f904606bbd33a9b80102c4539223dbbc932b95aec42e3bbf8e8fac80148f5cb8a755bb54369e9b9a03182	reproducible
webui.war	WEB-INF/classes/org/adempiere/webui/component/ComboItem.class	class-or-library		656	fde3c9a082d1495b97a3f9100b82eee059e6ed51155526eb8a5bf8b08246da1b40ad3ab6f005e4e4a90f20041145b6c5809681871a0e7fe65e84126eac76d325	reproducible
webui.war	WEB-INF/classes/org/adempiere/webui/component/Combobox.class	class-or-library		2949	14910d1d862260024d274764c05829a8599f3837b48fd560bdbdd6fad58d3ab1ed30c042e40d305a6866ebbce15fd83241072824aa68236ac2fd057db7ea9aad	reproducible
webui.war	WEB-INF/classes/org/adempiere/webui/component/CompositeADTab.class	class-or-library		5261	1f353c8969301bd63ed89901ba775ef2833641afdf2f4a71049c62daf488cfb9770352331de0d6c8309e0b2df603a08edf31ad55d7d90831fa4930388cde7dc0	reproducible
webui.war	WEB-INF/classes/org/adempiere/webui/component/ConfirmPanel.class	class-or-library		9515	f7c72930a4413f708e35f16664f2fb68bcaa651cb9390baa03049d5d0b99c04ee293d76453bb60a8675ef8dd4682464fc2fdbe41b6644c7d99ba0bc9ffe627d3	reproducible
webui.war	WEB-INF/classes/org/adempiere/webui/component/Datebox.class	class-or-library		1642	fbff7df3aa7c7f2fe7e0db7f532dea5d00cfb086973a02952373cca3611881d3bfe213ddef7db9144e5c066478d4044004ea2f8ac789033b99d0b8fcaf671ac1	reproducible
webui.war	WEB-INF/classes/org/adempiere/webui/component/DatetimeBox.class	class-or-library		3921	c2bdba46833f098b5504c61adefc80f16f25f979737cdebdceaa8e597292f422eb567d03216e8d08ed0d222fa90d08cd7b346313bb72dff33e010de873ec6036	reproducible
webui.war	WEB-INF/classes/org/adempiere/webui/component/DesktopTabpanel.class	class-or-library		447	2e8faf0ba96e0eeb22ebac83c83315fd5e1c1cca6437994c9d373a483153fdee2d8b5bd36d82ce902f9d8ad6c4865bdeef2c48d420703ec9400c11e0b51245f7	reproducible
webui.war	WEB-INF/classes/org/adempiere/webui/component/DrillCommand.class	class-or-library		1939	1a27715c23b2ca57b40c8b57b3cb899f32a2635a244f8b3d8b0801a092c948c27663ab4479dc9ce2461e790685c7e0ffa519d78ff7f1d230ffa00a9262a26008	reproducible
webui.war	WEB-INF/classes/org/adempiere/webui/component/EditorBox.class	class-or-library		4888	a65e1e4a97bdfc7a5d1db1c158f10588f8ffc4302f10b262745febbfb22bc8a0c1ab05468060600970b8005a820b5df588a2a4868fb755d73f82ca0935d52b9d	reproducible
webui.war	WEB-INF/classes/org/adempiere/webui/component/FToolbar.class	class-or-library		490	0ebe620fa740b8bd3c7ee2532d94590fce5a3ed6e28ef08b44f86e00da4ee8fd4fad0e6ded4ae480464801a143be39e047bd24b167d6a611615e288c2c3b5581	reproducible
webui.war	WEB-INF/classes/org/adempiere/webui/component/FWindow.class	class-or-library		394	12b32aa76add17a395bdc78033d3225b85f83a2963b78044cf055217ca9d6590937c4cd6798d116ed2eeffdb2065cc76e38a7519547f954c290e07af1545d915	reproducible
webui.war	WEB-INF/classes/org/adempiere/webui/component/FilenameBox.class	class-or-library		569	01521c786d6a240515847feb1e2af966f2b7f06227d26c7a37bee16ad6518ee76e6998ea241e2a52620d074aadf78be8546b4d6d18312f1b18677865059feb27	reproducible
webui.war	WEB-INF/classes/org/adempiere/webui/component/FolderBrowser.class	class-or-library		5145	6c2f47983d854040783a4e2e4022adf17cd64607c9a925d6dfab07d7a09ae886567b4cd4d688a86e216ae423f1e2c2d94fd36df533086fb3cc70aa8976141c3c	reproducible
webui.war	WEB-INF/classes/org/adempiere/webui/component/Grid$EventListenerInfo.class	class-or-library		631	ce8e3fe145b378835cc41eb3315c349db5c77530198bc9a4af8293ce1e05a3066bdf4eb08d20ab89e38902bd61cda2cc5f2a5d398230b1c248d027d897e4d814	reproducible
webui.war	WEB-INF/classes/org/adempiere/webui/component/Grid.class	class-or-library		4457	fd6f5dff70a84c3e489f7c9c0945acc29ae815f60cdcb224957a969e70f89aeb6eb277e2286f3a41539f8d47e83ed9ee1105a89e70788002ddd7229abc1a3263	reproducible
webui.war	WEB-INF/classes/org/adempiere/webui/component/GridFactory.class	class-or-library		568	5f668ba0fd67fec9b7e14e014ec93c61e017351f0f2c108166558f188bb56c4be575cb5754b9850539c352be9d5b46d10dd4183f422f28b374ea70754c25d544	reproducible
webui.war	WEB-INF/classes/org/adempiere/webui/component/GridPanel.class	class-or-library		25123	56528c5f17a225eb051075fa1018f59f57d8da8f401c41d46add43984d06aae817f449a305a7d5544889c1fe850be3d61c3ba792138db217fec3a24b3f861e32	reproducible
webui.war	WEB-INF/classes/org/adempiere/webui/component/GridTabListItemRenderer$CellListener.class	class-or-library		1456	8ac1e62683752b6261a3eecc9da7c2d43e9a4ba8fd35d4199d27dbd0e7989a3eed4ccf976dc29f608660b08bbd3ea31bd216fbe1fe1643347976e1c168de5d92	reproducible
webui.war	WEB-INF/classes/org/adempiere/webui/component/GridTabListItemRenderer.class	class-or-library		11918	da7358f9cae990fea9f27673a178552949b03510074e994d064cfd19daf6f8f0ee2e12a04ff4f23ebd4b38dd9a39ba19f7c2130fd2bcb7abdc0a64f67fa9c0d3	reproducible
webui.war	WEB-INF/classes/org/adempiere/webui/component/GridTabRowRenderer$RowListener.class	class-or-library		1896	0b49a74cb2fa77f4345d7d1dac92d00f1879f4bd95f15c3ade19bc637a880b883f8dd3c9bd45f22135617494f29ef1a4eeb71be51540655c737931c33d29985e	reproducible
webui.war	WEB-INF/classes/org/adempiere/webui/component/GridTabRowRenderer.class	class-or-library		22435	619aecd287e779574146e09820b842cc65e91b1a22cb09257bc7542b2dafe4a425ee2fbd558562f21c786cd2c98ba4d2233caee08c67562417e628ba6b8611f8	reproducible
webui.war	WEB-INF/classes/org/adempiere/webui/component/GridTableListModel.class	class-or-library		3850	023d0e70f91f0a025c0dbb48f0bc91536804bd9d2b7408a8d8b1245fa982688b35f758c760d82375529068ad79b3615894c1fff570c1447bb099cdb541068a56	reproducible
webui.war	WEB-INF/classes/org/adempiere/webui/component/IADTab.class	class-or-library		1060	8fcb8c473b71ba784c6f03d8ae735c08e25807bcdcd231cc7fa7482ccb4c3e1e5af9a36424e3748dcc993d7663d0845e28e090c11b88384cc2a6312bccf01ae1	reproducible
webui.war	WEB-INF/classes/org/adempiere/webui/component/IADTabList.class	class-or-library		222	766f36139eed880a1187a6dce5297c912cc9790244951153bdec9cb9220f390fd5f0f9b6f4384c5a87ce82df3d9abaf3c8e8c01ea66e78975bf99ab38ba34ac0	reproducible
webui.war	WEB-INF/classes/org/adempiere/webui/component/Label.class	class-or-library		2619	30d94c421bb32c2962a0464996dc5bc1e1f334cb84ec110f76276dcbc6870105ea053c43605a00825c1503cb00bf13995d0fea41455d7e6f4f10aa4318800d8f	reproducible
webui.war	WEB-INF/classes/org/adempiere/webui/component/ListCell.class	class-or-library		520	84874cc2871bd98714eda13535bdb8f31190666726b9804d50efe1f4a7e9e153d481d1b1d8d06f701ca80994414f5cfe4809ed216cedd91f513a22649f3edc34	reproducible
webui.war	WEB-INF/classes/org/adempiere/webui/component/ListHead.class	class-or-library		379	4b73c2ef7b95ceca3c80841b34e3bf20bc2208328d322b6897b3378c88121fda7f3cbafa11cb76c542f55790e3ce0e9be0def4d48742d33d4a6aa0b12ae01e3b	reproducible
webui.war	WEB-INF/classes/org/adempiere/webui/component/ListHeader.class	class-or-library		528	3711a7e066bc15cc8a0896d042eebc9751ac45d8bd566b2278ae4353fb4e1f71c38d5824a174e26e62341410b7c6ee51ab6b49a54b7d8ae35ec39ad05f88893b	reproducible
webui.war	WEB-INF/classes/org/adempiere/webui/component/ListItem.class	class-or-library		1654	5630c962df8e8b4725a8f29b51f37e1f879a3e18eb65940cf2177a39d1530d7133338a66a7fec4f6deeadc5607599b03bab727c54ab0bad322444d93085a27bc	reproducible
webui.war	WEB-INF/classes/org/adempiere/webui/component/ListModelTable.class	class-or-library		7480	5f47a9bbc14b03518f81727f599ce98b7fd534dda578955d0b2e72ab78c319ce68a2737562d598da4c282d84bfc8e4e7c937a31d609f0f9aa3361ee184c239d4	reproducible
webui.war	WEB-INF/classes/org/adempiere/webui/component/ListPanel.class	class-or-library		9790	22e1b7c560b536ee6289dcb374a321cb59dfeb012544f3d70245016fe9de6ccb7c510e913c102fec9ccf7f12370a78f1ff7343c89dda160e4d3c230389dafd82	reproducible
webui.war	WEB-INF/classes/org/adempiere/webui/component/Listbox.class	class-or-library		9483	13fa5cc6c91ac66494907a00d197506421e50b643e605cdde7781f345e3501fdef67817a2784636db9314725599020fd0fb1cd01d0c69c015dd19b5c31725a64	reproducible
webui.war	WEB-INF/classes/org/adempiere/webui/component/ListboxFactory.class	class-or-library		1449	d6951bc15e793173a97ff1ceca715e8b305632fa5febcac6a40b99d0d422610285d03ee59a94c178b5e6daa1ce2392c9a2d1780cb49b0c860fa22b07d991e5d0	reproducible
webui.war	WEB-INF/classes/org/adempiere/webui/component/Locationbox.class	class-or-library		4367	9c8c9a0f9ed6a5ae90d7e23ef7c0da3d532487f718dd43f005893417c6b9a1b6f68de752d5af98c7a89d57c7d59347ae6132660a34cf7ba66e43dc9660885f9f	reproducible
webui.war	WEB-INF/classes/org/adempiere/webui/component/Messagebox.class	class-or-library		7579	1bbad07a7e1b03d2c63112e14453ae74fcdf8d89d17862c65dc0eeda28853575726fa856a290eb0e5e1c0a7610368ecf31a0cf51b996cb5da788d3a3d0927ced	reproducible
webui.war	WEB-INF/classes/org/adempiere/webui/component/NumberBox.class	class-or-library		10864	dd12eb64d1d375252b496002fa1986a187030889ef18797d543abf9d8234ee54897a29489062e0a705b4ee73f4e1459cf33eb7124c19d63412fcea7dfb49a4d4	reproducible
webui.war	WEB-INF/classes/org/adempiere/webui/component/PAttributebox.class	class-or-library		578	dded6806f8865b417495bb5bb55090aad262a7a8604fdf8ac7dbbed292aaccfcdfa71910fc3e35369f3d0f15bbada3cdc82c439b9afa1aa7cbef033997ea6cd1	reproducible
webui.war	WEB-INF/classes/org/adempiere/webui/component/Panel.class	class-or-library		476	91a060984939dabd4ad3b291990a95bf4a7d627fbfef52deadff21bf2a07eb0bdebde8e26e8be61b4d7f25389a7bb4778661b8d8f888a4c975d35a25f806b579	reproducible
webui.war	WEB-INF/classes/org/adempiere/webui/component/Radio.class	class-or-library		1928	8f3c3d248d788e9251d7a42787cf385235bd37923450de23bf56ed59f7fbe5f8e4ce9c6310797341e5e112a3b2305b982be72dcb89da8b5ed4b5e8bfaabfde37	reproducible
webui.war	WEB-INF/classes/org/adempiere/webui/component/Row.class	class-or-library		359	142f9a86deaae2ee26b5a2524e093e055e178c0c62d5eece0b01596f1cc6f4bf51137c81f79b1cfb834923c95c6ee50d318dbe6e0ea78bb3f04857d08c5cd0f8	reproducible
webui.war	WEB-INF/classes/org/adempiere/webui/component/Rows.class	class-or-library		1635	07cb1d2d81e831e0fb33d6a46c1192c3e4efdf8f8005d1c6e78e86c24bb55884d2afd310fa128fc57400af51e543a87c02317bc9a813a2c4c071639103f0f7c4	reproducible
webui.war	WEB-INF/classes/org/adempiere/webui/component/SMJReportViewer.class	class-or-library		10501	4ed93a3d32b2e7e37b2286df50e219092321d295262a3f2f4f38f891ee99dd4cf87e696e78d81014fcb6bdaf04ec3c0aec9df5b5b2bacd5215bb673dcfa75023	reproducible
webui.war	WEB-INF/classes/org/adempiere/webui/component/Searchbox.class	class-or-library		403	4068ff6af09dffb8de0a321f7c69e6dc66f614277714302650e35870169d74b7eca8b8aa58f52eb44d303a6bd26eb8e4bed0c10ea8be57f9bc28bad8697490d8	reproducible
webui.war	WEB-INF/classes/org/adempiere/webui/component/SimpleFavoriteTreeModel.class	class-or-library		12400	25541679ee31f7a764e0a0ca59b364b9e2b16aef1bd13ea7850c944fa5d025a566584bffd2f9e24a8040bad2b5ae95e04561576f5d3c93bd683f5cee732204ae	reproducible
webui.war	WEB-INF/classes/org/adempiere/webui/component/SimpleListModel.class	class-or-library		5188	f3f4643a8321679a9f6a5e2fc05037d8396dad42a6709a209fbabbedd5a7c4bf477e3f4b98dc8362a0f7e4f4e803ddb73b3e2f9314508b83f2560cccd161a337	reproducible
webui.war	WEB-INF/classes/org/adempiere/webui/component/SimpleTreeModel.class	class-or-library		9528	85dec5ead549cfe31280d99862db7a0ac09cb599649ebe245cddde081ecb10b590b147bc0592cd765d8ccd4f2239fce218f016d04ac3d77fa79d647e60fb4ed5	reproducible
webui.war	WEB-INF/classes/org/adempiere/webui/component/StringBox.class	class-or-library		6907	0a40a0889499dea01622a9a841fe18b9cb70375efe1dfc071b2bdc87e255584d0b24bbb928383c417bcb07c4828f4e1abff7b95c8a230264cc2953ed7e063df4	reproducible
webui.war	WEB-INF/classes/org/adempiere/webui/component/Tab.class	class-or-library		774	f709a78c731cfc33f63856ca216b7ab36f9cfb9a6781c81a03b9bf797f8f6a0c177a93d79fd9a2d5fa88161ed9ce6510d1227d8f08e737238803daa4a97cdde9	reproducible
webui.war	WEB-INF/classes/org/adempiere/webui/component/Tabbox.class	class-or-library		1304	0e7d5be4fa7e5877d19d2c67a286d6d9ca5d302838068f8b2386cacc69d53bf64411a1796f1e20c5a1f076ebb1b2d9610d21d488b49be761966c52899428489b	reproducible
webui.war	WEB-INF/classes/org/adempiere/webui/component/Tabpanel.class	class-or-library		2105	b334b7fb8211a7b9f5a44382f9cd0278786f411b7b51cbbe0261213c2a0d97f1341848fcbfdaf7469d64998c04e0948b955833b8fd1e1a855c1eab8329f41a18	reproducible
webui.war	WEB-INF/classes/org/adempiere/webui/component/Tabpanels.class	class-or-library		387	5fbdd486fb80fe5236a4b4caa358079831c6b6c52d3fd725609df927f6ea2dcbaaa16f5581b58dc77ce29d67f0d86d7d49ce7942487a0b78916848089bf9931c	reproducible
webui.war	WEB-INF/classes/org/adempiere/webui/component/Tabs.class	class-or-library		367	d3cb77865c35f9d7d129f566feffc1d88f232f9d1da2e3c526e2793e417e53bf6a3ca05b7c704263b7542ceee358b75b82433b98f9d9e999ef83d45824ec9f0f	reproducible
webui.war	WEB-INF/classes/org/adempiere/webui/component/Textbox.class	class-or-library		2901	7c607ced5034c58e3e60205a2b6677e0b2eb6efb4ffc31e2ca0a655e0a436765b57fa26fcd9a03bc6ec56dcaac11d3e776b1b66930fa5b99203888683dc95ada	reproducible
webui.war	WEB-INF/classes/org/adempiere/webui/component/TokenCommand.class	class-or-library		1540	3b954bf54a016931ac3e5095f57b60a62ffa49aac2c75d72678993c8deed08c5360a5617c4e549d117cd723cb861ee8576561ab294640a2f586dcf465131cef2	reproducible
webui.war	WEB-INF/classes/org/adempiere/webui/component/ToolBar.class	class-or-library		375	6e5e0921dcd0c8241c9affa6ad4635361a76584c1278d632adb5c15722d24df8c4cfaae270320a2d71805e42c490d0e35322684a7da0eead72dcf1dac7f7ffb8	reproducible
webui.war	WEB-INF/classes/org/adempiere/webui/component/ToolBarButton.class	class-or-library		1861	0b8a3f84b1088183daf4cb6940dc6793488123f75b33e8193d62b8e7bd0bc48f098e870f9dfa83eb92b97628f7c2581e806f862cb37cbca4295680fc8537f8cf	reproducible
webui.war	WEB-INF/classes/org/adempiere/webui/component/Urlbox.class	class-or-library		549	c9c07b2bdb7bb8b4b6bf76f79c1dbc3e39ab15646bc9dd0a12cd89e860bfe6585a24c3bcbac3d2d4ccdfbb798ffbc25c504d2a770e8746b3601abd3e0d52dc60	reproducible
webui.war	WEB-INF/classes/org/adempiere/webui/component/VerticalBox.class	class-or-library		384	23948b7d76299443d42cbd48adec289fc98b7091506af4aac81002153495caf5c6011e02340734d5f41bc630211dd140fca4031688a4b10b20ac87df78a8fe8a	reproducible
webui.war	WEB-INF/classes/org/adempiere/webui/component/WAppsAction.class	class-or-library		3469	f51965c0e5e453fab1f6e4afa1c1a552d83ae68713e233b10e5c2d2327b33d4bedb07f91fa48ee976f39c1b6f472995f36c9da8630b4b08dc50f9b99f18701a1	reproducible
webui.war	WEB-INF/classes/org/adempiere/webui/component/WListItemRenderer$CellListener.class	class-or-library		1394	ffd952a50d5f6f6c59feec8d87a1f7eaeaca23eb2807a250a4ac5a67dc72e3b00774e4b24c3604ad6843d87de4abc7ccc004d9ebe01118a36fde759478423f25	reproducible
webui.war	WEB-INF/classes/org/adempiere/webui/component/WListItemRenderer$ColumnAttributes.class	class-or-library		758	f86bcd98481c722ede9e2570aa010d3915ab62f96d6b9cf25438c4ea252b06c0d12e3b2e9b539422cc1621f45f074428b386ab5da2aaa51b69f14b95d4ffcbe7	reproducible
webui.war	WEB-INF/classes/org/adempiere/webui/component/WListItemRenderer$ColumnComparator.class	class-or-library		1269	c71b9fd950ca425f27992999a0e773b78fa264309ad2c1a9414f3bea49cccd7b3704144575b95ae63ad3c9073c2b4ff5fa156b3dd5fa1b03e5d066916034866f	reproducible
webui.war	WEB-INF/classes/org/adempiere/webui/component/WListItemRenderer.class	class-or-library		19207	196164d0ea52a69f06f573f32a43f5df599c77ef036decc0f297d70e9fd5a4ad86f3810b32674b7c80277c86f4ee9d22090f25adcab5b6d12b5751fc69e45483	reproducible
webui.war	WEB-INF/classes/org/adempiere/webui/component/WListbox.class	class-or-library		21016	8d348b3442ac63f28a09879d1a35e13707c53ade2c72ab3f748cb49895dd747dca9cb16f913bd2ec26a7b0b75d22131334714fb48226b65ec951eec06e65bf89	reproducible
webui.war	WEB-INF/classes/org/adempiere/webui/component/WTableColumn.class	class-or-library		2292	8504ec4757af5b531fab0503c445d57fb53f57bb4ba9e08cd55527fc0491f45ed9da3efb46d74eb40958feef4398e80c27e39bb8b751d9a8212a9eb0cf68c026	reproducible
webui.war	WEB-INF/classes/org/adempiere/webui/component/Window.class	class-or-library		941	5040d53fd12da80fb6cfb1bcb04da9bbee6e5383857a505b84f41db91c8d210800fc4ea4f534cd23d565177481837812b899e8972db47948370a3c118518ba77	reproducible
webui.war	WEB-INF/classes/org/adempiere/webui/component/ZkCssHelper.class	class-or-library		2814	792da3d48239f3cf292cac6c43d869b56c4e1fe5cb5a0a5937b32f5867d9a849cf037e4e11be013fbbcabdd18cd492e73563f91a701a773089e18c43ba668eb1	reproducible
webui.war	WEB-INF/classes/org/adempiere/webui/component/ZoomCommand.class	class-or-library		2295	2737700c98fdb0c436385870c0ca968d4510d3abfe48539fee4b932dfa70c442dcb5aa22894add4c5698709aa6e7de0842d8d96c8dd41da6d4a73d968c1bd21d	reproducible
webui.war	WEB-INF/classes/org/adempiere/webui/dashboard/DPActivities.class	class-or-library		7454	b8446f6d8cf0b305e2c22384a1b6655d687e33f72778d4e24e5e3ef94a00273eb52310d2bb52b741201a5d82def46d437b76ee85f7ea597cec84a6048d233e14	reproducible
webui.war	WEB-INF/classes/org/adempiere/webui/dashboard/DPCalendar.class	class-or-library		818	dd993beaadcf33ad0e83810493906797f617749be893097b36c48daaea865dd838de1e248eec6c3112e1f6a3524b2751659886c098ccd3c9762bfd5135792028	reproducible
webui.war	WEB-INF/classes/org/adempiere/webui/dashboard/DPDocumentStatus.class	class-or-library		1197	297105f519dc52b58e1e680e15abd31c36373264f386640f8e0ff5bfc7b895003b595e746fbd9a5a808aee28eb094804c2e427fde7bf5f60ceebf961c9350986	reproducible
webui.war	WEB-INF/classes/org/adempiere/webui/dashboard/DPFavourites.class	class-or-library		7994	06f2b861ed25bff5015811d87e345cef38c195512fa8da30bdd69d115e1fc33558f5cea91866da5557d96d18b47cbd67ccd98b467ef810a9890caf995faffc0e	reproducible
webui.war	WEB-INF/classes/org/adempiere/webui/dashboard/DPPerformance.class	class-or-library		707	2830629dcdb0ef71d50cf366c05440226157eea95d99fe7f526982663dd76d692114e11388852e4facfc4973ca215b2be98254ac9f464ca7c100e9502bd972a5	reproducible
webui.war	WEB-INF/classes/org/adempiere/webui/dashboard/DPRecentItems.class	class-or-library		9269	d6932e591c1d3c3a9e62fae4c4b69f5cef4a7c1d4118beebf93532ccce2d49a82d583d3ea0a934fa3de18ab42077ace1b426f3501fdc0cd6a4ac7e808238c77f	reproducible
webui.war	WEB-INF/classes/org/adempiere/webui/dashboard/DPUserFavorites$1.class	class-or-library		1237	411d9829994ed9aa5d6bb4998c789473f49bb60fa06a941c88dca676f17a224ce36856cbfd2b48746832e85c4f1f280f362cdfaedfc7ce8f87dfe04b80510dc5	reproducible
webui.war	WEB-INF/classes/org/adempiere/webui/dashboard/DPUserFavorites.class	class-or-library		9783	449903bd6c7e5f49e8a980dc466e32c1ca9d531c8cbd706b8bc1520120f6aa49d604078687a5a91810fe864954d6174d2ce3f2c3e11469c952f54859ffc5af3d	reproducible
webui.war	WEB-INF/classes/org/adempiere/webui/dashboard/DPViews.class	class-or-library		5007	61a7c0e628ae26e466ac6523660aaa8e6cd05ef9ffeaa8ac7bd625965efed60ff52055c406d4a523d05dcfaf14d4f460adac149adbf7d8fdfc27a9ae97173465	reproducible
webui.war	WEB-INF/classes/org/adempiere/webui/dashboard/DashboardPanel.class	class-or-library		723	f50a692a685edc302a4f741d5ceab57587c473b7610d555623d0bbf0aaf7cce86196a32bcc7ee7abdf26f2528d0989fbaa8e52b9290888fc8a7624a975b9fa6f	reproducible
webui.war	WEB-INF/classes/org/adempiere/webui/dashboard/DashboardRunnable.class	class-or-library		8448	28d572aafad6483210bc47462252dcb4ecfc18368ed6f9ceb9fc5ebadafea162f405ae6120a20157e3389865d3e91fe281e2dae33397f2a59dfd755698fd6940	reproducible
webui.war	WEB-INF/classes/org/adempiere/webui/dashboard/DynamicDashBoard.class	class-or-library		14781	22811073a5ddaa82bc926af13ee72255bcd59ef0c9a108d71d090e2b99d0460a51051f56381aa321362afcb532b2167cc0716375890a4404f632be96afc87904	reproducible
webui.war	WEB-INF/classes/org/adempiere/webui/dashboard/IDashboardPanel.class	class-or-library		262	b58b0766fa6da542919e1577903ad9abb126e58f679ff29ffc68b0a6b409a0312bab1ffc68181518eb4101021ccfa7b531934a71bdae538c94f6c31f8978c4bc	reproducible
webui.war	WEB-INF/classes/org/adempiere/webui/desktop/AbstractDesktop.class	class-or-library		6059	5820c08f5711ccce468e4540e0c894f0de8dc6463da481b44934b40c195065b9177f940b5524cdf7b503a4f9c512cc026dabf290d65d711aa7fbba9d78b72892	reproducible
webui.war	WEB-INF/classes/org/adempiere/webui/desktop/DefaultDesktop$1.class	class-or-library		1515	f0ea626f7a7d7692e3cb4b3c4aae2ca9f5e80dfcdab92e0a53d24e9f781a1125cd7db8e135848b4ea53e1f5b72f75e7d3c17eca995a67b444728a6b030175f2f	reproducible
webui.war	WEB-INF/classes/org/adempiere/webui/desktop/DefaultDesktop$2.class	class-or-library		1482	8cb382a98be5f1e5062185e25ab4ea4476b97528ed4be03417d82f9f3ee777ba59f7d2e668a0ec7f8053a5bb6b00a9e0da69d7f838b841d55693053af3d174bc	reproducible
webui.war	WEB-INF/classes/org/adempiere/webui/desktop/DefaultDesktop.class	class-or-library		18282	92408f9b9da2279e4dbb406d69e0557fea8bd937aa8e494760a98213cf95038c5ba949e9a67f96f14fde99706f699de240a0b6a773a906b514d2d7193a1920cf	reproducible
webui.war	WEB-INF/classes/org/adempiere/webui/desktop/IDesktop.class	class-or-library		1595	9ea7659f131e39209bf72fdb600ab765fed38a31e16020628186fdf9a02bce51f219ed601304a21607613c0ce9bc800559c88b1efaee5f58b44b46144e4c4a14	reproducible
webui.war	WEB-INF/classes/org/adempiere/webui/desktop/NavBar2Desktop$1.class	class-or-library		1536	a308755819f93b3532fb77a3e19fc781aaa82cd0e01c5e7e3fb398ad3a55c0362654aa700c513efd02dec4eb6958bc83dc9b5a0c3b2f6fea7ab2dcc6e1cf675e	reproducible
webui.war	WEB-INF/classes/org/adempiere/webui/desktop/NavBar2Desktop.class	class-or-library		16635	2456814c520aa95b648b3d6b639b720163174b246a71dbc43301f5dd3f50ab17ba593d4a5e71eba4ecbf4839778f55b8c4890aecfd6b072c94971900bc8d72a3	reproducible
webui.war	WEB-INF/classes/org/adempiere/webui/desktop/NavBarDesktop$1.class	class-or-library		1530	198a7303efa2dfbd76a474431d8e28bf3134506f75e8cc889b4dfab80af9e9f7464d762a8261ad0e600d22cffb85c928085e98bc3d5e84ca3ec19bf09254ed67	reproducible
webui.war	WEB-INF/classes/org/adempiere/webui/desktop/NavBarDesktop.class	class-or-library		17437	c899875fa55b039c2c1e959f515758ba8b1679dbc60970e1f85dcc81c5b7429c4df8149e7d22a219d2e3d8f64ad150ac263c08fd35a917003082ebb59f3e96c0	reproducible
webui.war	WEB-INF/classes/org/adempiere/webui/desktop/TabbedDesktop.class	class-or-library		9062	ec3d5c38ec7a123711b2e769608a1d3690e23e57a6137dd73e55f2d79610dbe7cf3e44a22db10c39c89ad942878ea9d6926073ccfbd27a9b7c740368decf6da5	reproducible
webui.war	WEB-INF/classes/org/adempiere/webui/editor/IZoomableEditor.class	class-or-library		165	b39167af02dec61e03d17a0fbd465365c355db38e97287db82db942f8de19d05c75560602997544fffdcd7ed4d89211c23a64fbfeb99fc41130f932236831e07	reproducible
webui.war	WEB-INF/classes/org/adempiere/webui/editor/WAccountEditor.class	class-or-library		7549	5c77ccb8185e176f1d44447abcd765ef86268e2f92e5f56f18e3af8d649f8a2153eb3c7d062dad99b39bd799a418a2cdaa1dfc475e65317b0e348c9d6363836e	reproducible
webui.war	WEB-INF/classes/org/adempiere/webui/editor/WAssignmentEditor.class	class-or-library		6877	15e8e1c389cfe33d568f75ba99e35e2606b75f59a507ef3cfc2311b9802e0537aed0adf8a4e6fe23beb36a91084eea3a1c0cf8be4b43f57569474d76eac68681	reproducible
webui.war	WEB-INF/classes/org/adempiere/webui/editor/WBinaryEditor.class	class-or-library		4609	b261d340c8defeab0821b0d40fbe762db27c0bb7652aec568a2f7b17922a848e58a692e5ea0365a94e9896e1d1ede9639adfc583b8c097283a9c544ff4ae237a	reproducible
webui.war	WEB-INF/classes/org/adempiere/webui/editor/WButtonEditor.class	class-or-library		8257	3c4223bbe8e9564dde71ef1560eb111456c59aa1fab20a5f13f6de6ca32e01d21de3b0bb5a6d0476deefa99d3e991596339e373ca4e0c56fd126e8a8e0ad6b1c	reproducible
webui.war	WEB-INF/classes/org/adempiere/webui/editor/WChartEditor$1.class	class-or-library		1371	244855fd47204d55a5ca2be44dc8d13c53206e5d10ab0fc35c0272f2d0dd8c6e18c3946a5588ef2433252d0e74538ec34f927437b3f841e2d5c2c96e439201d0	reproducible
webui.war	WEB-INF/classes/org/adempiere/webui/editor/WChartEditor.class	class-or-library		8719	c797c639b96002a4cd4d47f3fe8f088436adb3d4ea1e6674096da3f787c3616afd32e76e1bbdbba89d2abb76f2bc751cf43a52b6ddcfe84fabf59c08a7201de1	reproducible
webui.war	WEB-INF/classes/org/adempiere/webui/editor/WDateEditor.class	class-or-library		5713	4733d34abb05b6fc8995b9f0500d854d3141a6d5ead786ab1cb0db1a4fdfc4f1078133bee6644d314b0045af60d03f59bac3d727c0708e61818f10c38f030fb8	reproducible
webui.war	WEB-INF/classes/org/adempiere/webui/editor/WDatetimeEditor.class	class-or-library		5410	54cce3471722499d7920dc7e930392e760f75ac52c038873c393c786345120070abcb6a0528dfd74a12802aedc4cfbfa79a4e74bef4c5c37f6f5a7f075ca210f	reproducible
webui.war	WEB-INF/classes/org/adempiere/webui/editor/WEditor$1.class	class-or-library		1541	d36f54e52bf80a41cb92cbfd6f1dfc120923b9b39a4851dad887adb941574c3e76975a5f4730c311f35f8378d712c87cde15fd4c6d8169a2b8647cae5e090450	reproducible
webui.war	WEB-INF/classes/org/adempiere/webui/editor/WEditor$2.class	class-or-library		1105	4dd221ba4817187d59ddd7c26316a2b6f06e52dee19c557f16f6cc2277c031a98749925d304d88d12f69608c3b3d32bfc76132d0544ce1397151484085876f78	reproducible
webui.war	WEB-INF/classes/org/adempiere/webui/editor/WEditor.class	class-or-library		14773	066985a5d1226142066cfd7da75f923fece849b88b37ce650b40556fb705a1284c61e049e23925cacad7fbc985a1f34c39647f72520068ecc86698455535f4c2	reproducible
webui.war	WEB-INF/classes/org/adempiere/webui/editor/WEditorPopupMenu.class	class-or-library		8427	3a34493c3d1e301111cc988896d1b27822aa6ca1cfd66f2f35c359bf84c8cb4ce9a54c14340ec9cd3d46becf7fe5c478049b0261380b777e4cc4fbf2119a9916	reproducible
webui.war	WEB-INF/classes/org/adempiere/webui/editor/WFileDirectoryEditor.class	class-or-library		3400	669b920b7b930bd4e2d54cf3536b40261b35f0ba2b6b93c5a30f1f58e43735e46b5c49655824e9636963b1fdd406bf7342958213f155ebf807fcd94e2183526b	reproducible
webui.war	WEB-INF/classes/org/adempiere/webui/editor/WFilenameEditor.class	class-or-library		5688	e1b6cbe66022c84512bb3f8c6e5c0c390923bd12b0130ab8d376c6e61f8522ad4f340b12565cd215b8cb29e2c9dbe60a9e9bbcdf8892e074b3d8e32d2bf10bd8	reproducible
webui.war	WEB-INF/classes/org/adempiere/webui/editor/WImageEditor.class	class-or-library		4750	f4e9c7244f9b222d93a2310addb5e8e25788b237816b28a38f7c15dc87c2c74c80a1592aa80b33a58ade86e995b91402b8af773097e61687be6499ff05a885c6	reproducible
webui.war	WEB-INF/classes/org/adempiere/webui/editor/WLocationEditor.class	class-or-library		7869	6f1b87e0ef98a85ad1ce182ac2fc29e9c155c25f85be92beb983c7c3b2471972b244d7a59a1cf3e4646eb70ce71a515ab30fa17da963a5a667397dc241dcfa12	reproducible
webui.war	WEB-INF/classes/org/adempiere/webui/editor/WLocatorEditor.class	class-or-library		11832	6e7354da67ba43e4bdd858a38b170e695ad365762c0db86588ec6d2d58ab85b5032e75559f39b7ffe362f580e22bbbbb6b4c1c0e0b103c10c74613f7bf7ba17b	reproducible
webui.war	WEB-INF/classes/org/adempiere/webui/editor/WNumberEditor.class	class-or-library		6290	be87bd6a8eabdc4ec36637fdc4c73fe66a86f1121ffc6c0dd403e22b6bad3bb1bce7c4c5a253b58ea02149cd149cae927c2ba3efa04cd401a29cadb2fdaa3419	reproducible
webui.war	WEB-INF/classes/org/adempiere/webui/editor/WPAttributeEditor.class	class-or-library		11383	58145d00d48fbacd4d36175c1bec18bc79a5d363a9d0386e5a894038738cc665f6f5079c0711b686d1b9fa30e3f0b3da1171a9463bf06734928564c9db6e1da5	reproducible
webui.war	WEB-INF/classes/org/adempiere/webui/editor/WPasswordEditor.class	class-or-library		482	022d58776bc3396bb7c9ade121c432f3e2d36424ebbc38fdc010f8863d7fd982a5ffb1a1534547f5c3cd995f02c7f10573073967fa75606e2c04bca451b30330	reproducible
webui.war	WEB-INF/classes/org/adempiere/webui/editor/WRadioEditor.class	class-or-library		6103	7e987986d53b674f591945d11bfab5d428d56aa3ad0f8ce1133fd4d040c33207cf0f640095f097d4bb074c952ae72810aef9a6d3341f5fb5ffe1847fb0e5ab9a	reproducible
webui.war	WEB-INF/classes/org/adempiere/webui/editor/WSearchEditor.class	class-or-library		25787	8e44db79b14448dc0c2709840c3e5fffa51ce7cd269ba67b8924d1bc7c8a5b266613b6093bd7fe08a78e568755382ba23da1c5589cac85e82ad1703bd11d7617	reproducible
webui.war	WEB-INF/classes/org/adempiere/webui/editor/WSearchEditorAutoComplete.class	class-or-library		10683	0b6a8379453d443317228fcbef464d7ed096695dab59c0a3cf4f41a196d35074bd06ad3e72ab566efeec31c13692e55dc8e131ac1e5c7bcf0fe6d0a9d42e359b	reproducible
webui.war	WEB-INF/classes/org/adempiere/webui/editor/WStringEditor.class	class-or-library		9114	1251caae1ad807bd50a8028549647edd6eceab8051d2054b2be41bd346eeb5f137ded1041bb30cbec35c1abbd41fd323e4290347f8ebedb39cf94e8c7f4c0975	reproducible
webui.war	WEB-INF/classes/org/adempiere/webui/editor/WTableDirEditor.class	class-or-library		10370	ade6549ae61bf6d22e566e51ea9262f42a64b823d4c6d1c198324418cab6c14f1cc895a7c5ff080a4e95f97147ade0050433f157c772a2c5538b420a5d5ebb5e	reproducible
webui.war	WEB-INF/classes/org/adempiere/webui/editor/WTimeEditor.class	class-or-library		5481	face0038a7526f33aa0b580952826aac404d6d93641e0b2e81ace86f6395cbc98e22d8620ee40c84a14da6cbaac771dddee67492eb90832725e47eee90a7cacf	reproducible
webui.war	WEB-INF/classes/org/adempiere/webui/editor/WUnknownEditor.class	class-or-library		646	93b3e4aa4db8e98b4968cf8993e837e166b05cb47e947a2d3df5fb7a26f64118fb0185fa2f29e9157eb46cfe25bb56c886bb995ed3cf42d23acaa2459726a47c	reproducible
webui.war	WEB-INF/classes/org/adempiere/webui/editor/WUrlEditor.class	class-or-library		5100	022e8b122ad024177f5bec92acaed2cd8ddb26dfaa0b65f13ce33246cb466a92980cd7d67d02896a16e1e8ed0e9b212436ca8ce35164da0434ebc03eb2a3f881	reproducible
webui.war	WEB-INF/classes/org/adempiere/webui/editor/WYesNoEditor.class	class-or-library		6109	90e747048c0afd2184e572ea31b2df28920ee68167dc5d73d5cafb1bebacd02cb3946c2982a71cba314fcd9256da5bf60b6321601c1d0a4330cf807bc9e20ddf	reproducible
webui.war	WEB-INF/classes/org/adempiere/webui/editor/WebEditorFactory.class	class-or-library		5906	5445545e52dd12e3599b02e7cede90918897d718a94ba0c9f03f057604e11fadb72ce586ab66c025a99dc7f4aa498c6181c9371808eff54a1efaf74a38f20753	reproducible
webui.war	WEB-INF/classes/org/adempiere/webui/event/ActionEvent.class	class-or-library		837	fd7c4d3949c6b7d900e5ab3ca55778265debe5f427575b21e27b5b22f2826ccd8bd6d74db593655504e3652b112d2c8e914a9c7c9c3c14b1ab744a6412bb3748	reproducible
webui.war	WEB-INF/classes/org/adempiere/webui/event/ActionListener.class	class-or-library		206	ce1767d2d49e5c454f6e867ffcb3381a6b0f092264a8e8615f5d3fcf57beae2258a1a5f89ef09d5a6d9b6b72c6503b0a87f17aed39ddfbfb2a5235cde2dd44de	reproducible
webui.war	WEB-INF/classes/org/adempiere/webui/event/ContextMenuEvent.class	class-or-library		536	ba69a86f32c6fd289d3e0e7758977f95e53eb24064b6ce991d918fe765f135ebae083ab10fe1eb2495cf3c06a180181069ba477d96b85673f2eaf15bab925719	reproducible
webui.war	WEB-INF/classes/org/adempiere/webui/event/ContextMenuListener.class	class-or-library		212	afdd21e6e06a43439a7f9de36b3dcf8e4b2ea029c30a1c4045f54447f8bb7940775be6cb2454939161e92b9f2bcd42fbd355576a572b206a4932b01d8cfa82f8	reproducible
webui.war	WEB-INF/classes/org/adempiere/webui/event/DrillEvent.class	class-or-library		631	a4f9346e4bdc4883d1d5db4ad9b71a853a0f3e0265d47db143f142ea99b8d5fcfaf2f204e7fd4f0beb6a967e9a9d1d0eb28e58a2398aebb7ea0eac6f7e8b2ede	reproducible
webui.war	WEB-INF/classes/org/adempiere/webui/event/MenuListener.class	class-or-library		163	22aba9a717ecb7e21397c73de5f5956a1e652a00a653e0ad3a54728ceee5a22dd8a08ce369b619594a51fcb3705bbb09ba1bd0f668c7f6b295abb33f4616a3e8	reproducible
webui.war	WEB-INF/classes/org/adempiere/webui/event/TableValueChangeEvent.class	class-or-library		918	277104e09bd0074e79fc19b7c301d712678057fc20cd0f71f4a89346f9fd454de85664bd8cb048643a429612c23be3a9f192989ac16423434beb219977eaa550	reproducible
webui.war	WEB-INF/classes/org/adempiere/webui/event/TableValueChangeListener.class	class-or-library		237	25c5020e4744b6282b0aa1a71228fe694f6a6473acfe4e696da6a6da064b528d5d7171111543cdada58a1fb280de028929155d90d582a19464ecdb3f70a14191	reproducible
webui.war	WEB-INF/classes/org/adempiere/webui/event/TokenEvent.class	class-or-library		578	40c2875017aca62d36cd41062d11f82538278f287b7efaa9fd8675119c5a6b025451073ab28f4372a9064fcf246726c64ce5806776a50f63c16bd3ef82b25721	reproducible
webui.war	WEB-INF/classes/org/adempiere/webui/event/ToolbarListener.class	class-or-library		613	9c27d3f6adecaa437162284782a1ebf8b595e7dc81b5e631e74b1f091f550c6593bff0f78f86c18c5720e2b93bc98d20c09f93253f108057e017382d68ea717b	reproducible
webui.war	WEB-INF/classes/org/adempiere/webui/event/ValueChangeEvent.class	class-or-library		1076	4b9caf38356d264662629296869581f813b4471da420594fa9e881d1dfdbb385606c38432e4ac4fc29f689161554f505e1e9c1e0881855c7c5b05a7d1a032a32	reproducible
webui.war	WEB-INF/classes/org/adempiere/webui/event/ValueChangeListener.class	class-or-library		301	f173ba66c20bcf8b6e0fcc345da0370cd9cb711e021ffbaf236b9b6648ad8ad389cd9f2f36d201d9c1cbc306a54757863e2bc1683a7a8d482a3dbbf8d39cb157	reproducible
webui.war	WEB-INF/classes/org/adempiere/webui/event/WTableModelEvent.class	class-or-library		1371	dacc9f7ba0eeea183b8fbf114a06f250ce1f6c6899285a8a7ca97d2401b75de921f28f4b5117c19d52dde83de57ba863d1670caea25d452838bfca56500bdf22	reproducible
webui.war	WEB-INF/classes/org/adempiere/webui/event/WTableModelListener.class	class-or-library		218	584df98b4d3f468ada5d3fb4a45ed31656e4d4d7770a11769dd6c3188e30a044c034249770134dc9019ece09fb64eaea8c525a06f13089113694f9c9472d4c8c	reproducible
webui.war	WEB-INF/classes/org/adempiere/webui/event/ZoomEvent.class	class-or-library		602	309d00c929548b65e339b415adc5593cf81e5fcd8df2ab9155fc2787640b9b0ba8d7703b6dfe53347a77d165f2788d13abe7eb7fdff346120bcfe5b594facc10	reproducible
webui.war	WEB-INF/classes/org/adempiere/webui/exception/ApplicationException.class	class-or-library		695	218521232834d1594eea6237d3f47541ecd96af06c25edcd421d0f19e891ed53f0f589015461a5d4e1234f478bd600bc1cd5e0a4361a9b3f2c947f189d912cd9	reproducible
webui.war	WEB-INF/classes/org/adempiere/webui/grid/WBPartner.class	class-or-library		13772	fb48d96a123cc886bfcbec61b2782b06384e281d1f92c8d9c105cbd42c8d4ee3c9be2bf82a85a01d1b9d212a17b83451eec89aaf035b61cb6e0aa42fc81f540f	reproducible
webui.war	WEB-INF/classes/org/adempiere/webui/install/WTranslationDialog.class	class-or-library		9084	f24a540d90dd858290be979fc93e7414b59021dba699804f463e207b00daded60acbf7e31507e3cf1eb0e373a112f6dedda26571437c3e782659eef6c4843226	reproducible
webui.war	WEB-INF/classes/org/adempiere/webui/panel/ADForm.class	class-or-library		7981	31923d273f0fde7a929774ec90f35ea7aba4a4df819c1d8c9d48ce8311cd70d79c17a055271210984c074ea52091c71a364a9b0598c9e2f1c785588a3d1fc1e1	reproducible
webui.war	WEB-INF/classes/org/adempiere/webui/panel/ADTabPanel$EmbeddedPanel.class	class-or-library		840	4b6b34cc4282f0929530c152d9d53dbb96414d9de897ef76911a4a79698adc6f9be3e4f994cda07cc731e7c9c78ab62b7224941794369c1dd206088be8c1bb40	reproducible
webui.war	WEB-INF/classes/org/adempiere/webui/panel/ADTabPanel$HorizontalEmbeddedPanel.class	class-or-library		1036	0cc998d65d35bf2c9949ee9bc27838ed110397543270f5f7cea73454bd594a5eb9f30bbc7270a4812d75acdf4e862d8e677c9ae0e3f647176c13cad215d8feea	reproducible
webui.war	WEB-INF/classes/org/adempiere/webui/panel/ADTabPanel$ZoomListener.class	class-or-library		1290	ced5a8030e72f8967ac545b3c73bea927b88db2c82537693d28ffc4f20a8cee92efd7de24c6c5b62bd0472369aaffd0ce44bc0f64b6a4b98685df28b0fb443f7	reproducible
webui.war	WEB-INF/classes/org/adempiere/webui/panel/ADTabPanel.class	class-or-library		42697	e999c9bb71dd86744f30e6e093d7824467b83442bc78b5307011df3a7eb723ee7e012c3c5061b5cb9c99cc1e3ffac896c251e3b96ebbfe91ce9316854a6f2105	reproducible
webui.war	WEB-INF/classes/org/adempiere/webui/panel/ADTreePanel.class	class-or-library		5662	478a90daa0dee09a5fed894189056ca6ddaf68a283d62eb460ed1fea8edf5a63ba437b788166dae43eb59815c2d26dfa8a0997d6028d230d1847c99f1730b0fd	reproducible
webui.war	WEB-INF/classes/org/adempiere/webui/panel/ADWindowPanel$1.class	class-or-library		1500	28ac3ddbc0ad36604d982f955f43f0cfe6c5f72b5c3d3ddf154eb4bdb75ce40d8ded4df162eded66bd3d54a836d370c2a8368b287ccd0d8be3cebc829fc26010	reproducible
webui.war	WEB-INF/classes/org/adempiere/webui/panel/ADWindowPanel$TabOnCloseHanlder.class	class-or-library		2125	5804d9ffa55b94ff8af2796b28372d650e88f6fdfea108d7851b237dec0026bdca756a5b79bfaa2ffd85cfa57a08bdf0e17604dc747719e1e137e87b73b7b8e0	reproducible
webui.war	WEB-INF/classes/org/adempiere/webui/panel/ADWindowPanel.class	class-or-library		7587	0d0515b65d6b3725b0419f3e1b7f37f6c396151eb06084dd9b981757ef958f2f8a2146cf1d7be9c3805db9b93d729253ff5e32f72c80f567fd19894de9016591	reproducible
webui.war	WEB-INF/classes/org/adempiere/webui/panel/AbstractADWindowPanel$1.class	class-or-library		1722	523b460832823daf29d552da2fbd2d913eb9416adee581c6a38caad41ac934e51470b18fdc1faafbafb7721f0eee33f23edef55b681b601b3d167a1fc178afdf	reproducible
webui.war	WEB-INF/classes/org/adempiere/webui/panel/AbstractADWindowPanel$2.class	class-or-library		1390	eee43eb88e40561e2facc3b05a159fbb7b8da3819bff641d424547064d50f1e62a5ff2ae5170742051ba6f4679d8944c6b74d54a23edac38af08fd0668ae1668	reproducible
webui.war	WEB-INF/classes/org/adempiere/webui/panel/AbstractADWindowPanel$3.class	class-or-library		1560	5ff8506f8c0a284628d2ebd6b3f3897287b80f67165b4a6bd37bb452d2b51f4487a57a1c6a9037da8443418689adcffcfb3639c4a493591fd72a871355ad34d7	reproducible
webui.war	WEB-INF/classes/org/adempiere/webui/panel/AbstractADWindowPanel$4.class	class-or-library		1732	ffda50deaddf52e6cfd43b76d5b3b93cdba44bd5a183bc09b6050ca676eb627b23f48e46f292366ba7325345e5f897312915c7d34dbe40fce56fb915672d1b40	reproducible
webui.war	WEB-INF/classes/org/adempiere/webui/panel/AbstractADWindowPanel.class	class-or-library		50821	f44ed71c00c8aa434742cbe8eba72ec9f97da2936d3e2f6a116fad98116fb546eae9d0d02998e365812232707e07752d36a3b94f54e14b33f5691171d89c6f9c	reproducible
webui.war	WEB-INF/classes/org/adempiere/webui/panel/ChatPanel.class	class-or-library		391	9131d0b7e415cc3d2b5d4f3d97e77a889fcfd722f8611bdcef1500dd7181ba0b24e3db972444b1ee6c1b3de5224645e0809355fd22494587048bc0bcc7c9fb81	reproducible
webui.war	WEB-INF/classes/org/adempiere/webui/panel/ConfigurationPanel.class	class-or-library		418	caa26523baaa314a1092492e79b91922c70d857c67e71b134f3de615d34af914bc883cf6cd790c0b5e717f04ab327e4b4df506ab74eaf2118f8a90fe2a69fcea	reproducible
webui.war	WEB-INF/classes/org/adempiere/webui/panel/CustomForm.class	class-or-library		455	759a490154dc92aebe6e7b689b606d50d3bd6a1659ac8c2f67f7c63e04ddb57e28bf381177b7d33aed9f71328395e317bed4153ccb40c69b8b47623dac2f37fc	reproducible
webui.war	WEB-INF/classes/org/adempiere/webui/panel/FooterPanel.class	class-or-library		1078	ca858ef07fba474d2b48b7ca42bf54a5511c373ff1d812476724ebc5272aa0d25765af6a5927d697deb4bab7d42f0d204ddc0a23a1fbc8f4a419badd275fe366	reproducible
webui.war	WEB-INF/classes/org/adempiere/webui/panel/HeaderPanel.class	class-or-library		2847	80047ad43a3ec10a194035526a371e8315a717de500e554cd46df04fbaa3d8fc58340a77355c6f08f9c3884722e72222567fe60180ae739535eecd9945944221	reproducible
webui.war	WEB-INF/classes/org/adempiere/webui/panel/IADTabPanel.class	class-or-library		1562	2d750cb05c072140c8f7b079eebe99b1163f791a75adf3f107567a83c086da8313b82475ece375a298e4c554e3aed7b7a22e8bc1df9c995b6cd45f1cce526f15	reproducible
webui.war	WEB-INF/classes/org/adempiere/webui/panel/IFormController.class	class-or-library		194	cb18f08d33ec39678eabcb527af793d404c0dba02c0e653ea25cbe8cc83d5ec7985e61cab3e3fc58497c645bdfcd20878df5576b3e45db70d70b51d5bc7cdd92	reproducible
webui.war	WEB-INF/classes/org/adempiere/webui/panel/IFormLauncher.class	class-or-library		154	2cdafb92ebfa43caf2d09355dc4531a9607ca7df3e152bbaea3e51f99df22489b439902b13392ab5b4482741031d45fc0f8c391e2d5d0acfde83081c8b54cad7	reproducible
webui.war	WEB-INF/classes/org/adempiere/webui/panel/ITabOnCloseHandler.class	class-or-library		207	7a74bdb6af1229265f7aece83fe584b044b202c276dc6a222d6715593b1b3b4c9eef3cf7fb3da96a12b581884ebb605570eec8b8510bb8c464f1dae15ef86f46	reproducible
webui.war	WEB-INF/classes/org/adempiere/webui/panel/InfoAssetPanel.class	class-or-library		10056	bc2040f25b416341103a022c5cbdf4201caad4b4c55120f83d028079cd7bb5bf40de009743ed5581c9664875f4ba69c3d5599d0b728498fe0b663b2653642d2c	reproducible
webui.war	WEB-INF/classes/org/adempiere/webui/panel/InfoAssignmentPanel.class	class-or-library		10771	8c5efcf4cd77f61873e907de26397aedf6c416856ab2c07b81e3b5cae1a9cc2a61b7226bdd17c6444c0df533f98aceb7c13f22dd8420f6568eed090f382ac767	reproducible
webui.war	WEB-INF/classes/org/adempiere/webui/panel/InfoBPartnerPanel$1.class	class-or-library		1212	fa7c1ba3d394b669ae69f36a3bd9e884a2ba5a8d86a714a3ed2da5ed2ce97bd54117cf445f0ac728ae2cb25515d7ef32fc6682a501bcfee826603b3ba87e4fda	reproducible
webui.war	WEB-INF/classes/org/adempiere/webui/panel/InfoBPartnerPanel$2.class	class-or-library		1224	f8be41598eb23a2888527ea8f383ae3e818ec2820bfe4ebd825df6153eea2004c55947f0265fdb5437b8dbae59f204c4812d90db7a32b646a2dcec2115d71e87	reproducible
webui.war	WEB-INF/classes/org/adempiere/webui/panel/InfoBPartnerPanel.class	class-or-library		21356	cefe6147491ba6f7a8c7d4a89ae2585b1bfec55cfd88812ed95cff7f44da3f3910daadb928b1ba9c83cb94a08a2f0940e3ae8832eb674c594b5522f0952048a2	reproducible
webui.war	WEB-INF/classes/org/adempiere/webui/panel/InfoCashLinePanel.class	class-or-library		17556	d3addb4cdf63609e58fd62f18f38c7ff8db66fe7f19bd0f29671eb23cf660a2efe03276d789c838d6a7f34b0a517310ea9f855194fdd22d19f2a8470c0e74ff9	reproducible
webui.war	WEB-INF/classes/org/adempiere/webui/panel/InfoGeneralPanel.class	class-or-library		12872	99687019fb189a3ebbda7aec68ac725ec18bed86d0d893500da1ea74e95d6100c941c77d663088e4dbf295e4602598d39d7501d8d5ded099d3035f7017ff6774	reproducible
webui.war	WEB-INF/classes/org/adempiere/webui/panel/InfoInOutPanel.class	class-or-library		13279	0b919e3060eb7d081ee86a188206cb4d57192bf89089b09352bde4ab06c753e9e0cafbfe1ff0b64c0b5a0eddcf6b8aa902388c8ed86a70a75f0d0b8bc461e38a	reproducible
webui.war	WEB-INF/classes/org/adempiere/webui/panel/InfoInvoicePanel.class	class-or-library		19069	88dd2e7692fed0c6d023e905aee58deca8f6dba53ce931cb274ae87c8f76f7ade23a3dda68bba178601ccd13142024d19dffc083a95d2aa5b043204a6cbe7142	reproducible
webui.war	WEB-INF/classes/org/adempiere/webui/panel/InfoOrderPanel.class	class-or-library		16442	74f2d98b10926bc2cf9bf66a601d541e8811407a917772a4963b3eb43d7048e59a0a4dda087c6bff451a29fcfcc46a2d5d95524c725760a9422a3d1f10ad9a11	reproducible
webui.war	WEB-INF/classes/org/adempiere/webui/panel/InfoPAttributeInstancePanel.class	class-or-library		12511	966b90b801e35efb4dfa4bd01ac14410648335cce2d7561d68b763c693a0c36f521acc8f885f392a3cb17c6a9fec26665b60f3c5e5223b44db6f23827afa6a81	reproducible
webui.war	WEB-INF/classes/org/adempiere/webui/panel/InfoPAttributePanel.class	class-or-library		20784	819b18fbfcf07b19ba0c3ac7ddbae825b47f44333ae3caea76d1d1bce5f3913dc18ab4c00e9e060b99fa564e59d5a046e6e2761711f60b9e8d6b50f9eaa9e3f2	reproducible
webui.war	WEB-INF/classes/org/adempiere/webui/panel/InfoPanel$1.class	class-or-library		814	14c3c88dc7dcf9f46057e096905131f73f18c386e9abb9356caecca079b8c440f4d8a0e7dbeb875070ba31081d5eca05f3fe9e6687c94d5b19c1a0df1d5bea2d	reproducible
webui.war	WEB-INF/classes/org/adempiere/webui/panel/InfoPanel$2.class	class-or-library		1678	f72b96c050ab04cb7a18c14d7d70e7dfb7e8a6cb6fab3ed84c5980b243452a4525e1e066ea2b71ff00111b2004fc4f7a5e5e31e760f8fae5ddadf2fb50e70418	reproducible
webui.war	WEB-INF/classes/org/adempiere/webui/panel/InfoPanel.class	class-or-library		40575	297c22c89096245245d0b697a61f5732dd8f4351384ef9c836ee9bcafa243f145f3f0cbe0d4681e3ab923ba10ed7026391851f0e4e5dc36dbdaaf9b2a21fcfd2	reproducible
webui.war	WEB-INF/classes/org/adempiere/webui/panel/InfoPanelFactory.class	class-or-library		275	2cadf776cc3106e3567ae50983ddd8e9f655fa796cecd069cf550f40efb7073357e828786a9565150f016d4c02da2cb4bdaab75276f171147e307ab0cb8c9848	reproducible
webui.war	WEB-INF/classes/org/adempiere/webui/panel/InfoPaymentPanel.class	class-or-library		15777	290760b70c70602f8a1f4e45dd73e4c1cc1cc663fe3314085f83a80b84564cfcbd1a9dc3a9e1ed5bfab1eefa4a447608879fcadc8bcb7fe14c5f62477f353a50	reproducible
webui.war	WEB-INF/classes/org/adempiere/webui/panel/InfoProductPanel$1.class	class-or-library		1649	13ffd54c3ac15f54fc1f363935d0cfd083171f0d4a0f87fa7989f856ba5d8a1c218869741ad6e8a80ea8be9e2e66887803262956d188e20657218c8da81f5766	reproducible
webui.war	WEB-INF/classes/org/adempiere/webui/panel/InfoProductPanel.class	class-or-library		50165	da16d5c7c31626f6085a12bea1461fdae44ca1d54520cf87c977aaeb79a676d831d386e8cf64ca6fded27cd52ab9b0baff839c44992761780219f268f13a41ba	reproducible
webui.war	WEB-INF/classes/org/adempiere/webui/panel/InvoiceHistory.class	class-or-library		27433	e00795959af78be38f762d48f106371c1d64210b71c03feb7a593d4058b53559414927c17d61ea5a2f775ad6bcc077bd3e1421a74f34dbaf1273670bf4989ba2	reproducible
webui.war	WEB-INF/classes/org/adempiere/webui/panel/LoginPanel$1.class	class-or-library		3012	1f2b13b511e2215bd5edfe9b8fab959209fc2983f37c582c1a49a66a251ed4633381d5c29887d98906707c8c54ebfb6f2ed60a9c69e80dee30d96ec4df75c77a	reproducible
webui.war	WEB-INF/classes/org/adempiere/webui/panel/LoginPanel.class	class-or-library		18744	d7572f7364892c2d032841e19ad6e0653594b3585369f155815805f4554fd993b230e9921b9f075462f1c1e2de6e8290df2899a4d905d81c25aaf0f90dba947b	reproducible
webui.war	WEB-INF/classes/org/adempiere/webui/panel/LogoPanel.class	class-or-library		735	09025a5a0a345cd0139a478bac520be26775037cc311c89dae657e42c001eff985078eb67a220181f12be6303a8781bde5970f71d4be42927ba1898901d5f0c8	reproducible
webui.war	WEB-INF/classes/org/adempiere/webui/panel/LogoutPanel.class	class-or-library		1387	15f2fc70cae56acd190efe6d2bf5af439368d6d7f06435da6b8bb933e1bdf671a33f5c9b667db0629329bb89674769b769c6836cfe164fd4d66716434754779f	reproducible
webui.war	WEB-INF/classes/org/adempiere/webui/panel/MenuPanel.class	class-or-library		7867	5361438d8aa45509d136de8f513ea71f1a2d68184d2ef297d17eeabee898a2ad9b3d91e1852b8ce1382a46b9631f58e21995bfeef86a44f54e238e3d419aeb80	reproducible
webui.war	WEB-INF/classes/org/adempiere/webui/panel/NewPassPanel.class	class-or-library		11088	c79b3246e1106bedd48557d3b16b8da16535ba5a9b4badb60cfb916a48524d9f478b6ad4cbb3dbc53dddc3c8f501c1ba32dc6ea248b9ecc4e52e766c630e4be7	reproducible
webui.war	WEB-INF/classes/org/adempiere/webui/panel/PassResetPanel.class	class-or-library		5515	2c761760b946cd64967f326f54b14dfd5d60859404c32118423b76ee6cf3318e44a8a121dc080a21ef67b6eff855ce4490f39d428324f3cdea89756395e77356	reproducible
webui.war	WEB-INF/classes/org/adempiere/webui/panel/RequestNoticePanel.class	class-or-library		418	91c016a52dd9932fef3e8ea26c9b616d412ad42085ccc5e5205ca2d12d57ced13aa3420ad0b4925c1bdc638c99ba02d878275e17e37546e6ff0ce0526e49279e	reproducible
webui.war	WEB-INF/classes/org/adempiere/webui/panel/RolePanel.class	class-or-library		15188	2caf21251287453762885cf74b1ad0f206ffbdfb5659031872efca402a1fa742166ca1cc80a4ea73d45c06b5b6a10c2a15c9b56198dcd8b5ef08d1337f8e704f	reproducible
webui.war	WEB-INF/classes/org/adempiere/webui/panel/SidePanel.class	class-or-library		887	93409606c39a181505112b09ac6e68468e04f986681beb9c496176fe16b434c2b28bf783d27c9f305645b9bb7a3c8597b6ea0172973263120aa0b9191a3c300b	reproducible
webui.war	WEB-INF/classes/org/adempiere/webui/panel/StatusBarPanel.class	class-or-library		7591	924c76dd5aac2871553facfe426c87805bc463b3712e35ab3e95c1d036a964400c6a1fdda2a03eae5d44c6da670b746f666750fe77870766e51813100351c2f9	reproducible
webui.war	WEB-INF/classes/org/adempiere/webui/panel/TreeSearchPanel$1.class	class-or-library		959	8a0ace1a634eaf4d9912f622f36e5e05c42909534571d43ee17dff53ab20057cb434eb05812898cb01955b3e43a7c3a414855fb0ad24675e2573b74bd1e41f3b	reproducible
webui.war	WEB-INF/classes/org/adempiere/webui/panel/TreeSearchPanel$2.class	class-or-library		879	498f33caec3470e744ed736eb293085b194ccad3fd0c080472146fb5cdffba86a8eecc35bdb0d9d3533455a7f744048eb0121b852bf5ce9e89e72493d0a21de2	reproducible
webui.war	WEB-INF/classes/org/adempiere/webui/panel/TreeSearchPanel.class	class-or-library		8369	a16b1cac1b9524a854e3078032842f96778e04abdf614667b7a63b20539ba74f62f6fe50d72fbeeff85033c732ea9221c76c625f00b01dc5a6a6ba535da48cb6	reproducible
webui.war	WEB-INF/classes/org/adempiere/webui/panel/UserPanel.class	class-or-library		6561	afa386226fd936a15a552640e713710c8c55db2e9479eac669077041bbffa6896fe4a6f7ea472db2e1b36d71b4bc803fb5643642badc3275f0c67f713ad66faf	reproducible
webui.war	WEB-INF/classes/org/adempiere/webui/panel/WAttachment.class	class-or-library		12513	07325e3d172db36e7321c1145dcf073d0d82b9cee9c8a4dc915ae913814cca7122335e82569aafc6cae48d268c970c44264f84db8b7c583ccbbfadec2c0c68c7	reproducible
webui.war	WEB-INF/classes/org/adempiere/webui/panel/WDocActionPanel.class	class-or-library		11344	95f3c57cf7c5d16f5a64759087f6b54d6ce6f005421c729a7b426a2156dd4efa158d37fd38924582c7d0ef3d88014f3c8945c35722cf72361fefac80412556f6	reproducible
webui.war	WEB-INF/classes/org/adempiere/webui/panel/WOnlyCurrentDays.class	class-or-library		3396	887cef83a6ca189f3cc4be86e438aaa1acbbeb2731f4558789147d21164538023b06879d1725b0b5b5c3b388065868e699e0ecb94b3e3882bc4a8a8fd968d8bd	reproducible
webui.war	WEB-INF/classes/org/adempiere/webui/panel/WProcessAction$1.class	class-or-library		1071	5676df6a5dc21767ba28b231fa6b21043dcdfc99db2bbcab9a795522ca4de1300082e2c3556f8dc6e1c5cfe26b5101d09f45d4f7786ccf05f87f6e934d19af44	reproducible
webui.war	WEB-INF/classes/org/adempiere/webui/panel/WProcessAction.class	class-or-library		4118	afba9626def71e68b47f8f1c82a606d115bce27506583c6c93701966f2cc69e225be1ccd4b04437a1826f0aeb8d8ff958779ef888d47cccb68f5a3143a5bbaa2	reproducible
webui.war	WEB-INF/classes/org/adempiere/webui/panel/WSchedule.class	class-or-library		5911	6c917d3a97437f5f2cc2c2e672f00929335d619399b07cb2e2e9de462bfe0ce764afc10cdfed8be052d11320a7caf6900137891f3dbbadf615b3d30144b9f0bc	reproducible
webui.war	WEB-INF/classes/org/adempiere/webui/panel/WSortTab$1.class	class-or-library		1382	1dcdcf70bb5481fadd70242350adbb10db49c691f4108fc860fde4f867f500abd758df2623e015821aae350fdf1737c53f792a9d43d48befb44a9d8f95c6dd48	reproducible
webui.war	WEB-INF/classes/org/adempiere/webui/panel/WSortTab$2.class	class-or-library		1114	7907e917ca4e9b4b5ce051fd7a97b7480939752bc81ff3b68e1da5fd8c5967ad0b8814ed3a653cf1fc5ae86de3c9d68f56afbef9bc2b75e8241df29a982510f5	reproducible
webui.war	WEB-INF/classes/org/adempiere/webui/panel/WSortTab$3.class	class-or-library		879	8c93a2a6d5c2239793880cccabf03bac4e3dd92a596671cae92ebcb9995b1982f7a9df944c7d7a8de206d1c016629b0221045df5fce1eb3cf207d8609bd1b48a	reproducible
webui.war	WEB-INF/classes/org/adempiere/webui/panel/WSortTab$4.class	class-or-library		881	d09a921fb69d41d37858c10be668d11914efd320eb62d62cd3aa9ea92563ba247815f3f4f4637a4ec65364ff880f9c9853e77ae6a1bf6d33ce216e67328c3d13	reproducible
webui.war	WEB-INF/classes/org/adempiere/webui/panel/WSortTab$5.class	class-or-library		2487	eb964a598dc3d281f08c903c82f2ba3dee2a198649ed340ede0ccecd160490f3793dfb0b8eefa422ec0e0cf664aca033bebd449009776a2f9cad8f88706bc567	reproducible
webui.war	WEB-INF/classes/org/adempiere/webui/panel/WSortTab$6.class	class-or-library		1271	393cd2a09c15c3cf042dee90d030b33eaf385a3ecd6574cc8de9e8d9c2e23a60c208c94cbb0f7c2dba832269aa7030604f19986f657ae73ef4ddb2038312f36f	reproducible
webui.war	WEB-INF/classes/org/adempiere/webui/panel/WSortTab$DragListener.class	class-or-library		2088	391bd00ece02b193d571d0d24a30da1b87ef2bbb996849892de5fb71f5a903da509980784f7cb1ed06c73a5800025dd59dc101916628e072e64d91de25972168	reproducible
webui.war	WEB-INF/classes/org/adempiere/webui/panel/WSortTab.class	class-or-library		14948	b3cf4add3d8739ed3d6a87e863ed3f1364a1f0f84c0497a2ffa9aba99ce6cd98e371f6c8031f6aafb79c887893a9e2b197a19c9819a99ed6826dd486274fc7ce	reproducible
webui.war	WEB-INF/classes/org/adempiere/webui/part/AbstractUIPart.class	class-or-library		1103	27321d49e70e198750c3debb3887b5b2bc5627314fdcd45350a8bb2cb4fb0487672f226c185c50eaea590e8f0bfd20c6d60ae6826edc01cfc05027327bc36a2a	reproducible
webui.war	WEB-INF/classes/org/adempiere/webui/part/ITabOnSelectHandler.class	class-or-library		262	bc6b8a8512361c708caa2cbafd87f582ab5c2d8810fe70bcc431609f59bbd895cde8ee6f7a6d8b2ff39f2daffc02ebc66c4b949e98aadc0f411f5db412495c64	reproducible
webui.war	WEB-INF/classes/org/adempiere/webui/part/MultiTabPart.class	class-or-library		2770	219f2c86bc37931d5275ab82335c500cf2182aa9b43f90f08760b4b9cc76d4a6c6349cd99fdb6bfffc8831091c69f273019d4845ef63f6b6c8572215fc5403da	reproducible
webui.war	WEB-INF/classes/org/adempiere/webui/part/UIPart.class	class-or-library		244	1ab885786cccfeed74783930ddf79aff4d5b382916c11beb01995139e06f84ff2abb96b69d74f5f50b9c91085ac1499a3304e70ff116a0143431bf695d144c8c	reproducible
webui.war	WEB-INF/classes/org/adempiere/webui/part/WindowContainer$1.class	class-or-library		1745	75d901cdd834dd03572b7d4e42b83dbd823fe4fbf2a813a1b04c398f5ce24cf6ff842ab2e00b3ba2b334e885a69f8b8ddc50c62c8847743659bc6de197be814b	reproducible
webui.war	WEB-INF/classes/org/adempiere/webui/part/WindowContainer$2.class	class-or-library		1899	eb23694065caecc91012462000a17af1df2d049e34ceeb26887bbb9e84e1bdf03a3601039a08b3f8f88017ec1f01b7cf6b4df9c1ffe93fbec3044c6a0e813ec4	reproducible
webui.war	WEB-INF/classes/org/adempiere/webui/part/WindowContainer$3.class	class-or-library		1700	d205a3e3c8210c88d56232cadca396d22875d92d16acebab645107f2c6c0583c44a3d21dedbb32b61ee15e5573214ebc4cd15f940c6fc7849830cddc509b3be9	reproducible
webui.war	WEB-INF/classes/org/adempiere/webui/part/WindowContainer$4.class	class-or-library		1504	23704d0051c9cc9b0fdcf9e7168642f0b40cae01e683e8adeaffed3b44ba5b4d8252be1e91eb2206ce3a4f4ec22bb379b76db8a724b70ce4ca7d2eb4521bc287	reproducible
webui.war	WEB-INF/classes/org/adempiere/webui/part/WindowContainer$5.class	class-or-library		1709	23df2b939a401092c6d846efe6171ec5b3015af8ac6814f0c847b6a3f67b9a32135db42effd6bb90ac85b56e89a3fc70da57c75e487a81a613df3540a65d1e24	reproducible
webui.war	WEB-INF/classes/org/adempiere/webui/part/WindowContainer.class	class-or-library		6788	a6546c906bbdb61909e68a277eaeb1afdf7e9b7713ac7dc13b0bdbccf862f26bdc2d885e98c9f606440fbff13364a116cdc3900d3348ddaa7782e08f779e0b21	reproducible
webui.war	WEB-INF/classes/org/adempiere/webui/process/CacheReset.class	class-or-library		663	ff2a7caec53bf909d24cdb635523fe6613a4233a974be6d4efb8891b1b63f8092a2b813f3baa086c6ce01ca5d964bb0d43a89ff94c0a2824803214ced48f6097	reproducible
webui.war	WEB-INF/classes/org/adempiere/webui/process/InvoicePrint.class	class-or-library		13211	f924cabbab5b932e396b51955ddc2f7f6faa7a70d12bca26d4d6fe543384531de40cd0aeaeed950766855e2d3973a2ad0d914ee7fbef7e43e7fa573cb13278b8	reproducible
webui.war	WEB-INF/classes/org/adempiere/webui/process/WProcessInfo.class	class-or-library		3036	d29e5ebce27ed59b2ea08f48351187710412194a9c4f5a580e3cff1671d2d646b44a307c918e169664fd96685bdd1671153c8888b0080c6f5a58fb6d7dba93de	reproducible
webui.war	WEB-INF/classes/org/adempiere/webui/report/HTMLExtension.class	class-or-library		6036	2240d82a3495302f5a67d87bd166511b5107e6db2a90733a9ca124d58efafbabf5a3898c58a6f10be6ac02e94b81094a62d33b2b7faaba377e14f03780bd9b99	reproducible
webui.war	WEB-INF/classes/org/adempiere/webui/session/ServerContext$1.class	class-or-library		777	d0f499713a268e031c2c82e68456cc962360ceab7aa079d8ce71eb79289821eb784eb65c07e58550c9dc8a4434418b26fa1f76f90ba32eb763e49d31d49f1f9f	reproducible
webui.war	WEB-INF/classes/org/adempiere/webui/session/ServerContext.class	class-or-library		1213	788d50f283a9d79b8468ebc6414a05eaed68f491ae86eaa00dd4b533e8f79e8f5b28381b46d440ac1e3d1538a839a75334fd289abd277c69e15fa5130cee03a3	reproducible
webui.war	WEB-INF/classes/org/adempiere/webui/session/SessionContextListener.class	class-or-library		9513	995ee914a49c049a54de80830456150846485c5fdb18867c5d0c384b179786d0d8776f486c1d9f2909bef7fe9b3eefa9ad2de558c4ed4162b7db664dabec5894	reproducible
webui.war	WEB-INF/classes/org/adempiere/webui/session/SessionManager.class	class-or-library		15352	856e7d46b768f7ffa8c6d2ac3f181889dc87b0b73c53e5c84fc5a88c4747b7189319b43a34fb474ad6213fa14811962cca85a2b03ebd74cf42aff7775b7c505e	reproducible
webui.war	WEB-INF/classes/org/adempiere/webui/session/SessionManagerListener.class	class-or-library		6293	13c0b28c757f134aa6ddc0a7f585f9771b29c3517ccdb6eacfab023a5cf7ac33e1ca4e8bba7239e63bfe0555bbacac7c8ece5bc2e5281ea59200c8187c015d8a	reproducible
webui.war	WEB-INF/classes/org/adempiere/webui/session/SessionTimeoutFilter.class	class-or-library		3778	74eae58fc73d125c92b47a42049c75eb54b819ff1ddab9d6a6d2fc017095fddcdcdb94767ec44697176519f60817dd0b0e6a3c6ebc924317d69082e712b41c89	reproducible
webui.war	WEB-INF/classes/org/adempiere/webui/session/WebUIServlet.class	class-or-library		5425	538496164f546b2c6f000d824d8b445fda054e47b759f0249fc04eb9ae3a81179e7b79e23c45f01e5a99f7f71f54a9f716c710ead883c78a8d91e7bddecb4b36	reproducible
webui.war	WEB-INF/classes/org/adempiere/webui/theme/ITheme.class	class-or-library		2482	49b0ecadad5aeded455d1e38126cfc25134587e808ac822d5724216acb11b28d50d06b7403a0d7141ceaceac79619482324d292e0ec26a5ef204b59600ad9e0f	reproducible
webui.war	WEB-INF/classes/org/adempiere/webui/theme/ThemeManager.class	class-or-library		6121	267240cd8c09148ed5fd7382a84b1dac27856e649b66043330bca5ac19e8ab93a66930d663d4638ddb9197c0da809c185119ea161c757a9e3700a105635e937f	reproducible
webui.war	WEB-INF/classes/org/adempiere/webui/util/ADClassNameMap.class	class-or-library		1069	3d764d9cbd74de97bbb1bad108fc9fd994e28fc0f29e664806935a19faf1b5187a3e989f82e2fc9fd51410e70500fab4e026984b2735dc230ee49d36d2a6cf15	reproducible
webui.war	WEB-INF/classes/org/adempiere/webui/util/BrowserToken.class	class-or-library		4553	cd2285762d7242b0e9cf2078258a63fe717eb896aef3630963b5a3c131b84cb447ae72a9754bde6300ee574e3423e3406776f483cd21c19f0d2ac27460baef18	reproducible
webui.war	WEB-INF/classes/org/adempiere/webui/util/DocumentSearch.class	class-or-library		824	0d2bbc5190973f4b706cb9fdc535e9b39ab726df0bb880078a82c89521d3311dc576735ffdd12f25090f65bb25e3bd6bc962dab87830289a09d0852d912cbf4c	reproducible
webui.war	WEB-INF/classes/org/adempiere/webui/util/GridTabDataBinder.class	class-or-library		6099	252ca84ee96dc4a7c517ec9d97adeb0f7c73f1845ffc456529b47b66a095b8cb9a4f44ee7d033b578e82f5a52b445571f0c02271f488939deec7f2b487bb4fdd	reproducible
webui.war	WEB-INF/classes/org/adempiere/webui/util/IServerPushCallback.class	class-or-library		169	ae0c7fff5148d98461044317946974592883cfff51ffd590e405aa991955161c21cd6902afea3ed1d88e302f0f5f044ede1a5987b88c461540d4255ab4b4181f	reproducible
webui.war	WEB-INF/classes/org/adempiere/webui/util/MUserPreference.class	class-or-library		604	faeb14c87ad690158349684fc3c618d030821d91f6ac864b2c5bdd5490a552304450ae3c73b696f1b317937390ed50f0b1ccb9a25ac36b879fba16e28367c70f	reproducible
webui.war	WEB-INF/classes/org/adempiere/webui/util/OSTask$1.class	class-or-library		1448	6aa6db97ffffa0be5aa7757c68d8bfb3d865ade10efa919c9670436dcb0ff3fd02410df3dcd4fa233f0c89fb2361d9b56e5837fe7f3f292d0b8b5f5566fe6d69	reproducible
webui.war	WEB-INF/classes/org/adempiere/webui/util/OSTask$2.class	class-or-library		1448	67a0871598c5904412ef1c357c4ce2b4259850e0b08ec037928a7eb731d7e57d243ca4c35cb3816ab8313f004a0b363825762f868f878c83a23ff8b67ec882d1	reproducible
webui.war	WEB-INF/classes/org/adempiere/webui/util/OSTask.class	class-or-library		4028	f4c3607972ad8607a8a73126906f53a8500e74243660dccd96b0cfe1bc8708ce649afb21bf2a1cd81622ea4cc6304edac9fbdf5b003eed1802cb92f978d30d00	reproducible
webui.war	WEB-INF/classes/org/adempiere/webui/util/ReaderInputStream.class	class-or-library		2806	3a86892b2b2fca3aa4ad46fdbb431ab4e4990a020eeff04eaa6d91020b8b153a6d076876aa2aaa36741fca19fd9d754514c513efe9975abc505538617e3c8299	reproducible
webui.war	WEB-INF/classes/org/adempiere/webui/util/ServerPushTemplate.class	class-or-library		1721	3e0ecb2910cf1ffafdb836659fcdf9b5f3c77e981613e80cb3eb7ffd546931deda04def8937804549d0590a6073dbecf3ccb0d8f3f3ce179a01354cd10c8f9dc	reproducible
webui.war	WEB-INF/classes/org/adempiere/webui/util/SortComparator.class	class-or-library		2454	d3e7631acfbc798180d1e66d7116cc870bc123dec69cff37c58e32430db78392d052208fd36764dfe83d4dbdab69c2502c7f2d73a4759c25dce710d80c900943	reproducible
webui.war	WEB-INF/classes/org/adempiere/webui/util/TreeItemAction.class	class-or-library		178	fdb6bb1a71ca7861f36f32319e4640364babd9f731a55c1cb6650a0bb653698a5f98f26caca9dc13cb171726179384993c42ba55c7254889ee8b934ddf09ef4e	reproducible
webui.war	WEB-INF/classes/org/adempiere/webui/util/TreeNodeAction.class	class-or-library		184	46bc624c4cc6004a2d0486ba1e0150308d8d795806a673ddfa4afefe4ac8e60dc42dd78866f977e6436c47869570f729ebcdd1087d31c195f8f5c81edcbbf8e9	reproducible
webui.war	WEB-INF/classes/org/adempiere/webui/util/TreeUtils$1.class	class-or-library		721	1e05378382289b2d046cd312468ebf83b7b268d84523c291c4fd49c171a5dbe425d1d8e20d108f89310733178c594638f0b7cdf463165ad84a1e64f89811b570	reproducible
webui.war	WEB-INF/classes/org/adempiere/webui/util/TreeUtils$2.class	class-or-library		719	847871616d577c81b98758311f8d516bd86cd2faaadafda38ee4a690791b6b2b77af24ff28e97d53f64bc9d793b9e0eeb5d52cfcc2ee9492b30a2b70a0ce914c	reproducible
webui.war	WEB-INF/classes/org/adempiere/webui/util/TreeUtils.class	class-or-library		2969	68d6b0c56ea777ebf6f099bce30e240f1c02dd125e9887b5f6b2a202bc923ea8e15dcb634cc3ad32d848a606f692715d091ec44e4726bc421a381d65f216c0c6	reproducible
webui.war	WEB-INF/classes/org/adempiere/webui/util/UserPreference.class	class-or-library		5759	6dac9a6da62e21b16f707cfc16f76cc84ea1426288db831ab4e95530b920db621ad52dc4f7747360825ccc38726425f273ce82db08517f5cee3497cadbef7efc	reproducible
webui.war	WEB-INF/classes/org/adempiere/webui/window/ADWindow.class	class-or-library		2524	9881c03f60aaf890d335316ce6ec64d79a1056db04a74ef0a9c9f9fbefa84e897bf372eb5306621de1b1022ae8c4b91aeb0308e5d60a9dab847eb5b4e4b1a89c	reproducible
webui.war	WEB-INF/classes/org/adempiere/webui/window/AboutWindow.class	class-or-library		14305	215648e4ab7d1bcae0a6b56c157088e76ee3f393ceed56a118238025975c1f6bfd23e373699fd9d1516a1e446e853e2f6606fd897c81852df2b007735f3a6680	reproducible
webui.war	WEB-INF/classes/org/adempiere/webui/window/FDialog.class	class-or-library		4943	66a12304348a4d65f597b66eed91459938a65bcf82602ca4bac7e36ef2a78d1c3e521eee35dc967bd48212ae8f19c4cca72ca646e6ff9018665235ff6608f75e	reproducible
webui.war	WEB-INF/classes/org/adempiere/webui/window/FindWindow$SimpleTreeNode.class	class-or-library		790	ae5f68446ea78e4e94db4c42dee4c9e07f36e0cad61dd236c94ef746e3426b120951aa26dcd7017387ff926e967a46f346172781f7a13fb706a56f810e40e45f	reproducible
webui.war	WEB-INF/classes/org/adempiere/webui/window/FindWindow.class	class-or-library		47022	a8a95e315ce2fd7a02f67c07b031ea65ded5d313091bf70d6d3bfbe7f24087ec3a13b2c0e167ae70f448367ad0560ed467e846aef25e44dd7c0ae6224f731562	reproducible
webui.war	WEB-INF/classes/org/adempiere/webui/window/InfoSchedule.class	class-or-library		14340	3da8b71e681e18c6825ae2d6ef7a013db65183d5192a3f9dab6508a93181883c031525d14ee542f873c8ec88ca0abfcc57d553905633ac5f820d8d269d4a2d33	reproducible
webui.war	WEB-INF/classes/org/adempiere/webui/window/LoginWindow.class	class-or-library		6350	8fa93a039697f31b9847dfe2c15122cbe406c00183eb0fef4d574665cd524ece05cd9d906dbaef9ad771ed38381a7c09354be67f46ef35678b162bb483dafc08	reproducible
webui.war	WEB-INF/classes/org/adempiere/webui/window/SimplePDFViewer.class	class-or-library		2655	f448f98ae06315016b70e5d913baed44980d0b4f42cb0268929f1947e6268579ab9e343581862cf661492b8e63ffead07facea0816a348430145d865bc5af34e	reproducible
webui.war	WEB-INF/classes/org/adempiere/webui/window/WAccountDialog.class	class-or-library		26761	5f68e28d805838a63c6f82c45218887ba2c1e47aaeb5707279e04bfab722b2352fca8be601248b10fd0267d5c3736f4374d216eb75c85bb4d72ab56dbf16fe67	reproducible
webui.war	WEB-INF/classes/org/adempiere/webui/window/WAlertDialog.class	class-or-library		2263	489c67a2c0d1602638205d5aadade168ec5f3b2dd1f18a6e8b27ccd3f773ae7c54927a9cc8265db0b4053b1f6a09dbb6dc4e0fa2799e014649379fc37ac3c445	reproducible
webui.war	WEB-INF/classes/org/adempiere/webui/window/WAssignmentDialog.class	class-or-library		13134	9d6125f9ef44f874b7e2fe74f7de59560ce7f8b6b6ac71d657549f0d0e70a739fe075de3e17902056e7cd4d3bac855b136ccd80ee65d7741b26ccbad72a9cbdd	reproducible
webui.war	WEB-INF/classes/org/adempiere/webui/window/WAutoCompleterCity.class	class-or-library		7313	769842a4f6a93e98a5a17b32bcc94c2faebd1b1228dc8e9fc76cf541816696b91e1aa7d7095f93d535744afbd1882d2e1ae48ea094425fa225097813417dbb83	reproducible
webui.war	WEB-INF/classes/org/adempiere/webui/window/WChat.class	class-or-library		5823	bdfc0b00c1fda9c2e30031c970e3609bc424917ddd1eba0e6537cbf08be26b5eca49cd7035171580bbffad332ddfe2d6b4835981d63774710813ce8293183bea	reproducible
webui.war	WEB-INF/classes/org/adempiere/webui/window/WContext.class	class-or-library		4461	f8ae2c9369d101b6c88eec7a96eb92c3f858e5611a56a6aec3a765a9156b7c126b270c31a9453d4db2bc0b13386e347164a2e71268522364b258d837fc24c7bf	reproducible
webui.war	WEB-INF/classes/org/adempiere/webui/window/WDeleteSelection.class	class-or-library		4568	b2e74a42857a11f53d964584e41e3b9924b5cbc28a1ad12d2017c8b774318a977348dfc554fc3fd6e53ef7792abff0c7d5f6ea600cc757b13f88ec974633f926	reproducible
webui.war	WEB-INF/classes/org/adempiere/webui/window/WEMailDialog.class	class-or-library		13613	cd24448d9350bb3f847b95a31c7a4dab4161adc56b743033b38e67154ec3d775db0f088320ee528c8eeb30a9888d8a0469065b2b16168c3fdf47052981e5b030	reproducible
webui.war	WEB-INF/classes/org/adempiere/webui/window/WImageDialog.class	class-or-library		6853	8f59c56dc762dec706a7fb1a121cdbb3d9ad38ab40637bd6b20dbac4093c6e841e60f6e3fdc106c672dac9a1f374cf757783ea0bb87ce3f4a12e05ed222e425e	reproducible
webui.war	WEB-INF/classes/org/adempiere/webui/window/WLocationDialog.class	class-or-library		19312	ae3f8d633decb20dcba4741ce2ff3f3e1b208a4407330ab6ce4abcbde562d0706473941ec0034b212ab27db764c1e322429f1433f70f091967d843f5f35b9799	reproducible
webui.war	WEB-INF/classes/org/adempiere/webui/window/WLocatorDialog.class	class-or-library		12618	4ca28de69e6147d0bc4326b79e668a7bdc36997109070325875e69b663baa9b64128ac4120b29debee2308c7989d924c2ddbbe1d4fd13b419242a50be30ff3dc	reproducible
webui.war	WEB-INF/classes/org/adempiere/webui/window/WMediaDialog.class	class-or-library		7581	72be80ef28da6b4626c028b1c912a8bd47c0daf61af99c1bc56da29a3326d37efbcba20443ef9a8069c15ec3d2815bb18508fa3df7253c4726ce4aee6525cd5c	reproducible
webui.war	WEB-INF/classes/org/adempiere/webui/window/WPAttributeDialog.class	class-or-library		24647	ae934de68b78390f80b74ed1dc1a71da18ba2965acee585f3255526bbfda6298837e139da1079303bc6cfdaef9adb531eaf8e872570f7ff9abacef4ed0434974	reproducible
webui.war	WEB-INF/classes/org/adempiere/webui/window/WPAttributeInstance.class	class-or-library		11401	a0a41ce7a3d102881b3bdcce0d264bcec6dac0d7d36f8e0e9483e11de84c15550abd6deedf043fa656f84042927c83c3710d4786708eeb86bd48d641e60940a9	reproducible
webui.war	WEB-INF/classes/org/adempiere/webui/window/WPreference.class	class-or-library		5043	b1536577ba08093d3f55d5443bba6d1fcb6e7225ca0a2a11eed583781222198beb5ddc530b330b05bb0df568f64c32854401f7cf129fdbfd6232d04e6f0b8a84	reproducible
webui.war	WEB-INF/classes/org/adempiere/webui/window/WRecordAccessDialog.class	class-or-library		11317	f92b8f4450626705f303f3d71e7dae9dddef7e070569ccf959b60ff3f7a5c795f2068eece4ca2360ec121eee505dc0498e185efaf2673cbc750223fdef1b40b4	reproducible
webui.war	WEB-INF/classes/org/adempiere/webui/window/WRecordInfo.class	class-or-library		6185	0d92e5f58c399b9fa5a41af4282887af9f8b5fa1d75dcd27ce2b46b905b9fee113f93a935b26a464bfe39983169e2fff6dbf82758b20dc0d9a39dadb119ce840	reproducible
webui.war	WEB-INF/classes/org/adempiere/webui/window/WStringEditorDialog.class	class-or-library		2618	9c9c5e8270110b7c3248c2b6f1ea4cf3e675aa9e5dc943e13a89cbc643b3b81006df9c289ca533228a3d65e65915802e776281301b59d94a080eb11cf92c881b	reproducible
webui.war	WEB-INF/classes/org/adempiere/webui/window/WTask$1.class	class-or-library		3942	cca42bc798ac7eb9f10eaa7a69067506e26499d990e6c43a5f72fb28433106225d219c4428d8cdea3d49d70e383578dca80841491f576856950a3a0ac4640495	reproducible
webui.war	WEB-INF/classes/org/adempiere/webui/window/WTask.class	class-or-library		4224	ba1aa0367470ecd7452fec83191d3252fd2b917c743b7d5dff22c5a87bcac530b188d53467e350f4810cc1fe255b81ccef355183ebd151ad45a4c7f4ec87a861	reproducible
webui.war	WEB-INF/classes/org/adempiere/webui/window/WTextEditorDialog.class	class-or-library		5640	bbf7b592ec6c5e075a60f06223cc28fb5e8bba4fe5aff58a9a009df10111ab7fd526415db18547e5c563645ad9e0c0f2e8718168052ba707bec1a32b05614a20	reproducible
webui.war	WEB-INF/classes/org/adempiere/webui/window/ZkJRViewer.class	class-or-library		12300	47af138db2ca152e4902dde8a679a99b1af412fecb22f35fdd5c43d4885cea792f5022e5767f94192f9a4e7ca6aa64bb0b3b0ce5eb63fe2d3ff849f1192e4d46	reproducible
webui.war	WEB-INF/classes/org/adempiere/webui/window/ZkJRViewerProvider.class	class-or-library		1268	15ddba3489b90b5381bb0176c7a4f6f41b23142e32ad8eab44c816a06f37cccdbcaa5bc92edbfccb9d908993f99d03a3b286404fcea3f14d02a61eb524c7a518	reproducible
webui.war	WEB-INF/classes/org/adempiere/webui/window/ZkReportViewer$1.class	class-or-library		1184	867df21276b475f3f45e575dc0b1f02c3c874652d3f71ee22ffaf731df30edc3a20d41a721c21c670093b113c2b991a4919a8b01a7c26c99c12993b862266ee5	reproducible
webui.war	WEB-INF/classes/org/adempiere/webui/window/ZkReportViewer$2.class	class-or-library		1859	35e644c7528044036290cf4570add1ce73172bbf6ed5fbf632a6d7054dcb4c11feb1cd4bb367b9397f41b9431a445522d449535fdae7fe44a8b359c7bd67c157	reproducible
webui.war	WEB-INF/classes/org/adempiere/webui/window/ZkReportViewer$3.class	class-or-library		1358	343ecc918e7f12f5096de121ba780f9b091be34e0e292c97d859bf35b773b2d3764c137fc4da974b3e5a82588cfad138e92bffb13a4aebcd32b7ab049f692172	reproducible
webui.war	WEB-INF/classes/org/adempiere/webui/window/ZkReportViewer.class	class-or-library		35561	7848b0a6829a902316919f791daee59f8880ee3b7fda325876d5c17c10f9de131011a051121350e4655d5b28863909542feccf710324fc66dc4e6492e0900e0d	reproducible
webui.war	WEB-INF/classes/org/adempiere/webui/window/ZkReportViewerProvider.class	class-or-library		5708	d59eec6af523cde99f88676e98f74b5bd220016fa4c4db1f7401e78ef797e591c5a54f15e4e10207b388e5455d100b85a9a4493a4631fc04f56eee0846b75e4d	reproducible
webui.war	WEB-INF/classes/org/eevolution/form/WBrowser$1.class	class-or-library		934	48d7154bb1d160d67064071b2973238e0d94baa059ddda1a4a880015ecbdb6e7c77c1facc1366927421a4412c6bef542349374c54bb7b9a2ff2f2cbe09213951	reproducible
webui.war	WEB-INF/classes/org/eevolution/form/WBrowser$2.class	class-or-library		797	ed95965444040bd4c386f53f279dadaa6f4e195edf021b5600c06930732b5438a8097e0cdd11afd7eb89c5800793a59ec90b9b33c528ff3d481d799a2d80ee91	reproducible
webui.war	WEB-INF/classes/org/eevolution/form/WBrowser$3.class	class-or-library		793	32129c499ff05fbf00a47cb79517d27e110cbc9c4479449180f1693c14cd6d5eebd63c7cf5ae4ac21d6511b5119021812541c4ca3a8599e3a153edc13bfca4aa	reproducible
webui.war	WEB-INF/classes/org/eevolution/form/WBrowser$4.class	class-or-library		795	90ba74f1156b760fb4453ec39b38e18d4c035135f6c75bb258100794ca5048a0c55797b285f370e33a17f815ca813315a2a830c3e7aa07f0bcda062f9d03d772	reproducible
webui.war	WEB-INF/classes/org/eevolution/form/WBrowser$5.class	class-or-library		804	0aa862fd981946a6e051d5200f091c58dbcf6b0635de1a183fe18711146c5de72587ea18df74d649e03bb6a95a64bacb28908c1bb8926b31f7e1ef976cf3b237	reproducible
webui.war	WEB-INF/classes/org/eevolution/form/WBrowser$6.class	class-or-library		804	8d5eb831e8e78acdd6fbbe711b760343d5c78af8b47f9cd68a557e430214adeccc8c605bf75c1d67a9cc0ac02372a55f664bd50ff43b1cbf77d65b9bac9aa51d	reproducible
webui.war	WEB-INF/classes/org/eevolution/form/WBrowser$7.class	class-or-library		795	89fdf006b94847488bbeda608f0ac1a31631065451d2cc4ea399c00126ee8c72f59531172344a8562c79e0655c9a82809755945af77c2fef16dd716aceed73f9	reproducible
webui.war	WEB-INF/classes/org/eevolution/form/WBrowser$8.class	class-or-library		795	c5d5eee03552051b15b27cad452dd2e7705910d8cbd13a2e0beb244154871fa858dc9c96ada01123f694cfa68658838c54d79d8ae8384d15a32fb4987eda6b2e	reproducible
webui.war	WEB-INF/classes/org/eevolution/form/WBrowser$9.class	class-or-library		791	523e5d6b1db5230b57ea7cdace7793fca39b013c6357039a077acddc1ed8d1d14cc82ac4165523f768c21c859a8cddcd29924d7ac6c674c64258ee3fee0f8a4e	reproducible
webui.war	WEB-INF/classes/org/eevolution/form/WBrowser.class	class-or-library		23597	f2960462ce07d4bca1d03515f87a93aeb034ac48c4c2d92ff421296358ecc45c1f2e2855c7aac4c1e645dd7412380ac2e844fcc5a099dcc7ce8999aa4ba23de9	reproducible
webui.war	WEB-INF/classes/org/eevolution/form/WBrowserSearch.class	class-or-library		5677	c52edf3889e2bdd8610e8509a2a8fc856c41756061f0857724d49595332d1b12dd939fcbf2e0f506130c1108467321af3a9d02fe0fdb66896f7ca5832915d2d5	reproducible
webui.war	WEB-INF/classes/org/eevolution/form/WCRP.class	class-or-library		9231	f6b4bee526b006187ec5cc4b2ded62091ce7ab1010588dacf4855521436a488b792e7acedd77d6380607da1126c6a78ad843d7a2ec685fba97aedb036a458520	reproducible
webui.war	WEB-INF/classes/org/eevolution/form/WCRPDetail.class	class-or-library		10469	d105c33b94ba494fd5ffe631e664b57d1e62850d966c3b029c845d793cce7a8453860b576b52e4cb721deb2733d7999abe9f8abf9d4d88cd577c5494352a0833	reproducible
webui.war	WEB-INF/classes/org/eevolution/form/WHRActionNotice.class	class-or-library		12549	aadfdff58046443e044f6ff1aba4945a6f89b90f8ec6140854ee26dba5d82dc39f4dfc2fe9c259cc4dbd7c1b000815ccbd9fc9cb00d426091c1bc5d697f33675	reproducible
webui.war	WEB-INF/classes/org/eevolution/form/WHRPayPrint.class	class-or-library		12839	77c5f1057cbe2b867866bce4fa24e8758b35d6fc95e767c7438ca6a2520696c00d537689bb87527c8b7ad55de647c1fc0ac219bc3a96c0deeb8dadf1b3e5f404	reproducible
webui.war	WEB-INF/classes/org/eevolution/form/WMRPDetailed$1.class	class-or-library		1112	c92e70a85fa68de61a1f6538a0cf3b8caec62b591745ab7d041d087bb0e62ff57bee2c09509afae4f65ece4144feca930f41d7315537eb8e41e3b875a8115731	reproducible
webui.war	WEB-INF/classes/org/eevolution/form/WMRPDetailed$2.class	class-or-library		1112	24e90cdd1b0f7d9c69abfd7e9d919462293db6b755126066696de8e22e90e8cffd4779824c007f684379aa2fa0d60764679e30edf2ee9e5f3e64dfb5899c4a27	reproducible
webui.war	WEB-INF/classes/org/eevolution/form/WMRPDetailed$3.class	class-or-library		1112	2d08ea62c83b72bcd0d9d8cc9f1bc32ec47dcc0334144ec88c2cc7251a083d90cc8c5d75d0fd4d1a36270bc434e2751f02e0b80178dcf743758d5d9ed93ad863	reproducible
webui.war	WEB-INF/classes/org/eevolution/form/WMRPDetailed$4.class	class-or-library		1112	fcadbe552083fba4300a95116f884aa85072dbd11af83aba00a2dff7c56f2e4560fb43344c1a47b81b79a8e4e36ea0a76c6ffe15e67d13367d8c98272d2da79c	reproducible
webui.war	WEB-INF/classes/org/eevolution/form/WMRPDetailed$5.class	class-or-library		1823	8b535243a0e2981143c13ffa43e7283557fc6a211ad600984044fc9238678e314d60c4a7d1357e25de228203abdbe1d7941fb294391cdd6eceb6d84ff0826275	reproducible
webui.war	WEB-INF/classes/org/eevolution/form/WMRPDetailed$6.class	class-or-library		879	fdd5876141514588e2e5523ed2dd78238436ba85bf8eadd74a520179ddb5f179d61c8c176d80deb9ea5c05723eb279a94ea1cef714850cd709cb4aae46a28e3f	reproducible
webui.war	WEB-INF/classes/org/eevolution/form/WMRPDetailed.class	class-or-library		27867	e0c96d84c2c57aeebdf2e152f5231cc7fca3c40d9d9a011265edd10e32bb2b76b1c34853ed3b2fdd1f49910710bc468f6cab5ff58071f779bf3438495fcd4ed3	reproducible
webui.war	WEB-INF/classes/org/eevolution/form/WOrderReceiptIssue$1.class	class-or-library		2268	4050f1522ac772161ea5737e762d2f458e8eed7ef42e329d25b09262e3a25d5f8af162df563702270b98a0624beec8ae1d5be1c49b2b95f0b0581a2d726c398d	reproducible
webui.war	WEB-INF/classes/org/eevolution/form/WOrderReceiptIssue.class	class-or-library		24850	a84276695b7b5fb59327589a5f5e51e7c69bb2c09a70c9e3640a71ad898b53373077399b9ea48f5e20865af67d74d46d0f75503186f1894cd91c436f30ef6861	reproducible
webui.war	WEB-INF/classes/org/eevolution/form/WPrintDocument.class	class-or-library		6285	aab3c350f05ebe4db9a5ea5bad3903b9cf0d8387a4d21c04bc1af2f8b3418f2e21ba4e33b52dcdd31bee01a05c8e4a64796445fdaf47b8bd2740bf272b896624	reproducible
webui.war	WEB-INF/classes/org/eevolution/form/WScanBarUI.class	class-or-library		16993	c96d3176d3b38600e5cfb98d45aaf2116f556acea669cb3a9efc4f011e35cf7eff9590b0cc1057387997de8f37103dac5371a34db52fecef6a8dd192f3517ad7	reproducible
webui.war	WEB-INF/classes/org/eevolution/form/WTreeBOM$1.class	class-or-library		1066	2216ee49c548475af54f6e21ad0cb5bec7f7e77f2faaaea980127f8b7ea6f75728de501f66b47932ff540bec2c7684046e2c1687657bc70b0357b2d78e86e1d0	reproducible
webui.war	WEB-INF/classes/org/eevolution/form/WTreeBOM.class	class-or-library		14643	1b8e0f2df09a883063b3a2a142415366546071dc292f0f1db5f7a93438a77fb05e1287ae7f1d1dca0f0c306736d0e10ba56bb4e7f2eb3432736d48295e5337bc	reproducible
webui.war	WEB-INF/classes/org/eevolution/form/WWFPanelManufacturing.class	class-or-library		7244	8caefb00af730fe972a6282e69133224bb736a4bac5aa9db55891174afa367ddac416e8e11259c3e3ea36ccc7ebcd82e32b8e13ac58d7f2adb30640ac4a4e0fb	reproducible
webui.war	WEB-INF/classes/org/eevolution/grid/WBrowserListItemRenderer$CellListener.class	class-or-library		1386	eee97ccf1f54e2fe890ef4293712382702975493cd480409a9f6dd2f6567b342b17618ba7abdedff51b8c0800e32019caa1efa638df7adcb463aaceace39a31d	reproducible
webui.war	WEB-INF/classes/org/eevolution/grid/WBrowserListItemRenderer$ColumnAttributes.class	class-or-library		750	d04917e8e27b5ec6cf27f0c218eaa08fc63198a2fe8da4d30af014f7790f783b518bca1e4ecf33e65657879fe83500d4e5b281fa9b0c576f1ad2eeff12537796	reproducible
webui.war	WEB-INF/classes/org/eevolution/grid/WBrowserListItemRenderer$ColumnComparator.class	class-or-library		1267	7b254b2cfb337d1a9883f44e55b6c6a2909576d03bb50200e434fd42a0f7ad3fb812fc034d6369456061011452bf21f1af4f9f72f065d673fe6ba66aad7f715a	reproducible
webui.war	WEB-INF/classes/org/eevolution/grid/WBrowserListItemRenderer.class	class-or-library		23919	f0819f6f69e908a9e8ef637a3b7b8ac8b0620e82d632d7dbb116855022056b50b1ec177429b99293ded2831cd109cffd92de51afe3b23c932d306597312f522c	reproducible
webui.war	WEB-INF/classes/org/eevolution/grid/WBrowserTable.class	class-or-library		20316	895d4d4c390d414ffae3526cc6f0617b908ac054da912320681c304107ce2a0b61694d1ffceeabe4220b0aa3a5d73163c7609d1499e057d57b405c38293fcf12	reproducible
webui.war	WEB-INF/classes/org/eevolution/wms/form/WExpressReceiptScanBarUI.class	class-or-library		16187	6f1db8ce3bd09a8388f7c7852c48128c10d3115147f0bb6a18f45c01f4ee91d2bb77a93adc609edfa08521a00120d4291a30e5cad4a035abfbb76fa9beb017a3	reproducible
webui.war	WEB-INF/classes/org/spin/apps/form/WBankStatementMatch$1.class	class-or-library		1393	72edea00270ef32b13db3e0c79df9c588585894b6cbdc2ec501cafef740dc77f595a7d0192b0ba80f316bb34bc7be042af41772d92f52f90de2518049cd8d2a8	reproducible
webui.war	WEB-INF/classes/org/spin/apps/form/WBankStatementMatch$2.class	class-or-library		1038	9d866d30385cf5d121169a33fbe787184417341f164ff1634479ca7e236239909d7f9422d33da916bb9e7409f05e937a5f90ae065d6b52b5377aa49e5a27cc48	reproducible
webui.war	WEB-INF/classes/org/spin/apps/form/WBankStatementMatch.class	class-or-library		17598	e227a0de48eec08ff07988c0603b9221a42186802c2f5d60423aefe156f87149efa340288d1558e5ff1c2853c229d39f6a45d606463708a7b10528aab8075f16	reproducible
webui.war	WEB-INF/classes/org/spin/investment/form/LoanSimulator.class	class-or-library		10419	f6b15c582ec12132b082f9bf2b542298af0aecaec22120c3e9700aa4740a0dbc1045812be757595170f5077d49d246f4fc7940790c6f02250fdbe303f3e5d9c9	reproducible
webui.war	WEB-INF/classes/org/spin/investment/form/WLoanSimulator$1.class	class-or-library		1248	d8ab05693336c8e82393e81730b7d89cfd8f3ae26e73a223b0d44f353bc1aba7878483c833caeb982e350813b6d74f59dbbf8350fb39dc2431b003b8cd524c00	reproducible
webui.war	WEB-INF/classes/org/spin/investment/form/WLoanSimulator$2.class	class-or-library		1281	d42a7346344785aff6cc0bd4f49f9ed14c215dbf44dacc8f57290a747e0edaafb563d38002f1969c1dda2e4aa28422ca2f3da383d8ec389d3d2a885c7b3aad75	reproducible
webui.war	WEB-INF/classes/org/spin/investment/form/WLoanSimulator.class	class-or-library		18067	25580d0070bcbae00fd8d7e0684200045a35daccc8f423846b50af8a7c07da3764493b8deb5b4f435db953b7e915c696ec17c2186030179cb6662cb15b4b7793	reproducible
webui.war	WEB-INF/classes/org/spin/pr/process/WPayrollProcessReport.class	class-or-library		1692	2713dee2ae73309b28c24bb3fe741927476c7462ebf86d2915293e46e5b63e641e981c0a881dbc78f38ad53d0c75d8eeef4acad9c26b76cf986e761b1fadcdff	reproducible
webui.war	WEB-INF/classes/org/spin/wms/form/WOutBoundOrder$1.class	class-or-library		1214	8386c5312dfe0e4a173eb4b6f8fc28f4efceb94ce18c71840da7d7126122bf731deae41525fd78cfbee68532d7080c66df33212bbbfa0444d5603ccb40f7d721	reproducible
webui.war	WEB-INF/classes/org/spin/wms/form/WOutBoundOrder.class	class-or-library		31749	51f8aaeaf57e8c6b3167f08ed59676dcdda5f1ef67edbd7ea9670c2d65a0653281ebcec44ce5d053157ec6b07a2ad2db438c669f6ab63b17a1bd8b4bd86914b5	reproducible
webui.war	WEB-INF/classes/org/zkoss/zkmax/zul/render/Combobox2Default.class	class-or-library		3723	7b174e1ff64cacb8d098bf50a2caedc92b11fe63b456950e20e8f3a53320d37f023b1075a2c4e7d4aae2c179fd7b58c9acfb7ca412bb276ff2d77d3b23148ecc	reproducible
webui.war	WEB-INF/jboss-web.xml	protected-not-addressable		412	3745acea7f0165f24b48f30184e2bd50e76bf162cd8b4cc3f5f2714d292b840536320a87040610d7b563c3104b5bf800007ebe03a1312ef80f45f440b81b2a2c	reproducible
webui.war	WEB-INF/lib/Filters.jar	class-or-library		338393	7128fb1d7cdeb196a1e729de11436539ecec4ff86e524d3857d9cafebff9f553493944242b7238663fc992f12c590ca6715000c078849e7b606393b66a973b28	reproducible
webui.war	WEB-INF/lib/asm.jar	class-or-library		34832	3178cfd6021d4789082626b526303da4c88f069c407dd4442da51abe13ba17a30b7767b46e590304f443323b257c2e8eede13676d2c76702fc6084befc3687a2	reproducible
webui.war	WEB-INF/lib/bsh.jar	class-or-library		281694	fabf6a2381be677c97f2a0456d7074702b74a6acf9145f2ccaddf240ccba48ccae4043a1b81614cd2aa8e17bfd3b7bc2bb9c5a41ee51329a4ec95a630f86a899	reproducible
webui.war	WEB-INF/lib/commons-el.jar	class-or-library		112341	b1386e60b1ac9eb2a23ae84b737aae35b4ef69fd089610e7f440c2320c8347583e0d00657192b233fd67dfa2483218057e403dda4885f2cf65031a5822a4ab8b	reproducible
webui.war	WEB-INF/lib/commons-fileupload.jar	class-or-library		57779	983ca08239316f1b5e21a65121e9e0a05dd80fae483734dddd36e82bff4fb25dbcf02d4f41dfaac04b98996dd676718ac9226c96f96f6028145927007153d26f	reproducible
webui.war	WEB-INF/lib/commons-io.jar	class-or-library		83613	e552bc25f03074a163d3db4f799e51b428071153d21610a239194abbd9ecac713969882e3ee4808389f13a8719ae38e496d86d165c2eb033b6b99aac3dc7d665	reproducible
webui.war	WEB-INF/lib/fckez.jar	class-or-library		1406016	f5e00a8a3232694a84dcf6d5b74cac5dfe4892b48077299ff6e77edb58ce2633a9b37bbb956d40f8e883916c2aa16102275b295a995f10200b640d9741d5d320	reproducible
webui.war	WEB-INF/lib/gmapsz.jar	class-or-library		102736	2bd85e51b739d379a1b61eec017486c21bdbaf64695be035d4c433a5ddb12fbd3c26e060e48e12c4d67c3433d277ede427bb4e22e7c74ac34acc26e64a4599a9	reproducible
webui.war	WEB-INF/lib/jruby.jar	class-or-library		8801103	49e7652bf4bdb04bdb99dc1c128a0018f451b5acd809da077e5451e3e0d371cee35e896f5be9d05b360cfb4825a35283a2f0a12d72cdc9312b87ce20aaa132de	reproducible
webui.war	WEB-INF/lib/js.jar	class-or-library		756883	a2618768457678772d11eba62aac69285073fa51d68af5b6ae2f31c404f367e0057a42282c393e48c062426e48c33d11dd573e282a818bec0f757a474ad644de	reproducible
webui.war	WEB-INF/lib/json_simple.jar	class-or-library		14435	879bc5470179cd1e949e9f535834cc7197ee32034db8ccdfbd13807a6bda2acfb8c9b3da4fdeab7bf9f01c42909a1439c81b25441f71e2b7baf051d238718c26	reproducible
webui.war	WEB-INF/lib/jxl.jar	class-or-library		723085	6bfcb57a9a0163e16eda12cf87c3eccfba05a9c78b21e46e9ed8f968a3d39adc426012a9b400278680401a611ae25ea21efa7b29dd2d6bec912a3385bf935a38	reproducible
webui.war	WEB-INF/lib/jython.jar	class-or-library		8580107	ff586fb76032a01a59082fd9f0841e373da6df5b3180ed6976fdec12f380033cb94f7e16c6ecd3b7b02440755a5d9505ad59210acad7cf2d3555a5afd294583c	reproducible
webui.war	WEB-INF/lib/keylistener.jar	class-or-library		6853	545e0f3de99967dcbf115ff716aeaa2c1c7359ea0dc55085f77d0e1bbdafb0c6f0386c379ca48acc8d020a428d9f1ca71cb9ad948829422edbad3552a90f1c50	reproducible
webui.war	WEB-INF/lib/mvel.jar	class-or-library		1121269	cdd00ec0881c678fef412d40b5f254da79dbd24715540f74ae71582b9ec38ff4d605af969eedb510a53ad0223f5e4a6555aba708d36ec94d4d044e9988e40b07	reproducible
webui.war	WEB-INF/lib/ognl.jar	class-or-library		167958	6a30581992ba8dec3977965e1540424dc3e7d8069df6c98aa7a66fe65b110bee8c9732a516361b98e86d6828a870c9bbb7066112c3ebcb991c571ef663165577	reproducible
webui.war	WEB-INF/lib/timelinez.jar	class-or-library		284636	a2b1ee0d1362eddf3a54c1b62da8f68b8715eccdeeb7f7d704586615c3a60a871de8e14977b88f4bba94866e9d656c5787ebbc325a879afdb04cc7df1b36fdd0	reproducible
webui.war	WEB-INF/lib/timeplotz.jar	class-or-library		187096	c5b3f806f1dc10792d027cfbdf152bb1cb6fa1dee6d7d6572dec0bd4b4fdf3834ef0cbf90f0317b65a7234c566bea8dd6b711f2c286554c0f5b505db91ede623	reproducible
webui.war	WEB-INF/lib/xercesImpl.jar	class-or-library		1203860	e01f9dd6a37dd3ba2f7a0421d8dda4457d4ce0d24e10a9b49c5ae27b539fc67b3ffe143ea45b574c7b545ce9671bbfae40112c4853b4cd033982655de5a37b73	reproducible
webui.war	WEB-INF/lib/zcommon.jar	class-or-library		393985	aeacfd48920fab2a68f928847be4f2ca8bcefdf3f2da94967a5e27212cf225bafedeb8fa6071d26be11a71b34445bdda08adebb3824c535f68f5df7cc9f69e95	reproducible
webui.war	WEB-INF/lib/zcommons-el.jar	class-or-library		99595	8f3f82a14bc072e873ef3f0d29cbf96707667a9d0479d53da5d368b2519b72e8c40a1d90aebfea48329183325d700b1df88c33a08da96a9906891d21a01cc0f6	reproducible
webui.war	WEB-INF/lib/zhtml.jar	class-or-library		49882	4f91bba9be69369c89af3d61e0b04dc2473804889fbf7095c6d1560a7919a92e22678c515d9ecb8e1d9a318ec470adda60a70f7ce678d5a25841ba32b86041f4	reproducible
webui.war	WEB-INF/lib/zk.jar	class-or-library		894130	037ea4d35b585aaea665a499c2b8ac32c6ead437f27eecfd55e9a30cc4967976bab4c50feac604b4e77ce69f364b47efcd3e13263009088f7b5e1b1c5d4426a3	reproducible
webui.war	WEB-INF/lib/zkex.jar	class-or-library		149462	f041c77398af835af8acfbd3df96ae04b2f83273d01329a0caa6af09c57dc4158d62fae0e588083d8c8cd749be3faa0828cfb5a759bbf1236dbaee0db9b35417	reproducible
webui.war	WEB-INF/lib/zkmax.jar	class-or-library		222540	7e200512c761526ae97991750169da6d3dbba610f58c77593eb14755bfe6c17dd743d4fd16f9edbd6914a64b6717e1e9b87df0bd7083b8669419d4be7a0b73f6	reproducible
webui.war	WEB-INF/lib/zkplus.jar	class-or-library		104675	200c65f86f6b6c7df7af97e0df062f94dbac6cf7a3403006fe3386b86bc7b19875dddabf72d0d3c7b39481e2be0e0c9e16e27afa4862ea9e29baad8c5ef7c610	reproducible
webui.war	WEB-INF/lib/zml.jar	class-or-library		11706	49e086814532e97721b7d7fa33fea08043acde908f0aff43d413fbdd092bcd9ae9ebe6871e4199a88083b2f4e2b258d0a175eda51a5b7330da8218a5bf42038f	reproducible
webui.war	WEB-INF/lib/zul.jar	class-or-library		1034780	b958024f557eac8d0b6196cc34f345f62e248de451a2bab7e3c1d2cb3f9374df6f92ff97ff8fc54047069ac2bfe2bdb46f41e70451995c883321ae4aa8ba6485	reproducible
webui.war	WEB-INF/lib/zweb.jar	class-or-library		198214	67999f36d61f7de101c1d7dfa1ef0934ed9195919da35032031416f6d4e3a3aa4b56990495a9ec79f284520e04ee95171bbba061a5519af2094c05f509399344	reproducible
webui.war	WEB-INF/tld/web/core.dsp.tld	protected-not-addressable		13385	1cfaafc80047a8e1a999c0d1a89bd3f91dd0ecad4883643245f9c64a96f7bebb81f9b9638f17551ba72e7c35fcbe0b561e8b798f13fd2f94755c75f5c82b0027	reproducible
webui.war	WEB-INF/tld/web/html.dsp.tld	protected-not-addressable		785	bd88e922742e5cbf95327f7593d9f63a06ed5af786ca372612e519d7b3fb1327f8e9ebc81e884ce33d7335aa8c5b2844015dfb02c6d0671bfae6327d395e5748	reproducible
webui.war	WEB-INF/tld/zk/core.dsp.tld	protected-not-addressable		7300	9da62ef98550e846eb1ba4694e4b47949832598e278a6e423c30d6dc52616a3f84d6bd16ad803b0628b747e6af5e4b4e1da9bb4befa26ab66bb5b06a070d1d00	reproducible
webui.war	WEB-INF/tld/zk/core.jsp.tld	protected-not-addressable		2491	d0fd7d52117007e7267af09766a06f51b58c40dec32771a450e51d100b52af2aaa7cad140e5e76b0efb3627555298b47d976612afa23a5e81e627b5b3e5a07ef	reproducible
webui.war	WEB-INF/tld/zul/core.dsp.tld	protected-not-addressable		3087	ce3a07385e2d9da3a359433f93e7203529d3add26781bacccbc1ab632fa8fbf85b93269b3322e165c5ae820418ec50fcf2cb629cb80e20d3a80d53d5690dc597	reproducible
webui.war	WEB-INF/web-2.5.xml	protected-not-addressable		4841	19f25c61f090fe0d73befb9c17e556680b34d3f9dd402b47dc66ead7a077d2fdaa48cfa913a587de93b4625e574e7de0ee7c2938d18d81e55e5f6a24d749aa73	reproducible
webui.war	WEB-INF/web.xml	protected-not-addressable		5172	879afd74d8128afbc78717c0f34e31853990e85f500e6b9c3e1c6f6f90d28977d1061b076c176c506c4a58b1da41343175d76eae53404043118d007b188def77	reproducible
webui.war	WEB-INF/xsd/zul.xsd	protected-not-addressable		116075	e1765370cd7e2ff039306bab708d5849060449f4517c72d0fde87d06439653b5cbc5d7a23b9937c8f13d9a286c4abd2fb28fc9c2eae885ed425337f413924d8f	reproducible
webui.war	WEB-INF/zk.xml	protected-not-addressable		2009	b0463e2ef884ae8d257fb6d4f7ef9901d22ea8c6c159071a5b45b6ee7547b5ffb6f1e7e921b498ff45f037c2acd8ce7cfc07665e0681c11e7562d60220defa8f	reproducible
webui.war	build.xml	server-side-template		7715	8cd73303c1e9553648a02fed0c0b8d90159985a16b546da7c55538ccf678971b39fad7551b91efe74e1d449f007a9b0043e04bbc3a8ac6e6356a56d4dafb92c6	reproducible
webui.war	css/PAPanel.css	http-addressable-static	/webui/css/PAPanel.css	843	550073867d34e740ba48484f10118074c707d49a00ef173419de330c5c4f3460480a11b3ba255b85add5bc6e9cd141bc1b9232a78fa5223d700dc5e4858d140d	reproducible
webui.war	css/report.css	http-addressable-static	/webui/css/report.css	1316	e61fe79d45f3474ad55cfb53e0861d9141e2f871bf6bc496f7fadf6f8e4a3eac03b2677acd8e0ee490cf89d9f8801ec256226ee0f9c77e39aab8c8f1f9dc9f71	reproducible
webui.war	images/AD10030.png	http-addressable-static	/webui/images/AD10030.png	4385	972881bb7b9bb59cb0bc03e38c6c131e65cff55de6ae3dd7a549bbc6ced6630b98aa924dc8167ee14252818441b0da1e48088ea62a572552d401b71cd82c618a	reproducible
webui.war	images/AD10030HB.png	http-addressable-static	/webui/images/AD10030HB.png	2611	35451b3a311dd851d7139c85e361210f32988e6067788c36a4cf944de20b295a396e35bb2ca41e1776cc621490d392b31160c9b2de6906d317a5f7dedfe07cef	reproducible
webui.war	images/AD10030HR.png	http-addressable-static	/webui/images/AD10030HR.png	27293	07641e9563823e7f668a547bd757d0188faae3e5bb0600027281bc030810f2b65afa09bbb3c77ff6ae1da47f2ab02d2b3b432523b44e3dee57220d13f77aba24	reproducible
webui.war	images/AD16.png	http-addressable-static	/webui/images/AD16.png	527	29e429fa66164170c77bc8e6e7dedbd3b9d135936989424897464c2dabc71d964555d2f9ebc19de9ca1794cc799a6590cbac85af97b73f753333ac9b29be6218	reproducible
webui.war	images/AD32.png	http-addressable-static	/webui/images/AD32.png	1261	fe3166cd7c9308bcb0b09b7d13b2202e611bb3baf70ce62675a4787a77a78bc0edf9474fb406f018c8004e68a2815484d97dded6e5caa966f39b93fbe19c3dc5	reproducible
webui.war	images/ADempiere_.png	http-addressable-static	/webui/images/ADempiere_.png	13240	1b3a358b9e2cdd560a68693d9b02f5ad63b68a8091e19dc7c8d07c2bd30de1a975093d53bda13ec28f081f1b55613447dc12876836426f1d0e6e48fd6e2a9871	reproducible
webui.war	images/About16.png	http-addressable-static	/webui/images/About16.png	924	ee8d6ba72e46d333722643a4da3f79ded77e0906b2afd648de5ac255c86a1b73842ec7e41f78bef552fef9c1558fcd90b4590f4015c109423f3046780bd624df	reproducible
webui.war	images/About24.png	http-addressable-static	/webui/images/About24.png	1246	44aa3c456f842dab9b8e7c268ddb465e1a7aedc75cac4527fdec29cd7ad91bb62ecc5a4d79b6589047e0889b26801f667752bebc44f2f2dce85cb1e5b1a7bedf	reproducible
webui.war	images/Account10.png	http-addressable-static	/webui/images/Account10.png	701	bd6a8167142dca31b624c8869eb2bc059f7fc038b6cc4e4ac7218635bcba9901862e117eff843e0848197c816381064bf76f1061c74681e30add5a1b108fd40b	reproducible
webui.war	images/Account16.png	http-addressable-static	/webui/images/Account16.png	868	26aa9d47fbbaccf64e39386f4655418a4b6f20c558906315e59b5f3709ae483f1e5cacd20110a1bafe3eb4224070afa60eaf025b9a0c3016fa9272a5554a9c50	reproducible
webui.war	images/Account24.png	http-addressable-static	/webui/images/Account24.png	1124	deab7b1a4aa8c4967f3a0102e196fb99fde997c5727ea0d271f869cdb90cdeb38e172b7e0102868e169ea8b3af18f78f70dafa24856a6bc801a402f472fc77e1	reproducible
webui.war	images/AdemPiere150x50.png	http-addressable-static	/webui/images/AdemPiere150x50.png	7697	9c794ab97ba2ab6c2876a57800f5e85ac9568c7e37c92b78e4eabda607324113e5f079b134bfcadb340f0714db8ae568576f22a677e42c6f83a7e0a152ade0ad	reproducible
webui.war	images/AdemPiereCom.png	http-addressable-static	/webui/images/AdemPiereCom.png	5508	7736d3a8383ce7866bbc5ddb1676d4b48fe497bbb7be5a8d30d94d0469166c7e960f7621bcd15992d11936b7d3850ca60d0bd5914a9c77e2f7c38afe2e0a2cf7	reproducible
webui.war	images/AdemPiereComHR.png	http-addressable-static	/webui/images/AdemPiereComHR.png	35049	263d4d64eaf53de68e98067ef510fbf198b5c79099b948bb545a17f827354d090fa46d9d50c4db45d80f65435eba91a543e61ed3b87a65b90bb248472354d64e	reproducible
webui.war	images/AdemPiereComx.png	http-addressable-static	/webui/images/AdemPiereComx.png	5508	7736d3a8383ce7866bbc5ddb1676d4b48fe497bbb7be5a8d30d94d0469166c7e960f7621bcd15992d11936b7d3850ca60d0bd5914a9c77e2f7c38afe2e0a2cf7	reproducible
webui.war	images/Adempiere.png	http-addressable-static	/webui/images/Adempiere.png	1977	c8b8453f4bd2743f637e389d582538bdebbde211e80b05b8f6feb5b0becb07f33a002862dd55610abd35223edd12ab4e4e58a2faa56080c3d061b29ad37dbf6c	reproducible
webui.war	images/Adempiere120x60.png	http-addressable-static	/webui/images/Adempiere120x60.png	5672	f7541fb50b8a5f48598e539f0c7602bca7dab9f414dbb1af6fd8702424457ee420d1e1019c486913aff80b5896f4254a8656d83a336829ed91182fdc09dceaa9	reproducible
webui.war	images/AdempiereHR.png	http-addressable-static	/webui/images/AdempiereHR.png	35049	263d4d64eaf53de68e98067ef510fbf198b5c79099b948bb545a17f827354d090fa46d9d50c4db45d80f65435eba91a543e61ed3b87a65b90bb248472354d64e	reproducible
webui.war	images/Adempierex.png	http-addressable-static	/webui/images/Adempierex.png	1977	c8b8453f4bd2743f637e389d582538bdebbde211e80b05b8f6feb5b0becb07f33a002862dd55610abd35223edd12ab4e4e58a2faa56080c3d061b29ad37dbf6c	reproducible
webui.war	images/Assignment10.png	http-addressable-static	/webui/images/Assignment10.png	701	b53e4330fe0d9ccd16276a3275269c2ae27cf487163e2243d9d7e629b60685a0794449b226c9b76c6f34a8aacfd2a6a56c20e69f7b3354c5d71783bc8eec0527	reproducible
webui.war	images/Assignment16.png	http-addressable-static	/webui/images/Assignment16.png	885	27de34048e543253eae82d92314cf587b17f96e75a193f719561e5822e533077fc3f2325a50fb7c0ce78e713993619213571b08bdf1eff36b410e762f692a1e8	reproducible
webui.war	images/Assignment24.png	http-addressable-static	/webui/images/Assignment24.png	1156	00272d2dcf2dc92d2dcb7c9942392a246842fb61432300da2f6a286410b56fd2133644f97cde20192d9a1fdca6300c4e4f0c7c73941ceff2c3038c45da398225	reproducible
webui.war	images/Attachment16.png	http-addressable-static	/webui/images/Attachment16.png	673	e7d143a75c8abcbe24c5b2c55fcfc8ce4eb59a84a9436681b40cce4a12e354c34c85ba1eb12651daa9632b5a25322fe7443fc63e0aeb726e7183dd43091207cd	reproducible
webui.war	images/Attachment24.png	http-addressable-static	/webui/images/Attachment24.png	720	d65ac1ec87650ef9d5c35bbaf2cf1d6a830045b951f255802b470d01745cd70ae050d8b17987a4864f71d9ab4d2f22add45fc69b9fd90859defc8ccbcf0850d6	reproducible
webui.war	images/BPartner10.png	http-addressable-static	/webui/images/BPartner10.png	674	35813ed6badcf52c1d70f66949cd68987c9aaad538f4bb1f3c1e81a93bad14ff35d2c243a8c8c38de02a4fed975c15d5f6eb53daea7f0cd5732aeb31ae3de102	reproducible
webui.war	images/BPartner16.png	http-addressable-static	/webui/images/BPartner16.png	559	7d160913d727d4766ea8bfdc1b4b3b4b93a7ad5212cccc19e28ebaa436699c34c74ee9f87583b020971aa30f2e42003bedbbd79315697cac81df9b982025079a	reproducible
webui.war	images/BPartner24.png	http-addressable-static	/webui/images/BPartner24.png	874	0f247aaee51b76d14bae32c7d0da37b0b0bf8f5e4c8f6437c575d4764bba426489819f2ef9d6e1a064eea358592cbda0dc19528afec0eabdfab510c8f3f7d5eb	reproducible
webui.war	images/Bold16.png	http-addressable-static	/webui/images/Bold16.png	825	6d9db21736cc337833fb4e7f226f348a63af172f4da1bf881508548fc3ac515985e23454620e64c82c678d8e1cf91c049d347c204ee27dff3549d874eb88fb77	reproducible
webui.war	images/C10030.png	http-addressable-static	/webui/images/C10030.png	4385	972881bb7b9bb59cb0bc03e38c6c131e65cff55de6ae3dd7a549bbc6ced6630b98aa924dc8167ee14252818441b0da1e48088ea62a572552d401b71cd82c618a	reproducible
webui.war	images/C10030HR.png	http-addressable-static	/webui/images/C10030HR.png	27293	07641e9563823e7f668a547bd757d0188faae3e5bb0600027281bc030810f2b65afa09bbb3c77ff6ae1da47f2ab02d2b3b432523b44e3dee57220d13f77aba24	reproducible
webui.war	images/C10030x.png	http-addressable-static	/webui/images/C10030x.png	5508	7736d3a8383ce7866bbc5ddb1676d4b48fe497bbb7be5a8d30d94d0469166c7e960f7621bcd15992d11936b7d3850ca60d0bd5914a9c77e2f7c38afe2e0a2cf7	reproducible
webui.war	images/C10030xHR.png	http-addressable-static	/webui/images/C10030xHR.png	27293	07641e9563823e7f668a547bd757d0188faae3e5bb0600027281bc030810f2b65afa09bbb3c77ff6ae1da47f2ab02d2b3b432523b44e3dee57220d13f77aba24	reproducible
webui.war	images/C16.png	http-addressable-static	/webui/images/C16.png	1048	5c4ee76deb99a6bba84d243c211fa7cbaa68f6ad37b4bc3a29bc0cfc9adbee99c892f699ac3c0e13c73be252bbdc75d9ca7851fb0be20167c3255c6f2d4e158a	reproducible
webui.war	images/C32.png	http-addressable-static	/webui/images/C32.png	1851	7a2758bce580f33faeb499ebed8325cac8d0120742a879a6a3fee9e66e5f3fccf656e600125dcda6111afd4febfe5f7dbdf550a0c67d3d452a625c658eaba408	reproducible
webui.war	images/Calculator10.png	http-addressable-static	/webui/images/Calculator10.png	652	441e3fa73e950a874e4cd382695f88191bdb34090df2c6f0df6e3313b651aafed3b49f53b799c39f46573ff342d5795aae7e153b7b6a5164eeefbd8f57f3c8a0	reproducible
webui.war	images/Calculator16.png	http-addressable-static	/webui/images/Calculator16.png	3071	d5cc9dacc91b84303d69720867a34204704fda95707758c48dd680e248b2ed0b0bc5c4f0d0a9c7ce9b2e93bf3dd10d79771c43c720befe6f1f0c6aad66e062ca	reproducible
webui.war	images/Calculator24.png	http-addressable-static	/webui/images/Calculator24.png	1286	e5059f474e4e77c512024b5563918f21ff47e24c13c58459c8d87578b82fc120a24501d05e67a219b41896ba371fdf49c916d91fee98a34f5e7717444ed482cc	reproducible
webui.war	images/Calendar10.png	http-addressable-static	/webui/images/Calendar10.png	551	9f7637f1e1ed0dcb4d930270588af908f9870fb3f2f6257f5fecda8ce82a1e2e40f80b5a017645e38fd81ba696f2624ae55612c2e4aa50a36a2d24a6731d89a2	reproducible
webui.war	images/Calendar16.png	http-addressable-static	/webui/images/Calendar16.png	719	4f467ccde704cb4eaa1f3f337169a0793fe9bb4206f81514d16fa5ee69235514f8b84d9173d3ceb30dd0afae2d6cedda200ee1b0aebb39085c9a063c3f989161	reproducible
webui.war	images/Calendar24.png	http-addressable-static	/webui/images/Calendar24.png	1852	64d5ee2d11172976d9fcaf90e9b37854469e9d564b5e12dccb1f565b162d7b08c5daac21e2b7094f74617cf6eed721ee494c81e0b94b4a99d174cc54df35eaee	reproducible
webui.war	images/Cancel10.png	http-addressable-static	/webui/images/Cancel10.png	222	63c63d24b9bb516ec24ef0cc182413f889778fbe76cadeb66998497f9f5c3d3587aeb6c476201982e6a9ab78dca62767a68839c6ec68a2c619c6de84f15896bb	reproducible
webui.war	images/Cancel16.png	http-addressable-static	/webui/images/Cancel16.png	248	f21101fd55556db0c1914ec7fecf6d86f550999736428c7515167e512cadcd4abcb9872c6ca9c4f4137df0db29fd9aa316db9ab9f9bc9eb1e9f9b2960c5eb27c	reproducible
webui.war	images/Cancel24.png	http-addressable-static	/webui/images/Cancel24.png	423	e667af1e6514197da32725346edb0a56d0574707b0ad1eae83360e297ae42fd5720ad41b9f60660f6f48ce1567ffbaefcc6c32b81e079412d7f98c9e407b22ed	reproducible
webui.war	images/ChangeLog16.png	http-addressable-static	/webui/images/ChangeLog16.png	580	ee1b9e12ed4a93c19baf36d4e81a3cabb6a2e7a07613065c1a6877d07518847c749fe97cb0f7fe76fc5fe8b6e40c7416b188d0ce7625fc564b05a84c29bad7f5	reproducible
webui.war	images/ChangeLog24.png	http-addressable-static	/webui/images/ChangeLog24.png	783	68b130b0d7d75247b04a129d97cef9fd26e890c32df65d029376e647e404e5eef061a90fe0c29eb560dfeda62ee70159940b6c00902352be0ee4fe6e62707999	reproducible
webui.war	images/Chat16.png	http-addressable-static	/webui/images/Chat16.png	3232	86f95847e9f14e396ce255bfeab95a2f47a985ff0eb216357111c5600e59515664f1748e5311de9c6f97e25d26a5efbba65fadfdbef0257e086ffee21ec2ed23	reproducible
webui.war	images/ChatX16.png	http-addressable-static	/webui/images/ChatX16.png	546	2ea87ca686f1279f3c853427454fd36ed858516c15731f849b2d9808ddc6147f3231d06ab2fa2c3eb7a845c364880e5a031a143b3d8fb28c667495c184e8dfd3	reproducible
webui.war	images/ChatX24.png	http-addressable-static	/webui/images/ChatX24.png	656	683f86d9aec7888726733e775f612aa67ea11cab5b63ac9fe1bcd315c64c323b5576882125ddc632c38eb06d013c447c1de853d1eba04ef5bae3fa35ac36a57a	reproducible
webui.war	images/ComPiereCom.png	http-addressable-static	/webui/images/ComPiereCom.png	5508	7736d3a8383ce7866bbc5ddb1676d4b48fe497bbb7be5a8d30d94d0469166c7e960f7621bcd15992d11936b7d3850ca60d0bd5914a9c77e2f7c38afe2e0a2cf7	reproducible
webui.war	images/ComPiereComHR.png	http-addressable-static	/webui/images/ComPiereComHR.png	35049	263d4d64eaf53de68e98067ef510fbf198b5c79099b948bb545a17f827354d090fa46d9d50c4db45d80f65435eba91a543e61ed3b87a65b90bb248472354d64e	reproducible
webui.war	images/ComPiereComx.png	http-addressable-static	/webui/images/ComPiereComx.png	5508	7736d3a8383ce7866bbc5ddb1676d4b48fe497bbb7be5a8d30d94d0469166c7e960f7621bcd15992d11936b7d3850ca60d0bd5914a9c77e2f7c38afe2e0a2cf7	reproducible
webui.war	images/Compiere.png	http-addressable-static	/webui/images/Compiere.png	1977	c8b8453f4bd2743f637e389d582538bdebbde211e80b05b8f6feb5b0becb07f33a002862dd55610abd35223edd12ab4e4e58a2faa56080c3d061b29ad37dbf6c	reproducible
webui.war	images/CompiereHR.png	http-addressable-static	/webui/images/CompiereHR.png	35049	263d4d64eaf53de68e98067ef510fbf198b5c79099b948bb545a17f827354d090fa46d9d50c4db45d80f65435eba91a543e61ed3b87a65b90bb248472354d64e	reproducible
webui.war	images/Compierex.png	http-addressable-static	/webui/images/Compierex.png	1977	c8b8453f4bd2743f637e389d582538bdebbde211e80b05b8f6feb5b0becb07f33a002862dd55610abd35223edd12ab4e4e58a2faa56080c3d061b29ad37dbf6c	reproducible
webui.war	images/Copy16.png	http-addressable-static	/webui/images/Copy16.png	2978	ca49937c8ee0e93641c623fe54bbdd6cfd3beb42c64e2bc8711fd7372b4909d81874f77c59c50e41077af778097563705b9006e13e50db1eca505468efb78935	reproducible
webui.war	images/Customize16.png	http-addressable-static	/webui/images/Customize16.png	603	141aa2e1663cdb82cee3031e138bc65665c1c860715f06bae1bee73659488258c36caec1ed3eaf70fa50011d86fabee93e764240d35004ff312955ac80ef197c	reproducible
webui.war	images/Customize24.png	http-addressable-static	/webui/images/Customize24.png	678	4ead70d604dbd84d5a93e6468fa3f26c26e2f868f1f80146e5c3d24b8b2307d49cea59e40ebfeced35002602d678295ce554ce0f8065bb2ac060d1adef809f0d	reproducible
webui.war	images/Delete16.png	http-addressable-static	/webui/images/Delete16.png	854	8de9e4e61c2c1a57a9c922dae172febe431c97f9f912a5b527c6ff51d2b7b54f1803dfc3ee44c43c6e8cba086724d423802e675c3c1e013f55ae01f1ac445524	reproducible
webui.war	images/Delete24.png	http-addressable-static	/webui/images/Delete24.png	424	74fdd8e7adbc04b5b5f8b88fc26d4525e9b6e769e8658373fe70628ffbd98b070564fe2e2be0bf6c97e6faa3dc8268eeabba50003e1a3e147d2809f5f3b5448b	reproducible
webui.war	images/DeleteSelection16.png	http-addressable-static	/webui/images/DeleteSelection16.png	2972	6d5a5a8cff7632032bd7c4c78dd466f8c39c377e9347cdf26cfeebbbe1f6c4134e9ae4854c7a44ec2736ec15464a0303df3ea9cbc57e6b2dd8897e473cc397bf	reproducible
webui.war	images/Detail16.png	http-addressable-static	/webui/images/Detail16.png	746	d3fe3b766218096b0c0b741a20be5dab3c0f4a8075df5d9bb5f4570bac2be8246000e646869e8d4b2b5131494c683300eb1c979977bc5bb42ed14d43a5d7228d	reproducible
webui.war	images/Detail24.png	http-addressable-static	/webui/images/Detail24.png	956	30702095a5ad73f4a9ed4e7b8f4400d94f81d49b825d8e17fafd9a34445dcb87e447d8e51075c20b3d5662b3de727dbc453aa0355a00859b49d14c2077884031	reproducible
webui.war	images/EMailSupport16.png	http-addressable-static	/webui/images/EMailSupport16.png	737	354fc08f24c82b3dc7de75a0738d6da818f0faf5e711863dddf6300a1e15ddeb0ee198f299cc18aa69d0e0ae49d532f6b37b92ddb2b2626f59628b098c7ec67f	reproducible
webui.war	images/EMailSupport24.png	http-addressable-static	/webui/images/EMailSupport24.png	1068	a37908e8df62c4bc0bb3d5e41c17ea204df2a261f60fe9659ab90f3d29088170fa4d657de17f49135416ce21354b9dc480e08bf287b47615a406407e15d67a5b	reproducible
webui.war	images/Edit16.png	http-addressable-static	/webui/images/Edit16.png	474	b8fb980c0984b4044e458d37e1601238baefe1e001aab418c296d1e68c63a9e4368d48a00af7f9664b799481bbcc22e71abcfe73d1acb811fce92ccd2b17eaf6	reproducible
webui.war	images/Edit24.png	http-addressable-static	/webui/images/Edit24.png	659	f18708a233352f7b3592b963db391995110544b0694e11de5e256d110fa7d8b2f071b87189d194ca2091fcb8cc4cedf117c1ef57cbb1ba811990d99ffb8c083d	reproducible
webui.war	images/Editor16.png	http-addressable-static	/webui/images/Editor16.png	474	0b2a530df8595baeed81ab07eee912a56e6f0d6cdc2fc7af6ca99e571931847796fb81c79b458e6d330526bd1b437d75db45e68b8c4356ad774b687eb6ce1fc9	reproducible
webui.war	images/Editor24.png	http-addressable-static	/webui/images/Editor24.png	659	a04aa9773f7a3d4f694cd9f929f375d2f3d6489d462167c60d65e0d937ecf88982a10bb95f93d26b4dd973b10be69f8e6cddc6fbd98321631472822ac543cc4f	reproducible
webui.war	images/End16.png	http-addressable-static	/webui/images/End16.png	947	f12d2d2e971f9f7207e90ff18efb9fb1a00641b9fcac2af72e70a65fb51bb345a00fce14728f39d66ba68a6868bcf353b176463a8f13fcadbe67bbd31c5598e0	reproducible
webui.war	images/End24.png	http-addressable-static	/webui/images/End24.png	1438	b77bd2e95f83da216a5f080e05df3253714b04cc731735753a454db5862654cbaeb5fe5ab2a8a89127017c0641f0c29eebbbd2b0f5f15e7c636ddbc255b5a908	reproducible
webui.war	images/Error32.png	http-addressable-static	/webui/images/Error32.png	1793	7cce4511e9928573e021ce8aced489518618a144df3c0b30cd2ced75473866930852fdb3e28716ff800e24c7bb35fda83372b9dd566c25da7846eb0e2f9b90da	reproducible
webui.war	images/Exit16.png	http-addressable-static	/webui/images/Exit16.png	712	d3750684d24d95922770fd3003a08ccef8bf4cde31fddf64d9ee89def667557d380ca4f68e8107498013ee5aacfd4b3b25c12df5a31f117adecbbf8cebe32aa6	reproducible
webui.war	images/Exit24.png	http-addressable-static	/webui/images/Exit24.png	1025	a7d6fab3621db31d68f442ab2b3df980683b478817e21bb8cee6bcedade0f070ed9ddd925bd23ad8e720fcc5f95633a305b4436ba418192db1d789f042b58f40	reproducible
webui.war	images/Export16.png	http-addressable-static	/webui/images/Export16.png	844	a5de69db3ee525b3e2e43a673cbf3efaf677801dff727018b44137ef9942818367d7b79c4abfe773d0b1ce4cfb09eeb7615c179c48c7ba525578828d0109e547	reproducible
webui.war	images/Export16X.png	http-addressable-static	/webui/images/Export16X.png	844	a5de69db3ee525b3e2e43a673cbf3efaf677801dff727018b44137ef9942818367d7b79c4abfe773d0b1ce4cfb09eeb7615c179c48c7ba525578828d0109e547	reproducible
webui.war	images/Export24.png	http-addressable-static	/webui/images/Export24.png	3164	c8d7ecf9ce90285e4f76bef5f16356d7ca9fe265d3ff8e523775f613a640f5293e32f8ec6dcd1050225d7d118064d635126a78b9c936bf4aa38b70578f299f0f	reproducible
webui.war	images/ExportX16.png	http-addressable-static	/webui/images/ExportX16.png	844	a5de69db3ee525b3e2e43a673cbf3efaf677801dff727018b44137ef9942818367d7b79c4abfe773d0b1ce4cfb09eeb7615c179c48c7ba525578828d0109e547	reproducible
webui.war	images/FastBack16.png	http-addressable-static	/webui/images/FastBack16.png	393	6da8363e8156063190e15c448f9e276265aedc1a64808993f8a08f42fc518812a83f015831301423a2389d12fc8a32787a6be357e7f77aeb8f64841525ec5600	reproducible
webui.war	images/FastBack24.bak	http-addressable-unrecognized-extension		1168	df5a4f8c6df51cb702f6f5eee92a1e7eee522c2f663040564792119b2cef4dec081dfd7f131597065daa73d1f5ff660a7e2fff6baeb99dd1cd05d15da3b500fc	reproducible
webui.war	images/FastBack24.png	http-addressable-static	/webui/images/FastBack24.png	477	f02ae9e51c8bc0160f681d3dddb234fd64e07743f6cccee482c03bef976267a58a158df7b51c72f0862b8bea9029f921b01b39765cb043bdd90a223673cf0ad5	reproducible
webui.war	images/FastForward16.png	http-addressable-static	/webui/images/FastForward16.png	396	1769fe148f568cb8316fbdcb3283b4468e057ca783f72b74b187ebdf722869e362c18eca870726b6d6286ee0abe30b96041647caa460d893a66f8de1c8e0e5a1	reproducible
webui.war	images/FastForward24.png	http-addressable-static	/webui/images/FastForward24.png	479	7d7bc2f982461ab0b2ac21c2141a46d814b0cc6ce2554cf1b3534fb6ccf18210bdced3a9e2a86292a37f9ed82f46379f6cf405cd290e91009e18a5bfe318bf4b	reproducible
webui.war	images/Find16.png	http-addressable-static	/webui/images/Find16.png	535	eadf482c7c1149ff67b5d22cae10a128b6d105fe05d10fe26cc92af9fcd9feadde8fc9820de2fc243be56502243a89d00a29006e709772254a5a91f912624c0b	reproducible
webui.war	images/Find24.png	http-addressable-static	/webui/images/Find24.png	502	a461fa840cd1006ab5baf035dfa6a7ade41a36b24093c3095f860fed0c5472a19e1476eca70a61e5fb2f42e7e9b0c84433f58f115caf644fb9cff57ec3357e46	reproducible
webui.war	images/FindX16.png	http-addressable-static	/webui/images/FindX16.png	535	eadf482c7c1149ff67b5d22cae10a128b6d105fe05d10fe26cc92af9fcd9feadde8fc9820de2fc243be56502243a89d00a29006e709772254a5a91f912624c0b	reproducible
webui.war	images/FindX24.png	http-addressable-static	/webui/images/FindX24.png	502	a461fa840cd1006ab5baf035dfa6a7ade41a36b24093c3095f860fed0c5472a19e1476eca70a61e5fb2f42e7e9b0c84433f58f115caf644fb9cff57ec3357e46	reproducible
webui.war	images/First16.png	http-addressable-static	/webui/images/First16.png	2927	bc71a2b99f660447e2084cde8d04281997143e4720e0c0df2d4ae098814b628d31c61ed9f84d25a364e35fd262d00ecf316ca964f8848d51bd6f85b47b16d598	reproducible
webui.war	images/First24D.png	http-addressable-static	/webui/images/First24D.png	1085	9c9b22db649927eb0dfc5e37d0fcd13f9f96c680b31ebabc1568d06f8f162be536a40498fbabf0904fbdd91b9385296e8c6051a59b1d60cc130b4b014e7d86da	reproducible
webui.war	images/Folder16.png	http-addressable-static	/webui/images/Folder16.png	536	d4a3ef8f2a97d3db2ce6165c12c0e439ec0d50b7f134195e5796a0748aa0e97c8e9d8cfd4da64778e9b028c23442617db7387b9a79f52a5de7b2962890a09df6	reproducible
webui.war	images/Folder24.png	http-addressable-static	/webui/images/Folder24.png	796	567689d4e1ec43a2714da94d9f5774c7279ba5241c14243518f4dc7a550b344f4d9d9f036df975b4c9a7f1a84d54ef809a20f61cef3c78db4a424329f2769937	reproducible
webui.war	images/GetMail16.png	http-addressable-static	/webui/images/GetMail16.png	916	4f92600f107527f5812ae5a1e517d7b029ef78a539e2efc7541233a91803c59712564cc41f5139598f4d926369a48a8c2a3c3add2f4fec7bc2dc27a3de5e1562	reproducible
webui.war	images/GetMail24.png	http-addressable-static	/webui/images/GetMail24.png	1198	52bec20d46884d62252a787dfd7b5d54c035907f82697578d5c9f4f4c4e3912ee67e96d365603a550577e49687131c479eaec0f18516f3c556f409de24e08004	reproducible
webui.war	images/Help16.png	http-addressable-static	/webui/images/Help16.png	3382	6ac4d0622932f1f8937dfa7a9efd302c939ee89d1d019ab520f6c3c6a901f2ca6a5d2b2bb20b5539132f8b66bd912e8e132ab48c54fcdc8587163b35eb45b682	reproducible
webui.war	images/Help24back.png	http-addressable-static	/webui/images/Help24back.png	1525	b805895bbcb2dea2244bd96e4a5dcb6d51860ac9ddaa416ca6ec9990304c59a761e316147fa5ee197ede8dc0ee5145fd18052d54fb4002ddb7aef252f9b47894	reproducible
webui.war	images/HelpX16.png	http-addressable-static	/webui/images/HelpX16.png	3382	6ac4d0622932f1f8937dfa7a9efd302c939ee89d1d019ab520f6c3c6a901f2ca6a5d2b2bb20b5539132f8b66bd912e8e132ab48c54fcdc8587163b35eb45b682	reproducible
webui.war	images/History16.png	http-addressable-static	/webui/images/History16.png	927	524d6c1ef33c59485315ce863089e78f9765db20cbc7359d268b089f801ee4dab22c08d08e235f607bc20bffc23f147b4ba82d7b3010229051cda09dba9ccf46	reproducible
webui.war	images/History24.png	http-addressable-static	/webui/images/History24.png	427	0b5d19096f93deceb03c2eaa4008340657deaa3136168bf9a08839a9f4736fa48d3673c61f85e22e355d41102e2c823b739d5e8d092d24857f0915cfdd8109ac	reproducible
webui.war	images/History24D.png	http-addressable-static	/webui/images/History24D.png	427	0b5d19096f93deceb03c2eaa4008340657deaa3136168bf9a08839a9f4736fa48d3673c61f85e22e355d41102e2c823b739d5e8d092d24857f0915cfdd8109ac	reproducible
webui.war	images/HistoryX16.png	http-addressable-static	/webui/images/HistoryX16.png	927	524d6c1ef33c59485315ce863089e78f9765db20cbc7359d268b089f801ee4dab22c08d08e235f607bc20bffc23f147b4ba82d7b3010229051cda09dba9ccf46	reproducible
webui.war	images/Home16.png	http-addressable-static	/webui/images/Home16.png	724	c5b9001e0e2675938e4f50fe2d0948afdd409b00f0209b5c98d9e5c47aa48b77180e80a0fbb4e1bdadeffc2887f808d8c14328f0800d1244f6bb23ad6311e8d0	reproducible
webui.war	images/Home24.png	http-addressable-static	/webui/images/Home24.png	1041	11b819fe9b2784188588d8abfc00931b1ed021e86bba9ff28a1218a171f4198e3f58b129c2f5d8e6d3e7b0c1d965e17e042542dd850229edc266aa9fc137dbab	reproducible
webui.war	images/Ignore16.png	http-addressable-static	/webui/images/Ignore16.png	3403	21366e284a77583e54c6fc75245fffc461a6093f1ad86eeccc4289fd7c0dec304d663d19ecd88e311637d23fd52fe2a88c039b2f910dd9c8cf518979e76c55d7	reproducible
webui.war	images/Ignore24back.png	http-addressable-static	/webui/images/Ignore24back.png	1131	dba41e2ee5c7848622bfb2113383c36a983510c8e02aad0e9c7a49c7c5c611e657f501ef012dabdcce199c83d3ffe324a3dd27c8c1352d2a1722cef7fd174664	reproducible
webui.war	images/Import16.png	http-addressable-static	/webui/images/Import16.png	891	ebde46c96195d5f60dfe7a73baf987b78ad42192ee41652ff7d1b97c09a44986c45d70a72d615611b33aee4fdc54775c2eae5580fc5bdbd1a09f5ee90c97bc4f	reproducible
webui.war	images/Import24.png	http-addressable-static	/webui/images/Import24.png	1100	c489cfcaaabd77357eaac3157b7cce9470d8d6d0545053c642ce9a0660b9c3be723e3e3b901fe241dabd03a04bddaf255ff0547d97be32c104328881bb575232	reproducible
webui.war	images/Info16.png	http-addressable-static	/webui/images/Info16.png	494	d1f9aec78ca34ca25146928f7ce1872e2be984a70363614471f174caecd29c453c578cdbdd3f19bae4f3d492e8225c70105f75b0b983bcd8021041ebc5df7eb5	reproducible
webui.war	images/Info24.png	http-addressable-static	/webui/images/Info24.png	1183	9cc089b3fc7689f197249a8056f6bc9224321fc39368ff6dd8dd363e5c2af879383989704b011172d663f0e481e4ae2658e5286e601cf93739622bed0177be92	reproducible
webui.war	images/InfoAccount16.png	http-addressable-static	/webui/images/InfoAccount16.png	385	e117c6b56243fbef4ea11a06ac5e5026ec336c60b14ccfa7227b2acee45c4c4b8517a0ebc65cdfb376afafef2710e82231b8dfe1bd4ab5f58144d219985e27af	reproducible
webui.war	images/InfoAccount24.png	http-addressable-static	/webui/images/InfoAccount24.png	1124	deab7b1a4aa8c4967f3a0102e196fb99fde997c5727ea0d271f869cdb90cdeb38e172b7e0102868e169ea8b3af18f78f70dafa24856a6bc801a402f472fc77e1	reproducible
webui.war	images/InfoBPartner16.png	http-addressable-static	/webui/images/InfoBPartner16.png	559	7d160913d727d4766ea8bfdc1b4b3b4b93a7ad5212cccc19e28ebaa436699c34c74ee9f87583b020971aa30f2e42003bedbbd79315697cac81df9b982025079a	reproducible
webui.war	images/InfoBPartner24.png	http-addressable-static	/webui/images/InfoBPartner24.png	874	0f247aaee51b76d14bae32c7d0da37b0b0bf8f5e4c8f6437c575d4764bba426489819f2ef9d6e1a064eea358592cbda0dc19528afec0eabdfab510c8f3f7d5eb	reproducible
webui.war	images/InfoProduct16.png	http-addressable-static	/webui/images/InfoProduct16.png	750	9c8602326d885685665c7b0b6110a557189e9e802e9bd2a8b7ca47e0312aa37f3dd2099fbaeb52452a94cc8881723357fa9bd019debc063775b74ab9f90e469a	reproducible
webui.war	images/InfoProduct24.png	http-addressable-static	/webui/images/InfoProduct24.png	564	c1c959ff0a58687aeaa25d88a36155b3282ec83cce4970c09a0e5ebb251b7f54888f7237dcf655a46413cd4be96b9dc73fc84ca806749c760d7d534867d4c79f	reproducible
webui.war	images/InfoSchedule16.png	http-addressable-static	/webui/images/InfoSchedule16.png	489	453595dcde4015615e165c6806d6753f9d75073476526b1a9d4f939b45219effd3195103d9ee35e259d758f29016c1017ee09cccc0c5155ad976bf0ad64c87d7	reproducible
webui.war	images/InfoSchedule24.png	http-addressable-static	/webui/images/InfoSchedule24.png	1285	ac29a80cbf931f0249621bb059a6c0d2bc6f2ac63abbfb85d440358574b978105163fa1e33e13d3c899592ecbc74d7b83ae0e6610bfe05407b3aaa1e6c5b4e9f	reproducible
webui.war	images/InforPartner16_.png	http-addressable-static	/webui/images/InforPartner16_.png	893	f91c768e6ce12b046bbcca89cfafd8821663a39e282782b6e0c9a98fe5b638003a320b1c66d893f3ece34cda279ea4919819518c4b8756efd2da3562258b1b92	reproducible
webui.war	images/Inform32.png	http-addressable-static	/webui/images/Inform32.png	2042	b66be874491f2e73829c72b4c53a1d20f67d6e7c192679dc2b1890d72a33fbc844d4ff30fa17673cb16dce456986a1d4243b7b719bd8c6514bca8789e4bc0fe9	reproducible
webui.war	images/Italic16.png	http-addressable-static	/webui/images/Italic16.png	738	8a1023e4c7dc968b33cfc1a9fdeb0f3d939f051b690508dd9e345d37ffdb49e8c02dbf255550d75830504fed0fe52121e1d2a2bc80076a25f055d7661c5b7d6d	reproducible
webui.war	images/Java_logo.png	http-addressable-static	/webui/images/Java_logo.png	9429	ea48911e13d6b1be17a4147a740070428128a72616e977d9962566b1afb61b45f292708163c811725500e61662d9f26a344d4b426f0c071625bb0760995c9448	reproducible
webui.war	images/Last16.png	http-addressable-static	/webui/images/Last16.png	3028	dd623ef6b33c7329aba7023b1e128bd5b72ac2a47b522939cb28c5f08211888b57e3a2be6a5af46625857b46f8c189b15f254f8af3d217c2c1037921cf336ee6	reproducible
webui.war	images/Last24D.png	http-addressable-static	/webui/images/Last24D.png	1070	fd660eb04ed61bf60d4282fe4c6f76154425dc630eda3b3dc027eaaf60ca1dc9fe582acfa4a8db1c0399557d6f56012d29dc4d3c0d4adb85d0bf9fe22167885e	reproducible
webui.war	images/Location10.png	http-addressable-static	/webui/images/Location10.png	677	b767e7363591baf452354463d022cd7ffa0cab34caaf7342cf74b46b584f66c70233dae9fcd9e332ee52653d34af641db5bda57cb247a9fab77bbff0448d2c60	reproducible
webui.war	images/Location16.png	http-addressable-static	/webui/images/Location16.png	930	0fe46eacc79c7870dfb51801e799802c15b359c75fffa9310fc81aec3d3e062e8e7a99f39e8582732de16f0727fb4229c82da3a2a25d8478515e89a1fe6fecd1	reproducible
webui.war	images/Location24.png	http-addressable-static	/webui/images/Location24.png	1308	219e69854300a82f8d2c131664fa6afb39a5185ae446a32ecde32951bcb0d2840d1de4d2858704f45b90109022167ce39923fcabe5f83b87accd381d520024c8	reproducible
webui.war	images/Locator10.png	http-addressable-static	/webui/images/Locator10.png	522	c1bb5d8b63acea5ea97d8fb4db3c27888d30d3be64bfcfc9e7e58242405b2f699a4249faa6f6cc7528ab8c5bcce64c2be9352848e351f5e0025c2fcc002a97dd	reproducible
webui.war	images/Lock16.png	http-addressable-static	/webui/images/Lock16.png	868	ef03c9ec1e0eb396db568aa7fa1864dcc3e3267eabb9c26348adcde43c4f38f100e90539a72e364b237074186fff473a45fefba4e5a77a0f5bb2102d648f8ab0	reproducible
webui.war	images/LockX16.png	http-addressable-static	/webui/images/LockX16.png	934	bb8699862e9407bec583840f7479644cd257812743a0af027615d9d04170c5c6440a0b3c6bdf80b32481bc090c358075b1c1d0f2a0cc154d24579c3aa78e01af	reproducible
webui.war	images/Logout16.png	http-addressable-static	/webui/images/Logout16.png	507	d9a49a836e43251516943c50b92c5fc3116fbe3539266536678f814b41f58079407aebd1c4d1657a49aaa91b251c6a304dd565ecb7b73d4ee0a349b5c4174a0d	reproducible
webui.war	images/Logout24.png	http-addressable-static	/webui/images/Logout24.png	829	325836f00053bb888fd02a2baa2e8b04d6905c269972af99c035a7cfff09313a86781fb02e197a5c066d244426868481f6a5e6cb72ec9f332ce0bc52f2d103e7	reproducible
webui.war	images/Minus16.png	http-addressable-static	/webui/images/Minus16.png	367	69bd6ac0a1f4ed40e475a7dd1a093f0cea51d070250c253ce58105f0447c95cad3d37ae74361388b6c3f61554fb8f22f5b53b8c71f4419473813fa18d3e41389	reproducible
webui.war	images/Minus24.png	http-addressable-static	/webui/images/Minus24.png	371	ab6b964bd83c8859d790b670333df181bcdf7d8f5d13607597e9d7ce944bdcd3554c9bb41d1fc7477443b3dda6073d7475868125567ddce68e8313786e97acff	reproducible
webui.war	images/Multi16.png	http-addressable-static	/webui/images/Multi16.png	2935	78a3de187719530a5b3cb60d3715f77915aba325bdd93fb830dd2eee4da2f3c4ce951180222cad8cd830bf5e262644cad6a9ac2042d0469fa4080d1f083a09f9	reproducible
webui.war	images/MultiX16.png	http-addressable-static	/webui/images/MultiX16.png	777	ad98ae3a4ac9edfc9847aed5288918a5945e6b39d4622649178748e0c7861056edb09669d0fc3900dae523ca55361de27284aa3c0533f37ced8f92fe3716805c	reproducible
webui.war	images/MultiX24.png	http-addressable-static	/webui/images/MultiX24.png	963	890cecee93d4825a72e20589ba195e238aa53f60f7faaf474e0ff4ceccc584c45e7daa3cdc1e0e0c4771a6513c996c5bdf092bfd8d34e4f3b963235375d61a10	reproducible
webui.war	images/New16.png	http-addressable-static	/webui/images/New16.png	758	9add2a37eb7c28c1690ddba997604756723414f3c93378cc1647085eb4896d534b48d22733ae0aae379df27d3fda58140f169ca3fd92f4b0b2dc67d2a5ebbf4c	reproducible
webui.war	images/New24.png	http-addressable-static	/webui/images/New24.png	260	7abba203d6a47a81ba267d5b0612b38336977f77b5ef68f09f66bb948895a51c84265c07c0996bce2af0cb6dd6094108b44be41b6b83c8215ae1118addfd74e5	reproducible
webui.war	images/Next16.png	http-addressable-static	/webui/images/Next16.png	405	4ab80dc0c9112aae9ec6157fd7fd8f0634324b0cfab8f30ca61be5f4a13862135c768af959f7f665a2828f3f1d05004bb22cfe9e9b37dbaec3a2f0c36e6bb9d8	reproducible
webui.war	images/Next24.png	http-addressable-static	/webui/images/Next24.png	484	798f246ef0aec1672e39fb62ffb1e302dd1eebb532b43f817847eab755198d26c32700e0881d762841ff5d6ba99756289d211f2f6bf19aada76efb8a42341a72	reproducible
webui.war	images/Next24D.png	http-addressable-static	/webui/images/Next24D.png	1025	ecd9ae809a9473f435f6c54bef610b6489488f107f7f19e353b89324da6db2326b4d97e3987ec9419919d4ac0553feb0beba60947060aa78ed1aac27b788ba3e	reproducible
webui.war	images/Normal16.png	http-addressable-static	/webui/images/Normal16.png	679	85941d62fbd21f9739640fd650d0fc4463edbc448694cc5f02ebadc548d441462513937b8ed79537940c792e69d84440f5962a21d6cde95d8039e5df6e71c5eb	reproducible
webui.war	images/Ok16.png	http-addressable-static	/webui/images/Ok16.png	765	75a789e755cb69070c638771218003098ef301f50b11575bd0d6338e79019051ed653cd15476e21c2220e328e3158f171648fac7e03e7a2635ab0559d3f07429	reproducible
webui.war	images/Ok24.png	http-addressable-static	/webui/images/Ok24.png	1002	ab732956296b5e32e827f753a884c6202bbf0053e6c1f9b4eff8b276869bd2639425311efbf87a0b8d881be9c898bea0ee2eb26c173a64adf3fe40ee0e26e357	reproducible
webui.war	images/Online10.png	http-addressable-static	/webui/images/Online10.png	659	bbbd88e0d06c3e5e79545210db140a57a66c1b3558768eace72d39361a62e698437968759c5a9d3ac95bb87d5ffbc6b30d0efc91fcd4783c38ca70a43d755662	reproducible
webui.war	images/Online16.png	http-addressable-static	/webui/images/Online16.png	543	ba5f52ee480d1f4f58fcb26f09622601e3d0b0d6221ac93f225821d5c2ca17e430cf3ed5838b2ef3f7d8647fb9e45252d89b27fc78901e888601efc910258824	reproducible
webui.war	images/Online24.png	http-addressable-static	/webui/images/Online24.png	1371	fbd86848068eb82fc335bc2a1d93c478dfc62210ba5ed5387d69da8a304b5c8b080000580b50cf5ad8af445d2d9265ca79aaee7ec16aeef40eb871986a20e181	reproducible
webui.war	images/Open16.png	http-addressable-static	/webui/images/Open16.png	343	a9ac23b9596cf4abb1cffdbd9b8c824ea8478c350eb1c5c510db99667b6b336dd31320acc3d8dd843b2957a45e3412b63b5b649d2702da4cfcf9dd670e9e4e34	reproducible
webui.war	images/Open24.png	http-addressable-static	/webui/images/Open24.png	371	cb13fcb4a14a11fdb5bf73bb95e36302340a3cb69591064fb6b8308263109753565c3db7692e75fcbc68aa82c9c73ca64b520f488de6dda08c5e9eb36d7755db	reproducible
webui.war	images/PAttribute10.png	http-addressable-static	/webui/images/PAttribute10.png	679	815b90314ca3c71fdd78c8a5aa5fbc6462cfa3f69b3a40fd13755004b4f67fa4b3b19688e70ae6ba3548c9047ed2d4d9d665dcc7708f7f602a2759a3c066d12d	reproducible
webui.war	images/PAttribute16.png	http-addressable-static	/webui/images/PAttribute16.png	822	a29aa413dda64298f44d4abe285016a4d371f304c173ece6f61ed77640b8183f29f1b1708ca7ca795de923125b9815d83a498d82c2bdc334c13ef5653de566fb	reproducible
webui.war	images/PAttribute24.png	http-addressable-static	/webui/images/PAttribute24.png	1168	e6faad812cee0c4fe99fd1e57bc8f9ab2c72b8783fd9726da0925554bb87dbfd0db6d5e5800e47df6898e2272ede2664c92feefc53f310e269f21a1ae1d79fc5	reproducible
webui.war	images/PageSetup16.png	http-addressable-static	/webui/images/PageSetup16.png	911	ff4f498c074be77122bcd65a8501df884136cff66189782da04ffbff75b094fefe9d1ca698039aea27f6b6ca8cf430be87a27aa41616778dec04f42c092ae98d	reproducible
webui.war	images/PageSetup24.png	http-addressable-static	/webui/images/PageSetup24.png	1377	4bf3ce0ad9008a76d39a223a32b057473bbe42208741fb89095be6dbebc963230ec61af24d5bd04a88383babbb0cafaf03fda9adc19cbf266d31eb5c212ad177	reproducible
webui.war	images/Parent16.png	http-addressable-static	/webui/images/Parent16.png	751	72ccbff3d9d026a154cfb92bc742b27754449587e9901947c0df4683d9422ba172ef4f3a5150b64db97a74c274842dfa311710ff73173f50003d93a3fe3ea4e9	reproducible
webui.war	images/Parent24.png	http-addressable-static	/webui/images/Parent24.png	966	1726bc2e365c57579ee138c967b461a8b2957a2fcb3e29f80bda3b2cf1195b08591b03d76be35acb7bcf3c12486127620a5023c6a8f5ac97de328a441defc158	reproducible
webui.war	images/Payment16.png	http-addressable-static	/webui/images/Payment16.png	467	1e874bd0c7d493d448f41986fd10a268568fe30a5e72954a206dc7bed3364b217b6b4b600e7edd8d3d71ab4f72d8eabda1fff5ef4cf1b50a092ad89c04b5d65a	reproducible
webui.war	images/Payment24.png	http-addressable-static	/webui/images/Payment24.png	663	441ac3b7c20c1990a09a26bd444c13f93dbe76f861f3058ff88a4fd07dfae9b5180e69670cfb43db1d42fd35e327854b63923b35e6acbb42f2607db08a231974	reproducible
webui.war	images/PickOpen10.png	http-addressable-static	/webui/images/PickOpen10.png	268	e37de3d22dfed3b8f7b475699db4902eef4fa44bbd0cde0e0a19e6611b198ba6c93634980048cc483ce9378f29e522e73e5797489bba5382a1bbc25e92a0f83d	reproducible
webui.war	images/Plus16.png	http-addressable-static	/webui/images/Plus16.png	445	897a5773d35a1b837c8e6a4dafe8910b780b26557838ba69b420be169201ce6069d79e6c3724ae35af187dbd09f99061ff2bbed81a70241c0179e158972a7249	reproducible
webui.war	images/Plus24.png	http-addressable-static	/webui/images/Plus24.png	517	643d52a884308247576c12a38a85610a985b5eadc9a9443182b54fa17bce1396f058b00a958bed99d0a5312747b8bdf5d1d218e70a9905aa5085117b7e0fef04	reproducible
webui.war	images/Posterita.jpg	http-addressable-static	/webui/images/Posterita.jpg	3892	9879900280b1f478c4eabd9cafa9366f20803bc3408b77992a72e90c35bde2b1e320cb491a2fa657ca1c21a059a72247bb00e6a02e47a382d28b9ec4b6a0f39b	reproducible
webui.war	images/PosteritaAjaxUILogo.jpg	http-addressable-static	/webui/images/PosteritaAjaxUILogo.jpg	2818	98363516b2cf23244795a33e4e2a172e5eae7ca292d34761a173231da92e9266e13813ea3a5285842f2590427c4104c79ed1531c8d37ae8d3124e5e2783c03d8	reproducible
webui.war	images/Preference16.png	http-addressable-static	/webui/images/Preference16.png	614	f7cc4a488479eaabd5206bab4f8609cad322337481888575897e18e2c64744725f6f44e256bbda38fc02a751d538574c7b660252b922fc96ec2a003ddd8955c3	reproducible
webui.war	images/Preference24.png	http-addressable-static	/webui/images/Preference24.png	1135	533d65fed0089f93a0fa44c5f8e4927fbba9edf4356d6db348bb5688b47630a2c8ab3b75ec59cafb896228ef83648c1f223ca7862ae7c1c9d5820d2d881736f3	reproducible
webui.war	images/Previous16.png	http-addressable-static	/webui/images/Previous16.png	413	085bde10288f0f263b79b4a7d3043302696c2453d23d0cca21382ce52831232c0aa8d3678bba065fe0c8f2aca5a73e7817c006ddc3abc030f345125dc69d7aa4	reproducible
webui.war	images/Previous24.png	http-addressable-static	/webui/images/Previous24.png	543	1366cd49f0c8080d9409586c4dab32746c7d43420ab03416e7172b6d340c0c7fa321bcbdcc0bfa3aa45e2da51488595f8526e4ce359ab6ee68b355a6ed27c72f	reproducible
webui.war	images/Print16.png	http-addressable-static	/webui/images/Print16.png	1027	7c1aac5d85e9fb3e8d82c37c50d42b603b61db8048c6cde3f5e563d7b3dabe7d1defeb9e395cb8007ace8123f3bd56e37585610227f82b62752e42685709178f	reproducible
webui.war	images/PrintScreen16.png	http-addressable-static	/webui/images/PrintScreen16.png	835	8de47cefbebf41197a862e6652c1d0d333f6fb7df4773b63910d01eb352dd7ce8fc6de7e3a8d34284e492b84194a7ed4fbce5e747b2a170077baed39f29694e8	reproducible
webui.war	images/PrintScreen24.png	http-addressable-static	/webui/images/PrintScreen24.png	1086	ce3db82e2aa23f7981691647142efee6b7a5f95492e1daa4f0f401880ff63e6a5e9516672bade1daeae931854c81a44e95d3decf3f9794b2b8240e957feab058	reproducible
webui.war	images/Process16.png	http-addressable-static	/webui/images/Process16.png	3131	8c11f940de317f4ee6c2b6e06a977f96090d774e3728428d7dfea612e3e0be7c340f457a0d1382f388ec49246e2b63c3e300133c90d371bb078912734a98db23	reproducible
webui.war	images/Process24.png	http-addressable-static	/webui/images/Process24.png	646	eba274399056aca9b14ce4559c0261823fdcf37f8f5bad29e7228d8193f6febcdd4256235474dfd50a9d11198be029e92a6da69fdade6bd31b1144f029c7ee3b	reproducible
webui.war	images/Product10.png	http-addressable-static	/webui/images/Product10.png	660	a1ca0800d7881ae17a5240dccfb638c04aabf6f0b0743500c8a85c7cb436b253749afb42174e0a4390274dd6f9d7e0ce40bc0fd2a04af81725506e0eca34958c	reproducible
webui.war	images/Product16.png	http-addressable-static	/webui/images/Product16.png	3161	2d64bfafd02c59c495502b0356001c67a3ca1d7beecc3e360e66bdd9255dfbf4b5a53eab0f8321aa5e43cea9ebfe5a2dd5acd5e7ddeef2864cf2b1e0657ae658	reproducible
webui.war	images/Question32.png	http-addressable-static	/webui/images/Question32.png	1623	184a0a399f1e1646b99364ac34ce1a943cb5ea7e8488c251157ef6291ed81b9d0fb631a8378377d7c28319a78ed5315cb11a8ebca0b9381d611e5af123306c05	reproducible
webui.war	images/Redo16.png	http-addressable-static	/webui/images/Redo16.png	709	b4b8414e36a89c5a6b906f1bb9e65889716113077d17aca25658d4d44e0d570cb7ef8e4de5eda1675a7c8c2282c27500ea3b8a7dd1222518e2a0d0a2483e15e6	reproducible
webui.war	images/Redo24.png	http-addressable-static	/webui/images/Redo24.png	932	cd11be5df3d44710071a9b9ba59ae9105133582bea78db765c95014ac855ef82320b11b0a2f5c44d1dc49c2ae8952d08677e7dc50676f6d539ae550879f4f0f5	reproducible
webui.war	images/Refresh16.png	http-addressable-static	/webui/images/Refresh16.png	894	7d43d91810673894692758c2b5dc74503593ee64a4647e31719636254ab5375e87325f2785c05b4f4b11120bc0aaead3ba33b59fe9eaea312ce3aed2c3a3dd20	reproducible
webui.war	images/Refresh24.png	http-addressable-static	/webui/images/Refresh24.png	497	e6b3240cbe68828cc91c3ae04f3a4929b943e3a8482b49dd70b0b9c26d32112c4fcb411160e4d715eaa875e78dde2ac1d6cb5e60461c823376a5702042153ced	reproducible
webui.war	images/Register16.png	http-addressable-static	/webui/images/Register16.png	640	ea1d58858b55b2cdcfc8a54cf332cf9ca805637cde1f183869e0940662b594d4f38ef5797927cdbf798b8acf6821e76287eefe3436ddfab047505fb55fe51f53	reproducible
webui.war	images/Register24.png	http-addressable-static	/webui/images/Register24.png	970	9efffc55b2496575ade156ff43f68761033083ba01dee9a2d341bc9f13fc6ce719bd630de470ece1dca935294a75a94f295def9bc63d2bffbbcb07158078aea7	reproducible
webui.war	images/Report16.png	http-addressable-static	/webui/images/Report16.png	3074	584ed67a5961f5a86b6e9af17701f32585d4ea38ac17ce1f9ed32c5a9b80c2a7789acd70aa57d814681db3bc14180fbd23bbe2b80987dfeb643ef8a801335ec1	reproducible
webui.war	images/Request16.png	http-addressable-static	/webui/images/Request16.png	690	aaf10c85f49fbdd746e24eecac6daecef4a14f88b1b5e53f77408d4d674e73637a0b1ed32e927cd8ad65a6210701cd977c279c8418646c519bbcf1b637903fab	reproducible
webui.war	images/Request24.png	http-addressable-static	/webui/images/Request24.png	625	ff91c6b8b9dc4fc5260f9f47c856a4225cf4a0d24655511219274db594e90baf94f1193c2c0dab1c3d5f71397d155c9a70ab5b6da6ca7264425c6920381486cc	reproducible
webui.war	images/Reset16.png	http-addressable-static	/webui/images/Reset16.png	351	20cdd65e4961880ea63880564efeda997073e076790c44d8548c1c60cce84d10384bb2b3b55b06ce8051b3afd19234326d9fa7f9894174c0a7005f07580d5f93	reproducible
webui.war	images/Reset24.png	http-addressable-static	/webui/images/Reset24.png	949	fc3a15498afdd247927cb53e26dd37ed51aad1c895134211ce6a425acdfdcd8a26a22f05261365d5db2829926a054aee5b65d218c93593437a0e80e249c1f80e	reproducible
webui.war	images/Route10.png	http-addressable-static	/webui/images/Route10.png	680	42366626d59c84407649eedd68df0ad65b62627cd946439133a7681cd5aa4fbc02706afd3d2e9833007b9dc7a0912422a644ea0f63603f4655b308840279b28e	reproducible
webui.war	images/Route16.png	http-addressable-static	/webui/images/Route16.png	590	bb7a3bda064a0812ccb1aaab06415e3ad698a8f69b855846e07ac521a380c70d6dec545ba35ed4d61107a640ba7b0d4d2833a64548f1eb78e0efacef83d28959	reproducible
webui.war	images/Route24.png	http-addressable-static	/webui/images/Route24.png	942	07db923272488c7697970ff3d9cb43a882f11c6dbe14dd58909c7e63eca28c1ac820edbdb63e4d255f453fa7c2d6998ac29c5ee67035c7a324b71e0fb59dcdc7	reproducible
webui.war	images/Save16.png	http-addressable-static	/webui/images/Save16.png	1051	c050bfc5a872987758a035f559d6b858b59a602dd8b1a1da47191600482fe63abbdc50cb4348a59c5b2504958bee4cf15e2a0941e0ad53051ecf5c92f8d68880	reproducible
webui.war	images/Save24.png	http-addressable-static	/webui/images/Save24.png	326	cf0d8ca35aefe0baf411099c85503f5e9790247fe2fbcf874b16b7fb3ac8772052c895ca8b7e35524a62d7239baac7037109fa3cbc74944c4d54f5f0d7b4e367	reproducible
webui.war	images/ScreenShot16.png	http-addressable-static	/webui/images/ScreenShot16.png	908	a1cdd300387b7c72c6eea75ac1db130d1a7dd64e7df206bd7b46d91df641ab705919cfd60a14be91e306a48e763316b7f43f492b84b6cf6c18c29a3dd6c3a6bd	reproducible
webui.war	images/ScreenShot24.png	http-addressable-static	/webui/images/ScreenShot24.png	1379	13352dc1739dc3de6a79788fd612ce630276e069e491a0f730ed623916000a4ecb00a7821abe2cb871f50b4f13a6e9b0b5d3777e0e92ec5355d04362c18c20dd	reproducible
webui.war	images/Script16.png	http-addressable-static	/webui/images/Script16.png	635	93b68535239cbb1c4460462fde118322365453af9295eb4432f8dfb7d053a1713c095d3064cab4d44a7eddd75ace26d11684e35614e24bf05f5ee70672047e0b	reproducible
webui.war	images/Script24.png	http-addressable-static	/webui/images/Script24.png	1004	1cf45f01c226a1e9c282b48e2750a9625b39dfdd2d39b87da38cd73a342b351c730f6dbddaa40fb804e2cd579dc207de04ffb0843d8c48ec170d788b3cc83ca0	reproducible
webui.war	images/SelectAll16.png	http-addressable-static	/webui/images/SelectAll16.png	685	2cf7b2d06ce59bff4935333ef352520d2aca6552396c0a27df56ddc5d3909c090d0ecf64a78dfe8639d7bb1b4d5600d73e842fc8311d0d8ed6070204b2b89f24	reproducible
webui.war	images/SelectAll24.png	http-addressable-static	/webui/images/SelectAll24.png	430	c7ab9f7f15e851d5e12a971c45463b7a256fe051408fa3738ddabdb03583998b716d63150249e26cc7fc8871f289fb33913106d84dcb572efc02c012cd3bb9a5	reproducible
webui.war	images/SendMail16.png	http-addressable-static	/webui/images/SendMail16.png	771	f99ff26c417d9976b418802b4c83eb01cbfef470b5198d4e4d028ce310ee914b594e33b0ed555496d52031c28ad4728a7d7af10aec7be165f2cec3830ed2ca18	reproducible
webui.war	images/Server16.png	http-addressable-static	/webui/images/Server16.png	769	1e12aa1e0cb8cc063fb7c18d183a447d5c10addb295d5d0da56f198ca06f87108c497e850db593631ff3e6d06bed58e77bd26733ce5019f683b2e572517a86fb	reproducible
webui.war	images/Server24.png	http-addressable-static	/webui/images/Server24.png	1011	70aa746dc89fde2cb90153c8cf41761089d6d14ebceeca0213598dc685e33fd3a98b305f6c7412965953925e59e0e7a06ae9d4b6e7718d57e84eb42c5ef6bfa3	reproducible
webui.war	images/Setup16.png	http-addressable-static	/webui/images/Setup16.png	1091	5e1205747ed461e9777640890c5218ae9d81bc210e9607450b806fcc10af19dbf1e1b4296ec4b6267bf2f07d733f8c982718107287f569c4582b760e0b99f5af	reproducible
webui.war	images/Setup24.png	http-addressable-static	/webui/images/Setup24.png	1581	06d7b5ce3dbbbe2cd8f8f861cc3446777d0ea1164e56080805633b65627617b40a25dd12a7a8a10af773f399af17122c232af1a20cee628cee8118a19596acfd	reproducible
webui.war	images/StepBack16.png	http-addressable-static	/webui/images/StepBack16.png	625	8e512af94b06f5aee4da2f55e60fd94e676503327bc6e282c3ed6ddd311511b97bb552fb31a4c659cf3500b5f58231045316dd6a476f8eff84db91c396870d56	reproducible
webui.war	images/StepBack24.png	http-addressable-static	/webui/images/StepBack24.png	813	628d23902d7075b30679d3393d0cea92357a8f094e42a0f3c57a155b0cfa011995d9758a91934d81bd82394a7dcc920f430d3a626b7d590bcb59a13e0940cc80	reproducible
webui.war	images/StepForward16.png	http-addressable-static	/webui/images/StepForward16.png	245	f832b0c920d58b5285461aabcc341c05265a173a23658c7570a6845d0ff9b90ca5fc34d2304f65dee79095b87e75971f856e46168b71ff5aead71fa0d352ae9d	reproducible
webui.war	images/StepForward24.png	http-addressable-static	/webui/images/StepForward24.png	757	9f6bffe4e23af6fbcf977692bab2eb47563246da48c800076b9ae795ee72ec88bed90ff1d6567d3890e4b8b3473613961f4e225ae8100f6d9638dffe31f7c6d1	reproducible
webui.war	images/Summary16.png	http-addressable-static	/webui/images/Summary16.png	698	6bae5d804fc47479c4f721dd48bce50500b49ff929c78c250c9b2ffde294488536eec02ee31cd19acf3a8d40e71da66db515c95e6bf085a1e5ce33b562010864	reproducible
webui.war	images/Summary24.png	http-addressable-static	/webui/images/Summary24.png	910	500f05022230132df3019260c58982a7f85ec6e73a5fa1a7982eeaa717af99e4f953ac617d1c1ea1b2de5e005246ccf65e1cde10d96e4a1faf8be7bc90c8f491	reproducible
webui.war	images/Translate16.png	http-addressable-static	/webui/images/Translate16.png	735	acbc9cccd70fdf9b94b66d8f067558f2f399426823e2457044a286cfa64bab63599f7e54eae2ffd556cc1198c73df6bbdb431e0ce998ca15d77d00d08f377dd9	reproducible
webui.war	images/Translate24.png	http-addressable-static	/webui/images/Translate24.png	1377	f7b651329e0ae80971d9d4acfd1360f708a252327ccfbf77e8df51ef31e87f46105b08311205f8a49a26b7115fc9df9aafc0108793cff17f2d41d5717cfddbab	reproducible
webui.war	images/Underline16.png	http-addressable-static	/webui/images/Underline16.png	792	e2306739b82892866f336924021f312f52574a4e0993cdb619d06baf2d5001010d31229cb1ae27ce45c0834f17b90d671f54605d4941fc0dd065459e0eeee0cd	reproducible
webui.war	images/Undo16.png	http-addressable-static	/webui/images/Undo16.png	769	1ab4f0a12071eeab81017e9211e9a146d598b6a5f03812b85ec0fbb43faed273dd3683bf2f17a653187802a726bf63b523876aa651a704be1e45082e1341cec2	reproducible
webui.war	images/Warn32.png	http-addressable-static	/webui/images/Warn32.png	1497	3c01709bc4ebdeda5fbb06a511de3fda57725cec4dd2101ae166f7768cebf126568a27b1c2eeec69346bbdddbf03d2b4c6471e6832f592f60a82b7531b2920d8	reproducible
webui.war	images/WinSize16.png	http-addressable-static	/webui/images/WinSize16.png	890	01ac0de73bb7fb23842a5769faa89100217eedcbd50adfd9facb59bee239576580f4c60ccdde9e61173fd1ff5b884248963b92b4e17e254fef612d2ffaa47216	reproducible
webui.war	images/WinSize24.png	http-addressable-static	/webui/images/WinSize24.png	1024	4dc0c718ee5b86dfb0e7f1735908d801b6a09cd6f2ce7545f554c438ee6dde5a6fe20015376d595c940cde363a2a28b5f7e7f445aecbd618a028949356c3ddf6	reproducible
webui.war	images/WorkFlow16.png	http-addressable-static	/webui/images/WorkFlow16.png	498	ac7a8811bc3e5ebd5bfdebc9b8f02f2a7adb3e8e9e1433109e533ce2fd070cb71e9b0307fcd9fda3bcc759e6f82f3a814818608383d43093bb82bea956572112	reproducible
webui.war	images/WorkFlow_16.png	http-addressable-static	/webui/images/WorkFlow_16.png	498	f48809b1f505184f49a90f6ce9c52993bddb158e2a709751f64a5dccfd933ba1947a0cd55ff166232384e4177fbdecf603d333cc555e01a116c4d6aa1908ecd6	reproducible
webui.war	images/WorkFlow_24.png	http-addressable-static	/webui/images/WorkFlow_24.png	930	14fcc63e171c8b7946d15cb37905b992be86e604dc3d8fff8d20be387058a227551bf4658fbd4eeb3f515ad925ed3ce1b228b9158852d7717854c404af12b19b	reproducible
webui.war	images/Zoom16.png	http-addressable-static	/webui/images/Zoom16.png	921	d92e1911ff802f101ba00f94d219070b698c7bcdec0b87bd4c68403224baea363992f92f491d47b345c849d7d92bcd9c2728b59a86da9e01f21db03852229df4	reproducible
webui.war	images/Zoom24.png	http-addressable-static	/webui/images/Zoom24.png	849	1955c763eb22546dfdc716d892a5e3ad7165619acd61d3421bb48911589a3ee82ccf68733f7cbbfada1b831633c2fc0da333c67285f4d327f7c4459ff419dd1e	reproducible
webui.war	images/dark/Archive16.png	http-addressable-static	/webui/images/dark/Archive16.png	980	5e83eee22c0bac970b90e5aaf4e05ce515f8ca21294b93cfeac50e8051a953ca66c653662157136116b4dab6bbac7df1816f52cce004aabf3b17b0c0905d9a16	reproducible
webui.war	images/dark/Archive24.png	http-addressable-static	/webui/images/dark/Archive24.png	388	1275c9beb82b171d7ebb9bf24cf9a30483dcfa167f491bb761218570b2861b69f18815e15cd77b055f275a772b2eb7403f733f811cda925c8264c32803ff4551	reproducible
webui.war	images/dark/Attachment16.png	http-addressable-static	/webui/images/dark/Attachment16.png	1111	4563d974fb4436f497923f041e97f55602df3056538aff1a5c83c529d640cbca9c5a188807ab1c1624c6a8a1810926be0519efc049843ee45ff2551a4b9bef33	reproducible
webui.war	images/dark/Attachment24.png	http-addressable-static	/webui/images/dark/Attachment24.png	742	2b6d4ec0e06bae62d31f39d4bd6b01f6b52e0c7674c46ed248cd37ee00c95cd9a531b0a91fd14ecc8707dea72689d04666bed0d6785c054521e60eb5f47f819e	reproducible
webui.war	images/dark/Cancel10.png	http-addressable-static	/webui/images/dark/Cancel10.png	612	763359a707139f0dbf4f74782ad49891f01eea12fc61c21d1c7dbdcc9587c1233566b9e765a2a9144664eb685cc93f68eb7532ea8fefb7b55db7dbb22c708412	reproducible
webui.war	images/dark/ChangeLog16.png	http-addressable-static	/webui/images/dark/ChangeLog16.png	1003	f6e4fadd86f58216e7f4b730e286d6e0cb81cd3169723b09c5aace0a0cd01b028b6ececdf4fc3a3c8062792a4a72da2037b70645ab911621bfd3e0d10d87a6d1	reproducible
webui.war	images/dark/ChangeLog24.png	http-addressable-static	/webui/images/dark/ChangeLog24.png	1206	4ba2c8cf71e65932ad83f7c342d6ba353441941bf86595d11d03792da3d359c2829709a515dc305da8384fb19290c4ae494d388fba1be254f88ff6fff6e6a94f	reproducible
webui.war	images/dark/Chat24.png	http-addressable-static	/webui/images/dark/Chat24.png	605	7fc3cb915c54d83f01afd05cfca6f5aa04f252f00484041fb98e74309b61c1d5e8aa6fec0ddabd943c0d19ab98269117140ae90f7b96137d2ed44b01a35d1fda	reproducible
webui.war	images/dark/Copy24.png	http-addressable-static	/webui/images/dark/Copy24.png	349	d88399ccd7a489b04e3c4248ec7ea3893c87528be9c4abb5878a5f40c5f66ce23df0c3c8ef70889c272d3e6fa5971a02242b4e82fb55092ef5dd73be0bb02edc	reproducible
webui.war	images/dark/Delete16.png	http-addressable-static	/webui/images/dark/Delete16.png	945	8d2b7860ce902849eba5415721188713f743f82c50bfbd57726f68606641c9ab3d37a58ad5964bab335140c19567614aaefa65377234645005c077672573e21d	reproducible
webui.war	images/dark/Delete24.png	http-addressable-static	/webui/images/dark/Delete24.png	439	6bb4d42ac60673c085cdb2cbd4f4390070f3c02e6b6b18e897830c5ce70d1a066b126055886ecb84eb64039248530997d57d272000815d0fc3b07ee2b034a43b	reproducible
webui.war	images/dark/DeleteSelection24.png	http-addressable-static	/webui/images/dark/DeleteSelection24.png	467	a9b2a057a4aaa3cdab3b9dbce22c1ec10e11384ff616d48d59f655aa051e93508e4b6026f4802bc3282ff40c62901fa60910b65e59a591f9c69242986ac535b7	reproducible
webui.war	images/dark/Detail24.png	http-addressable-static	/webui/images/dark/Detail24.png	956	b49e2fb0ac9d6f0770a850764c4ff285af30f02107d4bf68a4265f6c1b8f0ae1fb6700e4e7f80dfa5fff5b7db789ca16138d2a4d28dbec5462b79a2304cac07d	reproducible
webui.war	images/dark/Edit16.png	http-addressable-static	/webui/images/dark/Edit16.png	807	e204106151b28c48868886ebad9c25adb439b88b97ed27462d95a504e59789ca1bab0159b5705d40225e320c1fb0c8e77d984c7d7940e417bdd56d8cc38b7bb4	reproducible
webui.war	images/dark/Edit24.png	http-addressable-static	/webui/images/dark/Edit24.png	1052	19f958cc3481324b629d70003dd536babda55b1c72de9794a80bd8148b67493cf9f91ed9d077f3b7ab44655261017cb1fd0b23c3ff642d80a98c93f07130e36f	reproducible
webui.war	images/dark/Editor16.png	http-addressable-static	/webui/images/dark/Editor16.png	807	e204106151b28c48868886ebad9c25adb439b88b97ed27462d95a504e59789ca1bab0159b5705d40225e320c1fb0c8e77d984c7d7940e417bdd56d8cc38b7bb4	reproducible
webui.war	images/dark/Editor24.png	http-addressable-static	/webui/images/dark/Editor24.png	1052	19f958cc3481324b629d70003dd536babda55b1c72de9794a80bd8148b67493cf9f91ed9d077f3b7ab44655261017cb1fd0b23c3ff642d80a98c93f07130e36f	reproducible
webui.war	images/dark/Export16X.png	http-addressable-static	/webui/images/dark/Export16X.png	859	a3b80beaa77503b213c156d4e88e8b2c578dabac5f9cff13de8c9bb1d47eb3e8efb4470a64568d68e185a99a4e371788bd89d5ae6585679a4e20f7cf5f38af57	reproducible
webui.war	images/dark/Export24X.png	http-addressable-static	/webui/images/dark/Export24X.png	1045	e3afe3946965bfc68fdaafd29c2a75602576d5731ec14f64dba2c29cd3eb65a382e99eebb5b5585332177c3b3ec49be76d0a9bc4a30cec7980feea87231a54f2	reproducible
webui.war	images/dark/ExportX16.png	http-addressable-static	/webui/images/dark/ExportX16.png	812	4e9463d0f920476c0ec1d1e859e16835d4699daebb1cc34b550e2ad34e88b6f46f84153113654b231b976fb89212a2d70590fab186efcf414bc467ac34fd43c2	reproducible
webui.war	images/dark/ExportX24.png	http-addressable-static	/webui/images/dark/ExportX24.png	1045	e3afe3946965bfc68fdaafd29c2a75602576d5731ec14f64dba2c29cd3eb65a382e99eebb5b5585332177c3b3ec49be76d0a9bc4a30cec7980feea87231a54f2	reproducible
webui.war	images/dark/FastBack16.png	http-addressable-static	/webui/images/dark/FastBack16.png	784	1422146f93fc631cef2f1f7993d32885f49ba75fce8c551f0db12c2d2e8eb2cf2cd9ae94a65dc702faf564f93d3fb09d094e89ee61fb0371b7940d2e2ab8f7a6	reproducible
webui.war	images/dark/FastBack24.png	http-addressable-static	/webui/images/dark/FastBack24.png	868	e181dc4e7f16826e2bb855d721c4105e798a9248fd6f923eb9b99f009a4bdde6ee5090fb2de76bcb16c1f4ad2a6ddc73308d51a39ff38acd7794016f04bfd835	reproducible
webui.war	images/dark/FastForward16.png	http-addressable-static	/webui/images/dark/FastForward16.png	790	8fc2072d0c82d6dee77eebd92bda7048e3378c19793388b3c75f1cb2315c584091302a8e5a135b426f50215e8653ebaa908d2c27e98cee733d1aeaa05cf57135	reproducible
webui.war	images/dark/FastForward24.png	http-addressable-static	/webui/images/dark/FastForward24.png	868	1c4d83fa835571fe1cf31fb312dc372df8e10cc7cccc2c02234d0c229de5232c43a1bb0fea6cad3352bc49437a9f54bcabc4da67b4cae8d24f607e637f949253	reproducible
webui.war	images/dark/Find16.png	http-addressable-static	/webui/images/dark/Find16.png	895	9de22d44f0f1c5fd61eb6510fac7acb901bf8c30d1700f464b52d5ba583ba00609554e21b9a5d39c205b45b80724919bd51ef9e04e017ddd4aae6f18fb42e0fe	reproducible
webui.war	images/dark/Find24.png	http-addressable-static	/webui/images/dark/Find24.png	502	e307fecbed8a258242021d18ad1ff805949e08096dd3e424c9daee9fc451d21f03c5aee32ef5df9d29d7f489f25e6551e14c298423f9629bbf3d1ff46dd9a3ff	reproducible
webui.war	images/dark/First24.png	http-addressable-static	/webui/images/dark/First24.png	987	0bf9e1373e6321c914cd1e919ea2b1a3a32cdaa798cbac27222cba61cf89f87cdcf0202f606e664d76f53143f99b2b99637e907c1b13e97cff78d203d3678701	reproducible
webui.war	images/dark/Folder16.png	http-addressable-static	/webui/images/dark/Folder16.png	912	bb49fd9a698b35a02adc1a28ad0d7d1f8dcc6a1d6f0d07c82ebb289c944d7cf3b0ea7417a1661a1918c912bf1adb6d86405ac95fefab1dd402cd6e2354b74893	reproducible
webui.war	images/dark/Folder24.png	http-addressable-static	/webui/images/dark/Folder24.png	1146	449beef517732545386ec11691b6db07f90460851fbcc2dccaaa5bdcbff3acdb64bc6b8d4058f85734a354c19ad5f068145422884e9b3f8ea5d05e967a1768b2	reproducible
webui.war	images/dark/FolderAdd16.png	http-addressable-static	/webui/images/dark/FolderAdd16.png	228	2ddeb2e2edfab4c6a5da05a24dffeb7b942c8a24fbd4af2426565a3c3b3f195fc220070a1355f19012f351d68ce5c39d2a2e1bc0c1548ca10103d8bd6c08ebbf	reproducible
webui.war	images/dark/FolderPlain16.png	http-addressable-static	/webui/images/dark/FolderPlain16.png	228	2ddeb2e2edfab4c6a5da05a24dffeb7b942c8a24fbd4af2426565a3c3b3f195fc220070a1355f19012f351d68ce5c39d2a2e1bc0c1548ca10103d8bd6c08ebbf	reproducible
webui.war	images/dark/Help24.png	http-addressable-static	/webui/images/dark/Help24.png	594	ad2cae4b98958b02d6a6d7afbf256f95424d7b9c6410a3d1b34a130a730cb2d56913eff735f19721df5486c813f32063d9c6879ccac73e85b29314c376553738	reproducible
webui.war	images/dark/HistoryX24.png	http-addressable-static	/webui/images/dark/HistoryX24.png	1233	bc2ce476dc77155d74c6cb476728bc87842880602181755318ee8e5ec3884e689a8debb5c535fd2ac5bff743685f60296925f03457c4aef3b88ea1a7440a70d8	reproducible
webui.war	images/dark/Ignore24.png	http-addressable-static	/webui/images/dark/Ignore24.png	1250	8d7ed905731f444385aa0fa0cf11214dd8c0affea6d7b2c3013dbf8c16db8daae7e45c4599021e90160d9cfcd9884bbda271ae440d00c823795a673232a4dedf	reproducible
webui.war	images/dark/Import16.png	http-addressable-static	/webui/images/dark/Import16.png	862	0f403240665ed5dea97c812f84d9744fde9ee52f9e8412defd5cc72fbb417d80b6358e61ac6e685ae7851d839dc1c482f1685123ffa4e96d14984b0e1e3b6ea3	reproducible
webui.war	images/dark/Import24.png	http-addressable-static	/webui/images/dark/Import24.png	1019	e8321b9317c613aaffc6707325fc868ea5dd445ebac49f2ab9a8cbb869eacbe8b2e19474c8538b7d68afff3501b3527c3bd5965755679687179e56c968d46263	reproducible
webui.war	images/dark/Info-btn.png	http-addressable-static	/webui/images/dark/Info-btn.png	3793	9ca6ca7c794b55265c12536377ba2416435551c7af730eb65c913eacc6ef14ba247042f4e9e8043e7bc717c293e9062f73da8c56cc51eb43948473c37694343f	reproducible
webui.war	images/dark/Info16.png	http-addressable-static	/webui/images/dark/Info16.png	840	a9115e8933884ae15771525fe9c39683515950cbd04081b98c84a54f68c962c7de0d55652705405fc2adaea67c36180acab96d8a9807af50b2cfe562dbd95d51	reproducible
webui.war	images/dark/Info24.png	http-addressable-static	/webui/images/dark/Info24.png	1104	373701dd573690ee643d813c3c18ccb44439fdbc0d42b36fd017469ec49e01b7e517ec009ade138dbd7d2ec18d52d8e5b3c004df3e9374e15a1bea92adb8bd54	reproducible
webui.war	images/dark/InfoAccount16.png	http-addressable-static	/webui/images/dark/InfoAccount16.png	365	7a8e6053c82c7857e547f07450c08feaabfff8c5a48dfef791496dd43f6ccb92dddb2ee1dd4bf7dde5785f5cf593923e67024215eaa362c122d7c27a5da6572f	reproducible
webui.war	images/dark/InfoAccount24.png	http-addressable-static	/webui/images/dark/InfoAccount24.png	1067	206f49be28d8322a32e25e761d8504a1c5e08a746ac5299b99e33967d5a1ac27623922bbe42cda2625fb283fdb73ac3be931c18a4839fe4e161c1e18ecc4c933	reproducible
webui.war	images/dark/InfoBPartner16.png	http-addressable-static	/webui/images/dark/InfoBPartner16.png	927	ca9ff086e7368b515cb0064a59f218e48d481f27c02ef45a0e98f30666239ef65ff7eb81635758f5bd2a3230f0fed851ad55361a91950782f4814245ed17f9b0	reproducible
webui.war	images/dark/InfoBPartner24.png	http-addressable-static	/webui/images/dark/InfoBPartner24.png	1241	bbed39bcbd7589bb80015c73218262d88fb560b208e6d13618a2f623fb1f96cda3bc1ed348704825a07bf985c6a9badee9c48034d1b208318a867e78040a8750	reproducible
webui.war	images/dark/InfoProduct16.png	http-addressable-static	/webui/images/dark/InfoProduct16.png	1064	6e8f864a7051d599046ea694a60eb9022fbec3cf1e207fe4100f82d4d8d5385e2de5554da5a8acac58c96080c00c8d06be375de28c256807f38ddfd0f13789d2	reproducible
webui.war	images/dark/InfoProduct24.png	http-addressable-static	/webui/images/dark/InfoProduct24.png	563	2ef5f9a65475b9016723bfd85ec8734061e88c48a4202673c08877099040069401ed45754af903b4179ce8df4b11a4707ab5ffd04de4eae829dea6a76b0b3af6	reproducible
webui.war	images/dark/InfoSchedule16.png	http-addressable-static	/webui/images/dark/InfoSchedule16.png	814	a4a5e862564f90b4de30cea0971cbb973c9786c243c97f4261db953c6e1735b3dd1f4011fa6ee84f55a03a4421973922d5aa79746e5c5a3aaf86d90fbd77ec35	reproducible
webui.war	images/dark/InfoSchedule24.png	http-addressable-static	/webui/images/dark/InfoSchedule24.png	1066	ae0bd34dc32bfdbe9b8534791819e5b08eaae2fae21c1337b2e511df53028e756e83c517ebb36eb5abe083a21b693725dcb91240a44e51daed2d24aaf0d0e737	reproducible
webui.war	images/dark/Java_logo.png	http-addressable-static	/webui/images/dark/Java_logo.png	9429	ea48911e13d6b1be17a4147a740070428128a72616e977d9962566b1afb61b45f292708163c811725500e61662d9f26a344d4b426f0c071625bb0760995c9448	reproducible
webui.war	images/dark/Last24.png	http-addressable-static	/webui/images/dark/Last24.png	973	0e39f9f7337ee058131a7775957ed24054c0ed2c4451c799a68e17e23a35094cbf861f0dcb05f71ee25c0a7afcb480a3e765b78c8ecde7876dc466f2a40f442a	reproducible
webui.war	images/dark/Location10.png	http-addressable-static	/webui/images/dark/Location10.png	659	760df56a4690b3cbe5ac210ad2830805cd682e2474f105670d6d6fc73f52b7c51896cde122a9f12e6087c6226cd974384e788e9913bf60ba373429c8f7984f67	reproducible
webui.war	images/dark/Location16.png	http-addressable-static	/webui/images/dark/Location16.png	1211	6887113b672e31a4e776c1dc4e48982a5f02f49371a428ca42eb299dd265cc1db14072df2c23ac83896acce59eb20256bdd97802b8c1d0d8f9f802c11ed811f1	reproducible
webui.war	images/dark/Location24.png	http-addressable-static	/webui/images/dark/Location24.png	1211	6887113b672e31a4e776c1dc4e48982a5f02f49371a428ca42eb299dd265cc1db14072df2c23ac83896acce59eb20256bdd97802b8c1d0d8f9f802c11ed811f1	reproducible
webui.war	images/dark/Lock24.png	http-addressable-static	/webui/images/dark/Lock24.png	512	d43c481494c4b70dc3f0b8a662ef1cc05754c738434fa91b4239b2e5f7d4ce56779044c3340e2dbadd2b68787dc74bdb363ae5ac485ce49a8c8d47553f4e007b	reproducible
webui.war	images/dark/LockX24.png	http-addressable-static	/webui/images/dark/LockX24.png	1017	51fa944a4d226ef57340de622ede4030ef612e84a046719696d12b93be570f66a8fa8a75775ef5bb25e99f9c92f07500e5d1cb7f49699c989674459b75507e13	reproducible
webui.war	images/dark/Multi24.png	http-addressable-static	/webui/images/dark/Multi24.png	801	1c90b5e1c0b5a7253577705bb428afce37b021d338bc3d7976049b06a964488164763b1f235952b446dc6a69bcf681d5694afa603b4a4d73473c7420401ce0d4	reproducible
webui.war	images/dark/New16.png	http-addressable-static	/webui/images/dark/New16.png	830	c91f897e56e1ad3d0b4681d025bc91a0406b8e16565fcb0b766aa5d2e8baf66eba3b0e6760ff7a548c3ca7eeeb7293985b57fd9dd1a25736cea22258b530280a	reproducible
webui.war	images/dark/New24.png	http-addressable-static	/webui/images/dark/New24.png	295	00f5de0ae31287bcd7e5f7d67f083b4dc4b4731a3186f83a833202c5c0d9069169bcbde14be8e885d169d417e4a0da0eb0dce92ff26b97bef79267690500b4d7	reproducible
webui.war	images/dark/Next16.png	http-addressable-static	/webui/images/dark/Next16.png	823	944f02c2ab7d2f2284855903fd2926a2a58069c796d00340bff2c1533dbb3716a29087dae5ffe00bf3788f2a7c25098377f9713c39f83ed517c90639cf35cfa0	reproducible
webui.war	images/dark/Next24.png	http-addressable-static	/webui/images/dark/Next24.png	883	6a95979dc60563541db5b30c1c57f426c6cf9972516ffca9c35e80926a6895b348ed27be42f18247af41ef42f406480fc24e1a59aaef8b8d107f8cf225303190	reproducible
webui.war	images/dark/Ok16.png	http-addressable-static	/webui/images/dark/Ok16.png	796	ff58215421658a2382a514539f41a25a89d7ec7d04d40f5825d652c678d5e3600fef2db45a2630930cda57006a6e80f085984e667375143167c3d8ab9804a6f3	reproducible
webui.war	images/dark/Ok24.png	http-addressable-static	/webui/images/dark/Ok24.png	973	c3e63562b079b58c30231dc0d73567935116a1c1a940b28ffff7cb8b9e72d9b340371784cc01337f455bc886a2d49bff2a1d1c2d4aff39d8dd35e8ef87475905	reproducible
webui.war	images/dark/Open16.png	http-addressable-static	/webui/images/dark/Open16.png	735	14df5112356d8117310ccd658fe6df1fdf0cf18b5a9f92116e632fd686ce1106d8e692105f1e16ac0758d959ed60881c35bf6b8aaaf872ce26a74d916af45e51	reproducible
webui.war	images/dark/Open24.png	http-addressable-static	/webui/images/dark/Open24.png	737	abdc558701144558edbcd9ec725cca0da0cce118ab84f253cb0565bdccfde2097258dbf57eda7c3fedaef8cef21694dcb701310d9a8df406e30078d3562045aa	reproducible
webui.war	images/dark/PAttribute10.png	http-addressable-static	/webui/images/dark/PAttribute10.png	664	834fbcfbf24d7ad0e0c88b9507a9d801a82b441ff99d9921aa104b3874ed2a95ceb826f3590964d9fe46daa25c169c21280c2bf2d07b133a642e72d3cf6cc8e1	reproducible
webui.war	images/dark/PAttribute16.png	http-addressable-static	/webui/images/dark/PAttribute16.png	866	c22e86c93d55e91dd0d55b09b1bddc5d564cc7e55965c3d3bed663ca359c85deafcd68deb217662f06e2dfe2dab3d6e28e20e1528f82900f47b7da28c1351a26	reproducible
webui.war	images/dark/PAttribute24.png	http-addressable-static	/webui/images/dark/PAttribute24.png	1105	90716e1c20a114051830d13f40cfe0f9333bc710df77543169f94fa3cac601be587a66a21d9680fb48ee163d76d64ebb6db7f17b6ba90fc449a4377a7d4538ff	reproducible
webui.war	images/dark/Parent24.png	http-addressable-static	/webui/images/dark/Parent24.png	966	ea8ea5d80d18813aec822215f153ef9b89eca7fc50eb69ea4d30d8cbd7c2032efa2c29fb3d4347e10a354d10504a31c784dc1adc8ec9ecebbeb333bf59e35429	reproducible
webui.war	images/dark/Preference16.png	http-addressable-static	/webui/images/dark/Preference16.png	1055	7fdbcfff16cdd7fa815e4d1039a0322c2131a85619238bb08b92ab9eb120c910f9732dfe43d74cd39407270f44631128a5216217bca377ad2c1dda0124ab4b86	reproducible
webui.war	images/dark/Preference24.png	http-addressable-static	/webui/images/dark/Preference24.png	1485	4a044ff2d4a735c266d987dcca98116143ba503be8a48ecdedd0e5d01742fa2feaca65f479a879eab16437e0ebbd1497c00ec05945199be5cca10eafdfafe484	reproducible
webui.war	images/dark/Previous16.png	http-addressable-static	/webui/images/dark/Previous16.png	821	264dc6f7e98c30f8530d6751c0bb242637538755bad1965d03f35c87d993106906c0e2e1cc594a3499c271e65ae1d10160eab697a67566eccaca26463e5d38fc	reproducible
webui.war	images/dark/Previous24.png	http-addressable-static	/webui/images/dark/Previous24.png	924	1c936fe1dfc6d5eb6c7d45c3a5a30a4ab689c940fe66fbf5138e4391ea14dec6f98abc90cf29f210c4bc60648a0d50f0cd22dabf3a4f0332b56c3460d91ab4de	reproducible
webui.war	images/dark/Print24.png	http-addressable-static	/webui/images/dark/Print24.png	355	e1de79422b69b783490d2d71f4f731070e71243fe967cad6eab1f1b1e246ce01e9e4dbf3b7218927238cff3294c71b16e9c17867a0edbe44a10843de8c26b1ef	reproducible
webui.war	images/dark/Process24.png	http-addressable-static	/webui/images/dark/Process24.png	645	c0e917913ba6a4886c7311cddb4b8d06c92f34a26712091549f97666f63451aa2c88ef8730f9ef8249730404263ab3c1ae129346921ea6ea0950d59825b70c10	reproducible
webui.war	images/dark/Product16.png	http-addressable-static	/webui/images/dark/Product16.png	1064	6e8f864a7051d599046ea694a60eb9022fbec3cf1e207fe4100f82d4d8d5385e2de5554da5a8acac58c96080c00c8d06be375de28c256807f38ddfd0f13789d2	reproducible
webui.war	images/dark/Product24.png	http-addressable-static	/webui/images/dark/Product24.png	563	2ef5f9a65475b9016723bfd85ec8734061e88c48a4202673c08877099040069401ed45754af903b4179ce8df4b11a4707ab5ffd04de4eae829dea6a76b0b3af6	reproducible
webui.war	images/dark/Question-btn.png	http-addressable-static	/webui/images/dark/Question-btn.png	3772	5a8a176316c50a8e2974ae10163b4d8f92a49fc0a3d633a8428e09972f5ffe481ecfabf362128a14a55600c8d052110c4154ac574321529652bf089342028e1a	reproducible
webui.war	images/dark/QuickEntry16.png	http-addressable-static	/webui/images/dark/QuickEntry16.png	466	a0791a57bb3c19b1effc0ff0e653295d0fd41bef40e7661a4794e422de0c9e1e6dd3646a955ed72fea9786f443c6a8eb126292878e423a626ec33417cab6673e	reproducible
webui.war	images/dark/QuickEntry24.png	http-addressable-static	/webui/images/dark/QuickEntry24.png	722	6b1fa81d5220ba0059606c15d3a23cb1ad1b5dd5fcd2b0dc789629cb18b2803a4d574e1e2a9f97dbe4f38efc6b03432d392b2e4e3da621d5c2c3e24296ae40f2	reproducible
webui.war	images/dark/Refresh16.png	http-addressable-static	/webui/images/dark/Refresh16.png	982	895caa9bc303f1434446be125175118a3b0e778cda2d4040589fdc733f5739dd58904a42ded53fca9cd0976e27c4c6374e69e05142d954d3329f9f6c88236134	reproducible
webui.war	images/dark/Refresh24.png	http-addressable-static	/webui/images/dark/Refresh24.png	579	0b577b5ec466eb75f9942ae5aca2fe718f1a90a7949483839466d3aa1ae4afd55870bffe109645eca7d50e71f2a8d8a6263a4868ec6b52c83158d462b70415fe	reproducible
webui.war	images/dark/Report24.png	http-addressable-static	/webui/images/dark/Report24.png	315	08ac6e9ccef1d8e3c0a5b07bf55441ff32a38b2b808de618e4b8d33e71b39f16fb1b99b4c215975bc2f52ec111bebbc5a56fc443c258e1b47e0764faf6b8fbb7	reproducible
webui.war	images/dark/Request16.png	http-addressable-static	/webui/images/dark/Request16.png	1008	e7f887611d1078c5d7d3ba02bead43537a4cc45044de0266d02bb8e3b32c3fe7903b3718faa320a15b3eb483227a81fafeca4ccde7c53678a41c6bea7fb89ed1	reproducible
webui.war	images/dark/Request24.png	http-addressable-static	/webui/images/dark/Request24.png	622	2e99d5d2c716d1a1ed0019af5b71a505cc8e09cca44ccbc804de59f45b9304bc149e9bbe6eb211532d6e4efa6211babb5dd5d499c1fa66feddec03cf745a1409	reproducible
webui.war	images/dark/Save24.png	http-addressable-static	/webui/images/dark/Save24.png	324	f91dd01f2b056a8ef54606a22e04f1d4eb21835c12eeba7ce9c3361db3bd542aa5c5718076c323ac358b9410398d354f694608ac8134e7badb7f9dbda6db50e5	reproducible
webui.war	images/dark/SendMail16.png	http-addressable-static	/webui/images/dark/SendMail16.png	843	f31fe7a7cbde6d09b2db7541cbcc42b71e54867ec42ce3a4b45347d3e918e987ed5da8413bf3385a929002210284028b5279c2003f2e7d1e18eb542042c45802	reproducible
webui.war	images/dark/SendMail24.png	http-addressable-static	/webui/images/dark/SendMail24.png	1082	98b5f527aea63275bbc3576c5cf39de239e2441d7ecad030ccc309be8bd99e8d76e658ad28fa91069199fc67332ec44a0142ea3933779e86aa000e70f39f24bc	reproducible
webui.war	images/dark/StepBack16.png	http-addressable-static	/webui/images/dark/StepBack16.png	566	5a0fe5333b7557f68aab9c40350e3ebeb6945aeacb471e87b8ff8f1d2fcb3a6123291e5783f0e7f0f4035dff797709b80e6b75a6ebbd76b7e72c92d730c4fa72	reproducible
webui.war	images/dark/StepBack24.png	http-addressable-static	/webui/images/dark/StepBack24.png	1197	5a7b166f786644f137054347e657c4506f59ae3930687e3b813bce066b006f04f63c75ae860d4a42138bbc84762ea909d6d9e17e590f6d7c1f38a8c4502f1b2f	reproducible
webui.war	images/dark/StepForward16.png	http-addressable-static	/webui/images/dark/StepForward16.png	579	1b0a0f4799f446d4605b09822e16a4a4e30e114018556885d46d0330c78fd50ead197f1d77c3bb8661bc1da77d2039491a95791b6a4d10168e1ce92d78bae280	reproducible
webui.war	images/dark/StepForward24.png	http-addressable-static	/webui/images/dark/StepForward24.png	1152	d3b1a4edfd4a98234d5d6098b067ea73ceb6efaaf63e7d875df3212d0ff4c79dbf4811be9a9b5adeb269939e279ded759aad0b4b0825591c4d4fd01569e5cb4d	reproducible
webui.war	images/dark/Stop-btn.png	http-addressable-static	/webui/images/dark/Stop-btn.png	1499	62cf37b48ff3fbaf863998207f849c70ab3de240235b31598c7c2e13f3db29468a59a90f9b9d36a7eda608ff2771f3c4c93e6a58a967b22272d58c5b14cad00a	reproducible
webui.war	images/dark/Undo24.png	http-addressable-static	/webui/images/dark/Undo24.png	729	582fa0f874684ec96c5db96c8a286317fcd9e9b5956d379624d55d7a2acccefb3a1702a672e0269e010aea605962cf35f18ea6aa7547cf6ae7e94cb4a35d4527	reproducible
webui.war	images/dark/Warning-btn.png	http-addressable-static	/webui/images/dark/Warning-btn.png	3458	79cff4b45e15b3feecc13087e1ae62ec91ffa79778bde3daeb4b8b25f707f2a35367d6024d54152db43dbb064d862174f4944c7996c527583ff9674a241f8af8	reproducible
webui.war	images/dark/WorkFlow24.png	http-addressable-static	/webui/images/dark/WorkFlow24.png	386	6a6feb1b3f90d206fbfb6f4438de76638ea2ed0a2b2c53f89dfc8516c9c89372f95b185e3e952e16f3ad17fd659d32f2a33cba5e8658667e1510ab36147f4aa5	reproducible
webui.war	images/dark/Zoom16.png	http-addressable-static	/webui/images/dark/Zoom16.png	502	63342e842a1d13ad7adb48657f03d943ff5b04de99149d34b21d12b9a742b26632bfbb2683eac4a4c52a58bd082af1c4a3b27aac955d7017a6b2d2fa0f81aa61	reproducible
webui.war	images/dark/Zoom24.png	http-addressable-static	/webui/images/dark/Zoom24.png	871	8c875af3b17df6ab59699088990f9d19b8acceab02944a35644ab243e8103674b08a82909e2d08e9ae7281edbaf135d44bcfca8207b1568b3403ddc4c52f8fd4	reproducible
webui.war	images/dark/ZoomAcross24.png	http-addressable-static	/webui/images/dark/ZoomAcross24.png	1281	2a081f71422cb1fecee3888c751f523a99ff793aa6a2425c9eefb021d518f5ac09d17d480fd3c6cdea73cae567ebc8f2b2192df9646f0ec66e77f3bc8eb32cda	reproducible
webui.war	images/dark/mBrowse.png	http-addressable-static	/webui/images/dark/mBrowse.png	3353	403c2169d708cd3c95608875fb0688282ae1b3a18b6e1cb18dbcde98b6cee7b03b4ab8536c8282fcd16503585d80ce8c8b617965d67b01d16de96c64bab8b64d	reproducible
webui.war	images/dark/mProcess.png	http-addressable-static	/webui/images/dark/mProcess.png	3258	df97dfac849f4c388f79f50e67f81ae396e2477353165388ff88a8babc4aaeffd4692064f185c1a00f5750661f78aec113895535cfd23d563f6b1bca782ad2d0	reproducible
webui.war	images/dark/mReport.png	http-addressable-static	/webui/images/dark/mReport.png	3245	1bf89d5dfe32a0b6e77bcd09f753c565ae83c62a4ba0bbd1d20eea80068246099d8c12a2b101955d9361aeacc1de23da74c7fe41dd487b961526cd5cb42428d9	reproducible
webui.war	images/dark/mWindow.png	http-addressable-static	/webui/images/dark/mWindow.png	3170	f8cf425694a7697fa076577c9aec451bfd3140d5d882e85a7fff6c37c7dc4ebfa29fe1d6ec008d742f69efc2471c6581d6efca57f0f23cf500217aab0011805d	reproducible
webui.war	images/dark/mWorkFlow.png	http-addressable-static	/webui/images/dark/mWorkFlow.png	3008	c22c9d7133cea5f6876eaeac399957eadb554f7d869e1cf8da19a2ed043bfab94b02567f7bf6a6aa8a82f93f89cc279a1b1c2d634ae85a088e1c466123a91505	reproducible
webui.war	images/downarrow.png	http-addressable-static	/webui/images/downarrow.png	264	9c93144fbe79aed4c0564140e9e21349331b0bdd036b4971c4ceade7911fa36caec4a1c2693a454abecd9be31f673fb7f4b37692bdd0e3aa9c9adff0784134c0	reproducible
webui.war	images/errormsg.png	http-addressable-static	/webui/images/errormsg.png	3348	05da0139f2566e145803c9704988634cdc91137a4158f0ab319f08168c070a96724b7453ea4d8f4192038293eb26f7faac1c577bd29833b783fdfd6feac3cd15	reproducible
webui.war	images/gradient-bg.png	http-addressable-static	/webui/images/gradient-bg.png	1340	4d2f8325e67fb33897f93d3a111a52b25540a34c53a7933ad9390415803bddab63d9251d2101d9e384befbfd62c50940eadfb5f74d833ab9c99f32be26b9a080	reproducible
webui.war	images/logo.png	http-addressable-static	/webui/images/logo.png	6674	069e2fc1db8c906f851018cefc10f6b5077287d14f693fcc77de4a2e3876f968672515f16cda58ac84a785cd979f38be0f115aca1f52904ee112009a1ae95986	reproducible
webui.war	images/logo_ad.png	http-addressable-static	/webui/images/logo_ad.png	9060	d9e962da2a08843770802b573367d1a45d23c2017b5be9dde718faf4f0e8315ab473b5b1e11e92696c2b2ace28c5ac95bcc6eb1f16bf13fc3f1bec5598a944ae	reproducible
webui.war	images/logoff.JPG	http-addressable-static	/webui/images/logoff.JPG	1003	2b7328c9035f0d76a80e529d444138f818797fb0668baafcfa3b959d4ebaea2980dc46279188485faf7a22d4824ccc84b47aaf041a2d8856b43fed8206465ef4	reproducible
webui.war	images/mClosed.png	http-addressable-static	/webui/images/mClosed.png	619	053a4f5b12442bf4f4e3cf32c10cb4ced0d87f2b7a1383b081e74726fc98bee31fd40fbea9393ea476f020c08f4d86a2a51111b02f53ab53a3002b2944dda33b	reproducible
webui.war	images/mDocAction.png	http-addressable-static	/webui/images/mDocAction.png	724	bcddf8d2834aec51894534525dce368fddaee21353f0a1f71880fa0dead6cea01c44e1d554082ba5365d90bced5a5521ca2c0b62c4d5af57225c37c14e7e3b73	reproducible
webui.war	images/mOpen.png	http-addressable-static	/webui/images/mOpen.png	642	8e1fff72184b4a929fc850e9ef7eb67097f4dddd7e6710766706daa129bd0de8350435f252906a0c88aa7d4b16729379b38b6bd603afa1c78d004745e00eef75	reproducible
webui.war	images/mProcess.png	http-addressable-static	/webui/images/mProcess.png	3258	df97dfac849f4c388f79f50e67f81ae396e2477353165388ff88a8babc4aaeffd4692064f185c1a00f5750661f78aec113895535cfd23d563f6b1bca782ad2d0	reproducible
webui.war	images/mReport.png	http-addressable-static	/webui/images/mReport.png	3245	1bf89d5dfe32a0b6e77bcd09f753c565ae83c62a4ba0bbd1d20eea80068246099d8c12a2b101955d9361aeacc1de23da74c7fe41dd487b961526cd5cb42428d9	reproducible
webui.war	images/mSetVariable.png	http-addressable-static	/webui/images/mSetVariable.png	743	e5c87f6c5c2b9fb27852a1426f7598113ec7644b1cb87870c4f0b02b952ca968ae59540cb0ed3310c4007b729b27fc761f446fb37f8bfa21fcef40d97f82875b	reproducible
webui.war	images/mUserChoice.png	http-addressable-static	/webui/images/mUserChoice.png	765	ba469073f35be138d06c75597f88a9366de49399a1be79b97e5a7836f1389332f3c7315110d574c75aa2927cbaf86ecd319c968b6722e15233d8ae126ad4f2c3	reproducible
webui.war	images/mWindow.png	http-addressable-static	/webui/images/mWindow.png	3170	f8cf425694a7697fa076577c9aec451bfd3140d5d882e85a7fff6c37c7dc4ebfa29fe1d6ec008d742f69efc2471c6581d6efca57f0f23cf500217aab0011805d	reproducible
webui.war	images/mWorkFlow.png	http-addressable-static	/webui/images/mWorkFlow.png	3008	c22c9d7133cea5f6876eaeac399957eadb554f7d869e1cf8da19a2ed043bfab94b02567f7bf6a6aa8a82f93f89cc279a1b1c2d634ae85a088e1c466123a91505	reproducible
webui.war	images/mWorkbench.png	http-addressable-static	/webui/images/mWorkbench.png	883	1c98d35f68af4b2b6fd1640d6344543e3c83491056b314c9bb4b9183e28c8647f826b8cc0d414efe27c0f19f4b40818042c2f58251c6b68b0805271ed98fe9b7	reproducible
webui.war	images/ns-collapse.png	http-addressable-static	/webui/images/ns-collapse.png	1049	87751dbc514fd110d35972a970b28c1e605f09373aa51deba8aa87437a5ce2a93f3b747a0d7fdcb2463780d0b8551d10b0eebcfaf6854932aa846307b12874bc	reproducible
webui.war	images/ns-expand.png	http-addressable-static	/webui/images/ns-expand.png	1048	9c22ede67a297f37b523a3f036da4a7a001dd2fc9d08b1360e46716ae1826d6bab2f296843f0b1726fb311f4249b062f2e1e2095c596c8b79913ea31e060c87c	reproducible
webui.war	images/top.JPG	http-addressable-static	/webui/images/top.JPG	2717	21c5e4417992ffadb9054a841d49661c9e07ebe09149e924bc0c334a1fce419636e21ede574b1f18a917729beafc361a5cfe786862c10931e34caf8644a4c0bc	reproducible
webui.war	images/uparrow.png	http-addressable-static	/webui/images/uparrow.png	266	4398c54c9d81a1b12b0f2a246c5e5d5a582b0065add6129dde0902449ede175d15fbb5a0567822536186228dfd8cf843e1467d411cd8ead4969998702e4f949f	reproducible
webui.war	images/wfBack24.png	http-addressable-static	/webui/images/wfBack24.png	1117	efca5d7160e260c47fda774ad47f01c3398682d4865b249b6ba339ebb78dd8d4f8e18c603fb8304e111997754eef370524a832d005944b3b7f690d74e74c6483	reproducible
webui.war	images/wfEnd24.png	http-addressable-static	/webui/images/wfEnd24.png	1103	1bbbff54fb50293f8028cdd47f26ab6efd72003edc56a2668268a02550cff09282935113b185ea042bc3fcee1b5c946a00fec27feba150aa9d2f44c8d9d4845d	reproducible
webui.war	images/wfNext24.png	http-addressable-static	/webui/images/wfNext24.png	1094	1a3167426016144379744b3df86ce131c102331784d8eb22f84d19361897edcc23afcdb5a4835dc83aefa91d708cc6e0efdf525324580add5745b972c2997666	reproducible
webui.war	images/wfStart24.png	http-addressable-static	/webui/images/wfStart24.png	1126	7b2f52ed2a530aad6c304f43bbdef941ae35a44370a087e8c53c9a278b6950be7e496ec07a7e69f54962091e0d86f104b5307d1e60811b867830599ba154d97b	reproducible
webui.war	images/zip.png	http-addressable-static	/webui/images/zip.png	817	8e90291b1b283f8de3a8801d9321d127f7a9ab28c07fdfd0ce35fc4e8e24800cd27678d117e0b501c23bea39644add9cb6d45fe9c5bcc0b3a11ef66eca89415f	reproducible
webui.war	images_old/AD10030.png	http-addressable-static	/webui/images_old/AD10030.png	1848	30b41d70b9bbbc76b40e8d5438e0d36915bc1e12d89f5f451ac69324d6b7fc5323e02368412f0a046fd33266c8f66bbf89b31c28e4c9458481ac9f722c7eceba	reproducible
webui.war	images_old/AD10030HR.png	http-addressable-static	/webui/images_old/AD10030HR.png	6728	9682973fb9afb5b226914344afa1701de42d7a2dfafc43fe23d92aed5a1d8969ce71485117106bb50f71bde2bf5d8be3ade3993433bb08131ad61c24606d90ab	reproducible
webui.war	images_old/AD16.png	http-addressable-static	/webui/images_old/AD16.png	1060	7f8b57b00ded0de42f5c3e00f56d85c05dfbbefa5a3ad1afe23f308c82eaeff5a2f7b0e0ec3bc175963f96937a002c294c5f5fcd4546a80e98f0f286ec751528	reproducible
webui.war	images_old/AD32.png	http-addressable-static	/webui/images_old/AD32.png	2344	613c08f3c2a682944d4c9cd68fd4fd408d47441890143c81c9a91bda8b01bcffdc1fc28e6bc7aee558a1bbc633851a6785703feccd04c7c4964a1f06a842e40c	reproducible
webui.war	images_old/About16.png	http-addressable-static	/webui/images_old/About16.png	924	ee8d6ba72e46d333722643a4da3f79ded77e0906b2afd648de5ac255c86a1b73842ec7e41f78bef552fef9c1558fcd90b4590f4015c109423f3046780bd624df	reproducible
webui.war	images_old/About24.png	http-addressable-static	/webui/images_old/About24.png	1246	44aa3c456f842dab9b8e7c268ddb465e1a7aedc75cac4527fdec29cd7ad91bb62ecc5a4d79b6589047e0889b26801f667752bebc44f2f2dce85cb1e5b1a7bedf	reproducible
webui.war	images_old/Account10.png	http-addressable-static	/webui/images_old/Account10.png	588	c0d443da57c6336b8d8b0d92ec08a22ffef42ec9df8e4ae5455fef09a2e0e7876b482b5504a32b79f9fff02d175fd8cb91ac98c5ac136c64f2a5008c991fb056	reproducible
webui.war	images_old/Account16.png	http-addressable-static	/webui/images_old/Account16.png	933	9a2c113862f741623eb042132d38b6e91f4d4747240b2b868c3ca212b732b67bcf316d478576123d826f44bf1fca2a05970e3278dba374e3e5957975abadab3d	reproducible
webui.war	images_old/Account24.png	http-addressable-static	/webui/images_old/Account24.png	1398	0197c2801f972a021cbb9cb62458c92c367a8097d6434350f9c80a1406558c1f40f1928153519b036eb1404d91214116db0633b5ea12c5a7c51205e0c5613dc6	reproducible
webui.war	images_old/AdemPiere150x50.png	http-addressable-static	/webui/images_old/AdemPiere150x50.png	2743	0a6abb4721522026fcc0bf9b0337c577657b856ff2827fb1e393b41dea4477db4508425eb35fef31b6c54ac77de4c1382e792bb16374f363a0df51a1f4fd58b3	reproducible
webui.war	images_old/AdemPiereCom.png	http-addressable-static	/webui/images_old/AdemPiereCom.png	2022	e539186ce4cbeda26e656912f6a63a901cfc7e4bf67d0cab2f3dbbe96b76086cfabef8fc5d73adec16d41f84978ec3a439ddc95c2573e6365aa0891e6b9a53c6	reproducible
webui.war	images_old/AdemPiereComHR.png	http-addressable-static	/webui/images_old/AdemPiereComHR.png	7621	aa8d89725c8bad3b4f9c8f7d0abfbae04cb96ed7ecfe2aa88586a9149a755953dc8667fe68206e13eb6aa8b5bd48275722c1c3f1947f53f3483b4aaa780c065a	reproducible
webui.war	images_old/AdemPiereComx.png	http-addressable-static	/webui/images_old/AdemPiereComx.png	1872	34fca5f326ea11d30114b605ce06aff559afea776252ef5f5adada55770dde3c1d67977ec79babbe8997374bda1eabc836b9cee47ad57cbd0e20b7679eb88ef8	reproducible
webui.war	images_old/Adempiere.png	http-addressable-static	/webui/images_old/Adempiere.png	926	c58c8784f4686b8af520cee5d68ad1e0c2b212eca8ceee1c4432fc2ed56c62bb50f8b950d0e0c0c6788ab0dffd5b2bc1531d856176d2b7bc31a12dd20ecaa253	reproducible
webui.war	images_old/Adempiere120x60.png	http-addressable-static	/webui/images_old/Adempiere120x60.png	2166	e83e02657a7ded5ff2f45a009d473a027ba07c9d68f6e43c07afade49631e098c889fac549c254d27c2606eb2fba7f25eeef8d928320cd48c0c1630dfc9f4247	reproducible
webui.war	images_old/AdempiereHR.png	http-addressable-static	/webui/images_old/AdempiereHR.png	3429	6d51ef6c54d06a75d279b6b9bad19c73ee57eed33bd4c85379a3165b7331bbb6d383a9223aa9ffd46ffb7eade4c31856731e931edadc128b1b9f039fbbbc6c2a	reproducible
webui.war	images_old/Adempierex.png	http-addressable-static	/webui/images_old/Adempierex.png	766	edf3ad75a5a33c6b6a7de1e492e290911d58241c9de1cc130f1a45cead8ecda48afa9c3c37cf44883d3a281e09dcdf194c9ae00d63156d720a14eac733e49158	reproducible
webui.war	images_old/Archive16.png	http-addressable-static	/webui/images_old/Archive16.png	503	e102fe55018620a6677034d025d79f57c2358034ff3234b5ff074cedc81bb9346b6b1b4e96da957e9df6a514d1fea337b02ab5591cb1104aa2a1c231d46537c7	reproducible
webui.war	images_old/Archive24.png	http-addressable-static	/webui/images_old/Archive24.png	645	c416f5dccf5fde383c18e8fe329c4067b4fd4a659a217be74eff1c6aaa2072bc8e7029130630f7ea506ea6ccb7eed090857bada4a451af19a39ee2652c5d1284	reproducible
webui.war	images_old/Assignment10.png	http-addressable-static	/webui/images_old/Assignment10.png	466	ae24237d2c50157368acc564a4cefaf2ff8254a7c8a151b0b9800d50ea25917e682d4aff7a7a136e07be94f58935f9dee01d435837c42a4c9215dd70a674f322	reproducible
webui.war	images_old/Assignment16.png	http-addressable-static	/webui/images_old/Assignment16.png	636	356006e555b58e342a8c064157a84384145d8a8f30abc2ba6042c649fc6bd1292ded17d95e13fab9449f3bb34cf8cb1f6f832f9d3c0ae6e4d898f53c1b6a5d19	reproducible
webui.war	images_old/Assignment24.png	http-addressable-static	/webui/images_old/Assignment24.png	622	2ada1fb312fb0acb0f6197d3cb53728e25b2d347ee7abdc3da392f698bb36bdb0646b8e942a6b7631e0e477f153ab8b9e36686b101e962b939400064ce95bb88	reproducible
webui.war	images_old/Attachment16.png	http-addressable-static	/webui/images_old/Attachment16.png	639	92641db825b7528ab37064dcdcffa515b48dbb1189b28415d9bf28978c6e4b470a5ace4b7d2a5411f03a4ee3f1851feb6c0c863c5f25cb155b4132b80a2e0c9f	reproducible
webui.war	images_old/Attachment24.png	http-addressable-static	/webui/images_old/Attachment24.png	808	3df0c1860e6ca6f35776d81dd26cfd029c724f9afd6bc86e05d3bfe7b5fafa51788d7bbaaeddfdd3b9850bfd85ce90587691581942cf8c024569201fb9a0e2a5	reproducible
webui.war	images_old/Attachment24D.png	http-addressable-static	/webui/images_old/Attachment24D.png	808	3df0c1860e6ca6f35776d81dd26cfd029c724f9afd6bc86e05d3bfe7b5fafa51788d7bbaaeddfdd3b9850bfd85ce90587691581942cf8c024569201fb9a0e2a5	reproducible
webui.war	images_old/AttachmentX16.png	http-addressable-static	/webui/images_old/AttachmentX16.png	746	6c559745902fee6ad33097611fec7b9ac4fc004f82d2a7e02afa2dbacb3184d17e79b151e0ec7cb35a910dcfcb5447c410e14826b8322bfc3c826e5440b4b260	reproducible
webui.war	images_old/AttachmentX24.png	http-addressable-static	/webui/images_old/AttachmentX24.png	1040	3361af2b61e061191c4f959f2f41e08651a615739a4d17ae5c232b59b1c42cc57574d076d0d525817142a5330aa96d970eab7a52ae5d2827e18770edaef2d52d	reproducible
webui.war	images_old/BPartner10.png	http-addressable-static	/webui/images_old/BPartner10.png	592	5fda23996b57944ca856fb261945951a60a2d7364af76f697a8264a2ed1d8b2f1ebfc2c5c2183861d122676efa86fcc48a7f6e17107b5175a4d85701bdb18e8a	reproducible
webui.war	images_old/BPartner16.png	http-addressable-static	/webui/images_old/BPartner16.png	916	d1ad0cb6667c434d10463084d9db02145d5e337cfb85a030c9b07bb093843bea1ddfd2699ee7652324d8003bb2e1fd6a4a456b16ecc1cf9bc8a70521ddb477dd	reproducible
webui.war	images_old/BPartner24.png	http-addressable-static	/webui/images_old/BPartner24.png	1159	bacd36b3dcb0d8ba065ad6e1690867b5437d003ca09a41b2db6824fb8000f3f6b786e0a11f0c3b64e6d60419d2b29e7a5990db65d6fe391b32d82312df4da53a	reproducible
webui.war	images_old/Bold16.png	http-addressable-static	/webui/images_old/Bold16.png	825	6d9db21736cc337833fb4e7f226f348a63af172f4da1bf881508548fc3ac515985e23454620e64c82c678d8e1cf91c049d347c204ee27dff3549d874eb88fb77	reproducible
webui.war	images_old/C10030.png	http-addressable-static	/webui/images_old/C10030.png	1848	2900cd8222b2dd060073bf71c1df1ed56413063936891952b67291f96b77287127ae5e352c744923877b50de9e3f6ec76638dc913dcdffa8747baa3b1972b6ef	reproducible
webui.war	images_old/C10030HR.png	http-addressable-static	/webui/images_old/C10030HR.png	6728	9682973fb9afb5b226914344afa1701de42d7a2dfafc43fe23d92aed5a1d8969ce71485117106bb50f71bde2bf5d8be3ade3993433bb08131ad61c24606d90ab	reproducible
webui.war	images_old/C10030x.png	http-addressable-static	/webui/images_old/C10030x.png	1696	26f86b83c9ef7f06ee2d18a89999f081a6740e6fc5fd06b215c44324b215fee989538231bdb12e66eac125f42b379e6391edb992a0e57408e4d44315902dd30c	reproducible
webui.war	images_old/C10030xHR.png	http-addressable-static	/webui/images_old/C10030xHR.png	6728	9682973fb9afb5b226914344afa1701de42d7a2dfafc43fe23d92aed5a1d8969ce71485117106bb50f71bde2bf5d8be3ade3993433bb08131ad61c24606d90ab	reproducible
webui.war	images_old/C16.png	http-addressable-static	/webui/images_old/C16.png	1056	3a4f3a45510a186e08319505ce73ce110b61f1dade7ed944f765cd39547e355b2b0536304ef5cd33f874e2c12fbe2343feafe29866b76d84675de992a650142d	reproducible
webui.war	images_old/C32.png	http-addressable-static	/webui/images_old/C32.png	2344	613c08f3c2a682944d4c9cd68fd4fd408d47441890143c81c9a91bda8b01bcffdc1fc28e6bc7aee558a1bbc633851a6785703feccd04c7c4964a1f06a842e40c	reproducible
webui.war	images_old/Calculator10.png	http-addressable-static	/webui/images_old/Calculator10.png	616	2a550635cae5f62b38e2f3483e6b24698eff6a96d2194b638498c778533e56ec8c0c2a1bba09acad777d500be3a9cd2f14459c780de205ede9c7f83945dbe820	reproducible
webui.war	images_old/Calculator16.png	http-addressable-static	/webui/images_old/Calculator16.png	815	8ebd88f12cf73f1085ff51d82dbe64f1e22ce6355205d09585b5e6b5535804f6de0819a4a3787a1161f4ff5c4c086cfe9b4e940b5a6e24c6abcefb6b73304dc8	reproducible
webui.war	images_old/Calculator24.png	http-addressable-static	/webui/images_old/Calculator24.png	961	738410d95abf70feb1238e0853861ce9111240d4e7fb00884512649f09751e44594e750f6c23a7a9f1f5482be6f2be90e93b2f2f2dc7c6cdb54dc01b44b7d686	reproducible
webui.war	images_old/Calendar10.png	http-addressable-static	/webui/images_old/Calendar10.png	551	9f7637f1e1ed0dcb4d930270588af908f9870fb3f2f6257f5fecda8ce82a1e2e40f80b5a017645e38fd81ba696f2624ae55612c2e4aa50a36a2d24a6731d89a2	reproducible
webui.war	images_old/Calendar16.png	http-addressable-static	/webui/images_old/Calendar16.png	719	4f467ccde704cb4eaa1f3f337169a0793fe9bb4206f81514d16fa5ee69235514f8b84d9173d3ceb30dd0afae2d6cedda200ee1b0aebb39085c9a063c3f989161	reproducible
webui.war	images_old/Calendar24.png	http-addressable-static	/webui/images_old/Calendar24.png	1178	aea5fc871707dae52e1d23a2a6b850e9fb3eb40fcc61072efbd260c977c18a7aa00034f91b8e1818e6784e4896bd286e08d79303cfb6734b72cd39175edadd67	reproducible
webui.war	images_old/Cancel10.png	http-addressable-static	/webui/images_old/Cancel10.png	589	882841268760e596d00e729c98d40a40d1ca11a448e94730cf79bb0fe1c263bd9047c5ccc91272bff76e4eff094468631004ab06c2f3e1658414ae3788fdca55	reproducible
webui.war	images_old/Cancel16.png	http-addressable-static	/webui/images_old/Cancel16.png	1047	0b027d9b29977bc5cb5529e4372ffb71ef7baaf443ed7e6178f2d37722e17c0e118b2d48be1d82a4702d351eada49a9afe7712ee4ab0374a8581ec90898f8c11	reproducible
webui.war	images_old/Cancel24.png	http-addressable-static	/webui/images_old/Cancel24.png	1444	e3176b555e3c29e136db1ab98331dc29b246c4ecd6d60304e626cf13f2e6b2268b5a9dd780f8d7fe6a868a7e1cb797ca50686df04fdcc58eed7915d7f456f732	reproducible
webui.war	images_old/ChangeLog16.png	http-addressable-static	/webui/images_old/ChangeLog16.png	559	c455757a80baff52a6ca4fa6972573803fba44bf7fcb22dd9973cd0e8de80c1d8d8ae9b0399fdc0948d1bc37c5b8cbf8fddc6097094c39d68b8604fd4f2270ca	reproducible
webui.war	images_old/Chat16.png	http-addressable-static	/webui/images_old/Chat16.png	546	2ea87ca686f1279f3c853427454fd36ed858516c15731f849b2d9808ddc6147f3231d06ab2fa2c3eb7a845c364880e5a031a143b3d8fb28c667495c184e8dfd3	reproducible
webui.war	images_old/Chat24.png	http-addressable-static	/webui/images_old/Chat24.png	656	30b720492120b34d4af4a35799f90e4d9e3cc2ebdc6fd0c4b61fbd4b72273b43653d49a8e76584cc75c5eade17e67897b019d8aba37df30c9dca2cc2f09204e6	reproducible
webui.war	images_old/ChatX16.png	http-addressable-static	/webui/images_old/ChatX16.png	546	2ea87ca686f1279f3c853427454fd36ed858516c15731f849b2d9808ddc6147f3231d06ab2fa2c3eb7a845c364880e5a031a143b3d8fb28c667495c184e8dfd3	reproducible
webui.war	images_old/ChatX24.png	http-addressable-static	/webui/images_old/ChatX24.png	656	683f86d9aec7888726733e775f612aa67ea11cab5b63ac9fe1bcd315c64c323b5576882125ddc632c38eb06d013c447c1de853d1eba04ef5bae3fa35ac36a57a	reproducible
webui.war	images_old/ComPiereCom.png	http-addressable-static	/webui/images_old/ComPiereCom.png	2022	17946e3fd3a5321fae6c33b30cefd79c5e2d30135089efc2443ce716ba3a4bef5acf1467647f9aadd3248627d87b0ebe27ebcc37b339a50ee95839bc096b89dc	reproducible
webui.war	images_old/ComPiereComHR.png	http-addressable-static	/webui/images_old/ComPiereComHR.png	7621	aa8d89725c8bad3b4f9c8f7d0abfbae04cb96ed7ecfe2aa88586a9149a755953dc8667fe68206e13eb6aa8b5bd48275722c1c3f1947f53f3483b4aaa780c065a	reproducible
webui.war	images_old/ComPiereComx.png	http-addressable-static	/webui/images_old/ComPiereComx.png	1872	34fca5f326ea11d30114b605ce06aff559afea776252ef5f5adada55770dde3c1d67977ec79babbe8997374bda1eabc836b9cee47ad57cbd0e20b7679eb88ef8	reproducible
webui.war	images_old/Compiere.png	http-addressable-static	/webui/images_old/Compiere.png	926	e384c869af8c8805512bfeae089ff1dcea9b44db4669cb970d16afd9811c7d5aea6a8d1d3d4ab8d2f8ae2299e12629bd5dec91ac25278f9bd8c1c9a920a10590	reproducible
webui.war	images_old/CompiereHR.png	http-addressable-static	/webui/images_old/CompiereHR.png	3429	6d51ef6c54d06a75d279b6b9bad19c73ee57eed33bd4c85379a3165b7331bbb6d383a9223aa9ffd46ffb7eade4c31856731e931edadc128b1b9f039fbbbc6c2a	reproducible
webui.war	images_old/Compierex.png	http-addressable-static	/webui/images_old/Compierex.png	766	edf3ad75a5a33c6b6a7de1e492e290911d58241c9de1cc130f1a45cead8ecda48afa9c3c37cf44883d3a281e09dcdf194c9ae00d63156d720a14eac733e49158	reproducible
webui.war	images_old/Copy16.png	http-addressable-static	/webui/images_old/Copy16.png	619	13bf6cbf4ffadf079ceb179dffca32dd26f3186d00a4722be93fa1480309ee20401a483d9038af5b2e4fcb8003e2a4b0293b61ccc50293eab950494437e56470	reproducible
webui.war	images_old/Copy24.png	http-addressable-static	/webui/images_old/Copy24.png	843	7eaf194bc87bd0f1813ace56c25fb92caf145484b7d0d1293390d5d36cdfeca99db2febe4ee6884224f68e7bfdbe7ebadac9c4040d338ed97d77bedcb89e7c2c	reproducible
webui.war	images_old/Customize16.png	http-addressable-static	/webui/images_old/Customize16.png	603	141aa2e1663cdb82cee3031e138bc65665c1c860715f06bae1bee73659488258c36caec1ed3eaf70fa50011d86fabee93e764240d35004ff312955ac80ef197c	reproducible
webui.war	images_old/Customize24.png	http-addressable-static	/webui/images_old/Customize24.png	678	4ead70d604dbd84d5a93e6468fa3f26c26e2f868f1f80146e5c3d24b8b2307d49cea59e40ebfeced35002602d678295ce554ce0f8065bb2ac060d1adef809f0d	reproducible
webui.war	images_old/Delete16.png	http-addressable-static	/webui/images_old/Delete16.png	773	3b044388e4dae1463fcc3e9c977806e589c6d383ad3911d1591bd311f699b79555d1c3d3ae77e8bbac9063ed6cd985c8c2f047a7db3ae807820f56c0092b36cb	reproducible
webui.war	images_old/Delete24.png	http-addressable-static	/webui/images_old/Delete24.png	1273	9b4dd7f7f04e2a48fc7c1f470a423577af7070d7bb139b37cdd7ff41b444d9686856cc7890ed91239067269e74b2b8a64c6d2dce121f50bb4bd007744a964ba6	reproducible
webui.war	images_old/DeleteSelection16.png	http-addressable-static	/webui/images_old/DeleteSelection16.png	1036	0b309b631d6b069e1dfa96167d3a77293147f3cc5895f474dcd05802eb07817b324eab5f2027dbb204586c8574c6f9fe9cf43d05dd4d1f9eb10e1b2aff25999a	reproducible
webui.war	images_old/DeleteSelection24.png	http-addressable-static	/webui/images_old/DeleteSelection24.png	1243	8daf5d44f74ae58b0e8919f6721e46630d529f52f6ba5bc31e4266809cbbcb9378905507b57ba433be89b6984c4ad3dd125691b8ff1ed559bb91795f401a043d	reproducible
webui.war	images_old/Detail16.png	http-addressable-static	/webui/images_old/Detail16.png	844	c6fd71b9b949bed35a79d57e2d944fa806e6c648710f8c97f3d5b83a95d9b5995b8d0190055bb3ddeb76ca101d596fb9601b195916d9c60ec545e901afd7b1a6	reproducible
webui.war	images_old/Detail24.png	http-addressable-static	/webui/images_old/Detail24.png	1094	1a3167426016144379744b3df86ce131c102331784d8eb22f84d19361897edcc23afcdb5a4835dc83aefa91d708cc6e0efdf525324580add5745b972c2997666	reproducible
webui.war	images_old/EMailSupport16.png	http-addressable-static	/webui/images_old/EMailSupport16.png	737	354fc08f24c82b3dc7de75a0738d6da818f0faf5e711863dddf6300a1e15ddeb0ee198f299cc18aa69d0e0ae49d532f6b37b92ddb2b2626f59628b098c7ec67f	reproducible
webui.war	images_old/EMailSupport24.png	http-addressable-static	/webui/images_old/EMailSupport24.png	1068	a37908e8df62c4bc0bb3d5e41c17ea204df2a261f60fe9659ab90f3d29088170fa4d657de17f49135416ce21354b9dc480e08bf287b47615a406407e15d67a5b	reproducible
webui.war	images_old/Edit16.png	http-addressable-static	/webui/images_old/Edit16.png	691	204a8bb0fbae5382facd2c316954b33d932da39f9dd424b14321eaed9e80579ecf157202d3fa26e6bbd216ed0ed715b78b2a9a5b08fa95345317dcdcb8cbd486	reproducible
webui.war	images_old/Edit24.png	http-addressable-static	/webui/images_old/Edit24.png	1104	382e9917fcb2cfd7827503296ef5841a18f059a070379317ab112abf264d90908a46ba36d50728de2f33619e613cd1aa7af9982277dce12d4f13d0767db9acec	reproducible
webui.war	images_old/Editor16.png	http-addressable-static	/webui/images_old/Editor16.png	691	9bec9938784e9190d5e5d3bf18c9cbbbad9279c5769c5e9c3bd8a9e1cdec0f9a0fe11327dc11251de776da0565e0b9b0eb66f43415108ef55b36008ad3ee6522	reproducible
webui.war	images_old/Editor24.png	http-addressable-static	/webui/images_old/Editor24.png	1104	382e9917fcb2cfd7827503296ef5841a18f059a070379317ab112abf264d90908a46ba36d50728de2f33619e613cd1aa7af9982277dce12d4f13d0767db9acec	reproducible
webui.war	images_old/End16.png	http-addressable-static	/webui/images_old/End16.png	947	f12d2d2e971f9f7207e90ff18efb9fb1a00641b9fcac2af72e70a65fb51bb345a00fce14728f39d66ba68a6868bcf353b176463a8f13fcadbe67bbd31c5598e0	reproducible
webui.war	images_old/End24.png	http-addressable-static	/webui/images_old/End24.png	1438	b77bd2e95f83da216a5f080e05df3253714b04cc731735753a454db5862654cbaeb5fe5ab2a8a89127017c0641f0c29eebbbd2b0f5f15e7c636ddbc255b5a908	reproducible
webui.war	images_old/Error32.png	http-addressable-static	/webui/images_old/Error32.png	1793	7cce4511e9928573e021ce8aced489518618a144df3c0b30cd2ced75473866930852fdb3e28716ff800e24c7bb35fda83372b9dd566c25da7846eb0e2f9b90da	reproducible
webui.war	images_old/Exit16.png	http-addressable-static	/webui/images_old/Exit16.png	712	d3750684d24d95922770fd3003a08ccef8bf4cde31fddf64d9ee89def667557d380ca4f68e8107498013ee5aacfd4b3b25c12df5a31f117adecbbf8cebe32aa6	reproducible
webui.war	images_old/Exit24.png	http-addressable-static	/webui/images_old/Exit24.png	1025	a7d6fab3621db31d68f442ab2b3df980683b478817e21bb8cee6bcedade0f070ed9ddd925bd23ad8e720fcc5f95633a305b4436ba418192db1d789f042b58f40	reproducible
webui.war	images_old/Export16.png	http-addressable-static	/webui/images_old/Export16.png	974	8e73cbdabb62b10cc73dd22eec38473906da4d2d8c57a82991dec92f9a47ba8b58f2e8e45fea3bf7f5049f19ed7660061d2d3f4046060ee3697a341f41943612	reproducible
webui.war	images_old/Export16X.png	http-addressable-static	/webui/images_old/Export16X.png	974	8e73cbdabb62b10cc73dd22eec38473906da4d2d8c57a82991dec92f9a47ba8b58f2e8e45fea3bf7f5049f19ed7660061d2d3f4046060ee3697a341f41943612	reproducible
webui.war	images_old/Export24.png	http-addressable-static	/webui/images_old/Export24.png	1214	c61c6ff8023198aae8cf7a913e2f91f9226524d034f270b536e512b5d5ea7f7f8185cc024a001f0db096ce1ea0b483a65cfdb27d2313819af83e67408bdb08ec	reproducible
webui.war	images_old/Export24X.png	http-addressable-static	/webui/images_old/Export24X.png	1214	abbcccb12bb64d01f2d5816f1dde42bff66e2fb7614ad478db43634195a8574a581f93ed99894fdbe9d59640e52c677f93325ab85d8d6ce72eff7fede2dc414d	reproducible
webui.war	images_old/ExportX16.png	http-addressable-static	/webui/images_old/ExportX16.png	974	8e73cbdabb62b10cc73dd22eec38473906da4d2d8c57a82991dec92f9a47ba8b58f2e8e45fea3bf7f5049f19ed7660061d2d3f4046060ee3697a341f41943612	reproducible
webui.war	images_old/ExportX24.png	http-addressable-static	/webui/images_old/ExportX24.png	1214	c61c6ff8023198aae8cf7a913e2f91f9226524d034f270b536e512b5d5ea7f7f8185cc024a001f0db096ce1ea0b483a65cfdb27d2313819af83e67408bdb08ec	reproducible
webui.war	images_old/FastBack24.png	http-addressable-static	/webui/images_old/FastBack24.png	1168	df5a4f8c6df51cb702f6f5eee92a1e7eee522c2f663040564792119b2cef4dec081dfd7f131597065daa73d1f5ff660a7e2fff6baeb99dd1cd05d15da3b500fc	reproducible
webui.war	images_old/FastForward24.png	http-addressable-static	/webui/images_old/FastForward24.png	1189	3f9e21b53ea64c4a8b4b0da9883da19212004fb9fca5cf2c1fdba05017375ea05f20dc2b066eb5b72bd32da6d226e5034396ab70256cfbac2abe9f02a2d6ca93	reproducible
webui.war	images_old/Find16.png	http-addressable-static	/webui/images_old/Find16.png	1047	0eaa0a936b77cf871dfa5abc0122ab246989cac8a2fee32d764913aaa9d0319f740a118f7df99384b9613b998785dfbddd82fcb32526fae6fbbd90f989a2fc50	reproducible
webui.war	images_old/Find24.png	http-addressable-static	/webui/images_old/Find24.png	1386	440dd4545f33a7c43f20e6eff7f2cb2fe96d7d4b0b7294e12e85c3ed437f09d5bfd739b4e13cb2c75c7a46918de7034be773c856527c3845c4a7838a1d5fbe85	reproducible
webui.war	images_old/FindX16.png	http-addressable-static	/webui/images_old/FindX16.png	1037	8a70104dc20d65cadc5d433a49251da16e6f5fac3ded8d8b7f5df9783230e86fce37d6169486e4d2e66c9346c0cbe768688a2693fd6725b738244197b6d64d53	reproducible
webui.war	images_old/FindX24.png	http-addressable-static	/webui/images_old/FindX24.png	1576	f544374a4a9c7d17fc83e6d90b6349ad97ce0021088941b406910b823d4bcb42e683e3b645932b01d161f2b881aec18c46c86c509584c55320d2c424650d040c	reproducible
webui.war	images_old/First16.png	http-addressable-static	/webui/images_old/First16.png	803	c38c8504c3add89d05977244939c0ea999a1715545c59b3050d97d2ee62419aaf3a5f0373bd9c8b88dda6e68163d31d7e2baeec4e7eddd0acea0370b6c743818	reproducible
webui.war	images_old/First24.png	http-addressable-static	/webui/images_old/First24.png	1085	9c9b22db649927eb0dfc5e37d0fcd13f9f96c680b31ebabc1568d06f8f162be536a40498fbabf0904fbdd91b9385296e8c6051a59b1d60cc130b4b014e7d86da	reproducible
webui.war	images_old/First24D.png	http-addressable-static	/webui/images_old/First24D.png	1085	9c9b22db649927eb0dfc5e37d0fcd13f9f96c680b31ebabc1568d06f8f162be536a40498fbabf0904fbdd91b9385296e8c6051a59b1d60cc130b4b014e7d86da	reproducible
webui.war	images_old/Folder16.png	http-addressable-static	/webui/images_old/Folder16.png	619	053a4f5b12442bf4f4e3cf32c10cb4ced0d87f2b7a1383b081e74726fc98bee31fd40fbea9393ea476f020c08f4d86a2a51111b02f53ab53a3002b2944dda33b	reproducible
webui.war	images_old/Folder24.png	http-addressable-static	/webui/images_old/Folder24.png	920	3a00f97f90e3e09445e01cb29452d3488ef22fd1491c3e9a9769f8f1598fb7ccc50d50d19084c0c9030af50ded8208f5fc99499e5d530377adc31290caeb46df	reproducible
webui.war	images_old/GetMail16.png	http-addressable-static	/webui/images_old/GetMail16.png	793	166fdafeb1de04e44377298e0f31c66cc14222aab85443061f197ad8c83db5c2b15f0341067406474cad23ac725d62bed3f44dca8f25c24c13367cb3199eac6b	reproducible
webui.war	images_old/GetMail24.png	http-addressable-static	/webui/images_old/GetMail24.png	913	5cb18f4166a2cc96a63b5650d10739932e28ce6283b420f1e48d587b4cdbda6a246382c105e1d68017ebdddd8380c84774e38a394c6ee82369cae0dbfdde054b	reproducible
webui.war	images_old/Help16.png	http-addressable-static	/webui/images_old/Help16.png	1101	1b35ccb4460114104f7698531ce20d2ea91a4a6904bb51db3cf8cba1f1d885988a5c88c9d28b384df039e00592d476280c5bd760f3176ffa17eeaa04b4dca493	reproducible
webui.war	images_old/Help24.png	http-addressable-static	/webui/images_old/Help24.png	1525	b805895bbcb2dea2244bd96e4a5dcb6d51860ac9ddaa416ca6ec9990304c59a761e316147fa5ee197ede8dc0ee5145fd18052d54fb4002ddb7aef252f9b47894	reproducible
webui.war	images_old/History16.png	http-addressable-static	/webui/images_old/History16.png	1106	61bf8326844f111ca8baac0fb536d0ca3e3eea9fd3d3292ccafb7ec8202eb3c386b445a2110f8d1431d3b0fa6622918406bb3f225f43dadf8b8bcca9a29bee99	reproducible
webui.war	images_old/History24.png	http-addressable-static	/webui/images_old/History24.png	1620	231f69f96fa7afb2dff16fe97a38373161634842ed52160de039b22558a0abf69590a725d3d3887d300c2ad098dac3bcaddd9a4c48ccaf32d74056ae57ed3f27	reproducible
webui.war	images_old/History24D.png	http-addressable-static	/webui/images_old/History24D.png	1620	231f69f96fa7afb2dff16fe97a38373161634842ed52160de039b22558a0abf69590a725d3d3887d300c2ad098dac3bcaddd9a4c48ccaf32d74056ae57ed3f27	reproducible
webui.war	images_old/HistoryX16.png	http-addressable-static	/webui/images_old/HistoryX16.png	1106	61bf8326844f111ca8baac0fb536d0ca3e3eea9fd3d3292ccafb7ec8202eb3c386b445a2110f8d1431d3b0fa6622918406bb3f225f43dadf8b8bcca9a29bee99	reproducible
webui.war	images_old/HistoryX24.png	http-addressable-static	/webui/images_old/HistoryX24.png	1620	231f69f96fa7afb2dff16fe97a38373161634842ed52160de039b22558a0abf69590a725d3d3887d300c2ad098dac3bcaddd9a4c48ccaf32d74056ae57ed3f27	reproducible
webui.war	images_old/Home16.png	http-addressable-static	/webui/images_old/Home16.png	724	c5b9001e0e2675938e4f50fe2d0948afdd409b00f0209b5c98d9e5c47aa48b77180e80a0fbb4e1bdadeffc2887f808d8c14328f0800d1244f6bb23ad6311e8d0	reproducible
webui.war	images_old/Home24.png	http-addressable-static	/webui/images_old/Home24.png	1041	11b819fe9b2784188588d8abfc00931b1ed021e86bba9ff28a1218a171f4198e3f58b129c2f5d8e6d3e7b0c1d965e17e042542dd850229edc266aa9fc137dbab	reproducible
webui.war	images_old/Ignore16.png	http-addressable-static	/webui/images_old/Ignore16.png	767	aeb166440e2df4cff86cad19335846166614340a38c03cac660a33c03ec851e919cca276221c592aca4d7bb536f5a6a952584b3e4457647a9d85403e44b33169	reproducible
webui.war	images_old/Ignore24.png	http-addressable-static	/webui/images_old/Ignore24.png	1131	dba41e2ee5c7848622bfb2113383c36a983510c8e02aad0e9c7a49c7c5c611e657f501ef012dabdcce199c83d3ffe324a3dd27c8c1352d2a1722cef7fd174664	reproducible
webui.war	images_old/Import16.png	http-addressable-static	/webui/images_old/Import16.png	837	efa6e0f5b8568d4b0a19253b8cb40699c0fea2ff23a93019fb3532de81bb54d0da64dcb5bc8c9dbd508445a2af7664b9f6263498f15038eef40c58c0daf920c3	reproducible
webui.war	images_old/Import24.png	http-addressable-static	/webui/images_old/Import24.png	1217	f7456cff5982d43cc419095e8a88ce9dcb66522d88e35872ebae92da076bc93686cafdb12d11a69fe6618d93652f221f73591812a3534076698671654098a47c	reproducible
webui.war	images_old/Info16.png	http-addressable-static	/webui/images_old/Info16.png	993	fe5ad0803c238008c9ece2b444a48cae0a1b12bc75f883071454f7d543a9a9097d2a8c42c198b657f56494dbe6666bdd938765070eea040ba608f2155b41552f	reproducible
webui.war	images_old/Info24.png	http-addressable-static	/webui/images_old/Info24.png	1322	90eb0d4de9cbf05b2b98b76506528fbbe073afea7d8db0c898ba3878846bdae63c2974d9e8c4b945d3a8049740f9f80771ee19fd25c5f8a6bf43a7f44e5e5852	reproducible
webui.war	images_old/InfoAccount16.png	http-addressable-static	/webui/images_old/InfoAccount16.png	708	dbdd3592affc614b8d67150cf0e1a762bf79cf5a2a003ec790951b8a122b40b9147c8e2b14a47fb38a9ded65fc654d52e14c54a8c9fb0c0a178d79bc553192e2	reproducible
webui.war	images_old/InfoAccount24.png	http-addressable-static	/webui/images_old/InfoAccount24.png	1080	718379da4ee8e8da5c46de9440d76e519698eb8927cf121686f5cffc3301cff07cfc5033b7871c7504c5ffb389bb87cf3e65239a1f05d469b2c7134a4aea9431	reproducible
webui.war	images_old/InfoBPartner16.png	http-addressable-static	/webui/images_old/InfoBPartner16.png	749	269a04a886f883efe3bcc6a668bd3036c4a09f9d2a5a1ca859119cf4b7818ab937351c827f5b65526d7f68365f0e42635a9d871c6e27596a170f7dac6e1e7f6a	reproducible
webui.war	images_old/InfoBPartner24.png	http-addressable-static	/webui/images_old/InfoBPartner24.png	987	a5a6d73281f88a053bcddc1eae85c68e58d7b93b29ce24cb69f1e9cfc2bf980fcf8d72cb1b848710408a08791dce1ec63ff518832d4ad58237ad475959bc1e17	reproducible
webui.war	images_old/InfoProduct16.png	http-addressable-static	/webui/images_old/InfoProduct16.png	579	dcf05cdfc9542e5a40953b257492f2db8a3dc00d347e5e71c8d82ca52dfd860655c1641dfe60a565210e725a002560116434580908d5aac3d936f6da178ed477	reproducible
webui.war	images_old/InfoProduct24.png	http-addressable-static	/webui/images_old/InfoProduct24.png	810	90a73b265d58e3b7a310ee71f4e53391d3409d1b656dc5a77993bb3a8d22c435088155a74caacbc86ae16d063c515d955a287dd9fa895c764ffa4954ed3a518c	reproducible
webui.war	images_old/InfoSchedule16.png	http-addressable-static	/webui/images_old/InfoSchedule16.png	1015	6d204d3eb94a84e99facb492b152c6bbde518d9057b0e33326c98db2d335cc1160617347136d22072b31a664cae4037d0909bb6f4d9795bbd6e2cdf7c8014d79	reproducible
webui.war	images_old/InfoSchedule24.png	http-addressable-static	/webui/images_old/InfoSchedule24.png	1529	155d56b4ddd9f2b7cac24e063e7ba26031fba82e20153716a5d83dcd7b4685c0b36832cb75ff2818d4573e6e27461e13395e0a7c0e9943636fca3fe387808b13	reproducible
webui.war	images_old/Inform32.png	http-addressable-static	/webui/images_old/Inform32.png	2042	b66be874491f2e73829c72b4c53a1d20f67d6e7c192679dc2b1890d72a33fbc844d4ff30fa17673cb16dce456986a1d4243b7b719bd8c6514bca8789e4bc0fe9	reproducible
webui.war	images_old/Italic16.png	http-addressable-static	/webui/images_old/Italic16.png	738	8a1023e4c7dc968b33cfc1a9fdeb0f3d939f051b690508dd9e345d37ffdb49e8c02dbf255550d75830504fed0fe52121e1d2a2bc80076a25f055d7661c5b7d6d	reproducible
webui.war	images_old/Java_logo.png	http-addressable-static	/webui/images_old/Java_logo.png	5167	3b266905507cbc23731173a772a97fa4e58f86f315461e114cb37f027c240d7255a4f246185e46801a6695fc7ca521c43c0c47f9d66b3e586b524ea8b97c30e9	reproducible
webui.war	images_old/Last16.png	http-addressable-static	/webui/images_old/Last16.png	827	ce3f14da516cf3ace991aa5871ea5bf098f9b2374e8e45f697c9673638cd35aa318e2c5b646d9f7e91b20fad3606ee9650afdecc439119fa19c5bd87bacae854	reproducible
webui.war	images_old/Last24.png	http-addressable-static	/webui/images_old/Last24.png	1070	fd660eb04ed61bf60d4282fe4c6f76154425dc630eda3b3dc027eaaf60ca1dc9fe582acfa4a8db1c0399557d6f56012d29dc4d3c0d4adb85d0bf9fe22167885e	reproducible
webui.war	images_old/Last24D.png	http-addressable-static	/webui/images_old/Last24D.png	1070	fd660eb04ed61bf60d4282fe4c6f76154425dc630eda3b3dc027eaaf60ca1dc9fe582acfa4a8db1c0399557d6f56012d29dc4d3c0d4adb85d0bf9fe22167885e	reproducible
webui.war	images_old/Location10.png	http-addressable-static	/webui/images_old/Location10.png	283	6586f517ba86163ff7cfadb316c149868c50040247d65a5a4f756f4a41f1b96d502e3271f2065c0e9a6cb9fbbceeafca03ae766cbcebc136e23b22f685720380	reproducible
webui.war	images_old/Locator10.png	http-addressable-static	/webui/images_old/Locator10.png	317	66c6a3a449e3119acdde087bb95cf2c7d578000c5a37d87efcf432525ecab16fc32a00d7ad2cd512539b4e43b8261fbbe3dd21d9628d28411736730180aa8805	reproducible
webui.war	images_old/Lock16.png	http-addressable-static	/webui/images_old/Lock16.png	868	ef03c9ec1e0eb396db568aa7fa1864dcc3e3267eabb9c26348adcde43c4f38f100e90539a72e364b237074186fff473a45fefba4e5a77a0f5bb2102d648f8ab0	reproducible
webui.war	images_old/Lock24.png	http-addressable-static	/webui/images_old/Lock24.png	1178	f29a1ed0e2a2aae9588e6152bb4dcb91f02e708e7f5ff9cc8b07c869b8873ca1f1408f62b396694995b21fe2c8badad5ebb929851cdbfa50cf5ce905d45e7068	reproducible
webui.war	images_old/LockX16.png	http-addressable-static	/webui/images_old/LockX16.png	934	bb8699862e9407bec583840f7479644cd257812743a0af027615d9d04170c5c6440a0b3c6bdf80b32481bc090c358075b1c1d0f2a0cc154d24579c3aa78e01af	reproducible
webui.war	images_old/LockX24.png	http-addressable-static	/webui/images_old/LockX24.png	1368	221c5aad888f10f75030d9619b66082dce0f06aecf419df1b8131a14e5e51edb02faa0955aaed675c594d04320632dbb8e0f3df7dd3f3e0f8d6ea202294cb90a	reproducible
webui.war	images_old/Logout16.png	http-addressable-static	/webui/images_old/Logout16.png	507	d9a49a836e43251516943c50b92c5fc3116fbe3539266536678f814b41f58079407aebd1c4d1657a49aaa91b251c6a304dd565ecb7b73d4ee0a349b5c4174a0d	reproducible
webui.war	images_old/Logout24.png	http-addressable-static	/webui/images_old/Logout24.png	829	325836f00053bb888fd02a2baa2e8b04d6905c269972af99c035a7cfff09313a86781fb02e197a5c066d244426868481f6a5e6cb72ec9f332ce0bc52f2d103e7	reproducible
webui.war	images_old/Minus16.png	http-addressable-static	/webui/images_old/Minus16.png	367	69bd6ac0a1f4ed40e475a7dd1a093f0cea51d070250c253ce58105f0447c95cad3d37ae74361388b6c3f61554fb8f22f5b53b8c71f4419473813fa18d3e41389	reproducible
webui.war	images_old/Minus24.png	http-addressable-static	/webui/images_old/Minus24.png	371	ab6b964bd83c8859d790b670333df181bcdf7d8f5d13607597e9d7ce944bdcd3554c9bb41d1fc7477443b3dda6073d7475868125567ddce68e8313786e97acff	reproducible
webui.war	images_old/Multi16.png	http-addressable-static	/webui/images_old/Multi16.png	601	1c131a7a294fd9e38fabeb21be45e93fd42645c77867bc714dba16b9d32e14ad8d07351f30558e3f1180497b278a485a66544404e422e3e5bbe2ab43d2128dd5	reproducible
webui.war	images_old/Multi24.png	http-addressable-static	/webui/images_old/Multi24.png	1009	b5a72440e89b2d25ae2b610a72cb80331c7339000019f5ce3cb69946bfa8a1adcefdac58041242266356167a207920bc107501b620ba7c882d77905054dd80b9	reproducible
webui.war	images_old/MultiX16.png	http-addressable-static	/webui/images_old/MultiX16.png	777	ad98ae3a4ac9edfc9847aed5288918a5945e6b39d4622649178748e0c7861056edb09669d0fc3900dae523ca55361de27284aa3c0533f37ced8f92fe3716805c	reproducible
webui.war	images_old/MultiX24.png	http-addressable-static	/webui/images_old/MultiX24.png	963	890cecee93d4825a72e20589ba195e238aa53f60f7faaf474e0ff4ceccc584c45e7daa3cdc1e0e0c4771a6513c996c5bdf092bfd8d34e4f3b963235375d61a10	reproducible
webui.war	images_old/New16.png	http-addressable-static	/webui/images_old/New16.png	600	338ab49923996c1b425e7b6499e3de04896e35bb2a608589ac4958f9060fad893b3778ec90fa501b80771c453d024b100939dd25c65bd21380b5f63235963a95	reproducible
webui.war	images_old/New24.png	http-addressable-static	/webui/images_old/New24.png	807	17ac129095c4de6618df14364ef09639fea1c44690f816bfab453ce967640fcb424fe403437ff375d21255fa701a7e1b2f0642a5ff786e6c46752e6a0731a391	reproducible
webui.war	images_old/Next16.png	http-addressable-static	/webui/images_old/Next16.png	850	1d97fdbd86953624b74f53bed0fa5773be4d6978c18acbf3abe79f0a1de15e231d3e767f4e44ec0cf4115483c2ad46a352d74c72b57527b597fd595caf850da4	reproducible
webui.war	images_old/Next24.png	http-addressable-static	/webui/images_old/Next24.png	1025	13580ab8d6203a9f41efd60312079b2e9e23cfc618a66c2bd60409a15e2c271ce61cc30b4fde46fa4fbe5ab8747a6c5c19075d5cc0379b3f14f50725dc8c2436	reproducible
webui.war	images_old/Next24D.png	http-addressable-static	/webui/images_old/Next24D.png	1025	ecd9ae809a9473f435f6c54bef610b6489488f107f7f19e353b89324da6db2326b4d97e3987ec9419919d4ac0553feb0beba60947060aa78ed1aac27b788ba3e	reproducible
webui.war	images_old/Normal16.png	http-addressable-static	/webui/images_old/Normal16.png	679	85941d62fbd21f9739640fd650d0fc4463edbc448694cc5f02ebadc548d441462513937b8ed79537940c792e69d84440f5962a21d6cde95d8039e5df6e71c5eb	reproducible
webui.war	images_old/Ok16.png	http-addressable-static	/webui/images_old/Ok16.png	742	bb4cfd1cbcc7fd2a7d488c611f726cc173a15112ffc5dc33f65d851603cde7474ee6603a63582ca12946d2f27703cc35333b357dff5586f7218b8b8d61557cca	reproducible
webui.war	images_old/Ok24.png	http-addressable-static	/webui/images_old/Ok24.png	1057	5f201e6b1ee77f989e1331a73c8381b9e2c00331fce8b71e9eceafdcf142d49b872d7857f661d59b0b1c8b1b281076dde0599b0767a6554c08a85630c9f2423e	reproducible
webui.war	images_old/Online10.png	http-addressable-static	/webui/images_old/Online10.png	614	f2a240e500a2f46d73ec50b3dff4e858504ebe8a713948f28790392446ae3eaae75870d645126d340f4055d6f3dc88a014a7e70e6ea150142e3a3c0f0738fd49	reproducible
webui.war	images_old/Online16.png	http-addressable-static	/webui/images_old/Online16.png	982	fd627fea5884e616102b1112d8226648d7be6970cccf2c76d9e6e699955745ef9f6ffcefff5afa90f9a4d4d8febe89f7cb18c6b8c1542a12e31a1290bab838dd	reproducible
webui.war	images_old/Online24.png	http-addressable-static	/webui/images_old/Online24.png	1516	ae89c0920023d0cf4201beb880c4d68113333618447eef36cf65707cff1be2061f927b18a41083e2415c6a2d30c74074525929ae9a3338a92aa7fa6ede8e6f41	reproducible
webui.war	images_old/Open16.png	http-addressable-static	/webui/images_old/Open16.png	642	c7a66ae375dbcecc6d6b67005e96933d9ff0bfc81f6c4577ba27a472b8968a864a27d955b051f1bc33ebcd2411a9129da5e44613863e14663cdbbe40a5463ec8	reproducible
webui.war	images_old/Open24.png	http-addressable-static	/webui/images_old/Open24.png	922	c6bc5d5dc6b06bcd86455908535c7693c2a11295cf10f8e7f5b15e793b304b642b60fb4694b9b022f2e1f839922379fa6495a34481309d386e66e0bc11183306	reproducible
webui.war	images_old/PAttribute10.png	http-addressable-static	/webui/images_old/PAttribute10.png	491	2ae0b98dd9df87ddbedf93f553a2588542aed59b2c20d1ceb9bf54afea8d9f09f1efe2bcc130bef93264d166a43a002230009b7e99033c05cfa14daa1a24ece6	reproducible
webui.war	images_old/PAttribute16.png	http-addressable-static	/webui/images_old/PAttribute16.png	591	c239cb4cfcc4e8367244d001bf56f34267a3eab9bb4af1bff216ee2a411198c7c1f72eb878fee83b509559e6dfb803815bb9b35e8dc126acf2259033ce0f27b7	reproducible
webui.war	images_old/PAttribute24.png	http-addressable-static	/webui/images_old/PAttribute24.png	855	e6d17641ba63ca0aff1f768defef281c0423d4f4d1daadb4513675632231b615412c058725a4a561ed9e651385ce1f4b08ca8516391ec07ed1ba3b2d3ccdfa40	reproducible
webui.war	images_old/PageSetup16.png	http-addressable-static	/webui/images_old/PageSetup16.png	911	ff4f498c074be77122bcd65a8501df884136cff66189782da04ffbff75b094fefe9d1ca698039aea27f6b6ca8cf430be87a27aa41616778dec04f42c092ae98d	reproducible
webui.war	images_old/PageSetup24.png	http-addressable-static	/webui/images_old/PageSetup24.png	1377	4bf3ce0ad9008a76d39a223a32b057473bbe42208741fb89095be6dbebc963230ec61af24d5bd04a88383babbb0cafaf03fda9adc19cbf266d31eb5c212ad177	reproducible
webui.war	images_old/Parent16.png	http-addressable-static	/webui/images_old/Parent16.png	823	5c9169655851985540fc23dcff47bb7e580c51d310e755693c687d53f9951b0a8396b5cab698632a8f530d9330016e1a976a1fcfb31d2160e029011a25eda3c9	reproducible
webui.war	images_old/Parent24.png	http-addressable-static	/webui/images_old/Parent24.png	1117	efca5d7160e260c47fda774ad47f01c3398682d4865b249b6ba339ebb78dd8d4f8e18c603fb8304e111997754eef370524a832d005944b3b7f690d74e74c6483	reproducible
webui.war	images_old/Payment16.png	http-addressable-static	/webui/images_old/Payment16.png	940	1fd756ccd9ea42fb7fd95b90d67d7e2af223a50b14ecd03f81ab15167927038d53547511153e21578c031690fd085fb0cef0ecf00e5ea18d26474c61df409cc8	reproducible
webui.war	images_old/Payment24.png	http-addressable-static	/webui/images_old/Payment24.png	1487	b11a656d1720beec1ccf58860b90e4189f107f1714c984ada361a9bc9fdc09ba933bb9a67a55846d6fe47690c733d31f61dc29061096fbd502d68fedb0470190	reproducible
webui.war	images_old/PickOpen10.png	http-addressable-static	/webui/images_old/PickOpen10.png	596	96462f0e1c410075319ee0beee1d895d573559ea1783c78680a15a2ebdbbdd6bfce70dd6c05517d3fe2daff873c4e8f9fdb57726615f2bade5c4e1575750ce20	reproducible
webui.war	images_old/Plus16.png	http-addressable-static	/webui/images_old/Plus16.png	445	897a5773d35a1b837c8e6a4dafe8910b780b26557838ba69b420be169201ce6069d79e6c3724ae35af187dbd09f99061ff2bbed81a70241c0179e158972a7249	reproducible
webui.war	images_old/Plus24.png	http-addressable-static	/webui/images_old/Plus24.png	517	643d52a884308247576c12a38a85610a985b5eadc9a9443182b54fa17bce1396f058b00a958bed99d0a5312747b8bdf5d1d218e70a9905aa5085117b7e0fef04	reproducible
webui.war	images_old/Posterita.jpg	http-addressable-static	/webui/images_old/Posterita.jpg	3892	9879900280b1f478c4eabd9cafa9366f20803bc3408b77992a72e90c35bde2b1e320cb491a2fa657ca1c21a059a72247bb00e6a02e47a382d28b9ec4b6a0f39b	reproducible
webui.war	images_old/PosteritaAjaxUILogo.jpg	http-addressable-static	/webui/images_old/PosteritaAjaxUILogo.jpg	2818	98363516b2cf23244795a33e4e2a172e5eae7ca292d34761a173231da92e9266e13813ea3a5285842f2590427c4104c79ed1531c8d37ae8d3124e5e2783c03d8	reproducible
webui.war	images_old/Preference16.png	http-addressable-static	/webui/images_old/Preference16.png	731	a3239b64dfb6126bf0b29939ed3f013e74585825160555e04b9f4138fa481ab78d15019219bca1d402907e8ec0c41e3e7a18f70b82670fb6680e5ed4e81ddadc	reproducible
webui.war	images_old/Preference24.png	http-addressable-static	/webui/images_old/Preference24.png	1274	31a8171042f7169c1164cbb75db064d22477f962ebe20841107ce0f631c975eccddd60baed46f447fe6f1d4a827792d783e7b1ee7e5f559d3df7f96ae8fe6573	reproducible
webui.war	images_old/Previous16.png	http-addressable-static	/webui/images_old/Previous16.png	820	2830a6df54b33f67ec4f01780f800e3e6e2bbf11019d14fef72b1c7bb8f39b41c9672970d4d242732f20afa0f21c4df71d842dc865b4c4f7780007a4c110bf5a	reproducible
webui.war	images_old/Previous24.png	http-addressable-static	/webui/images_old/Previous24.png	1042	81eeb8f7990851b9e8e31206d9b7dad476f4f1fa4c90f80faaf48323cca2ea9bc18d90a3cde7a15904f3f456856967b37a85472f9d7aa94ca2b43ea9b7c1d902	reproducible
webui.war	images_old/Previous24D.png	http-addressable-static	/webui/images_old/Previous24D.png	1042	767cf1136aac610e3d3461c362e4c14e0344933fbb016aa13fb9b3ce72edf110c2c26d5e577105d86e1ef26e17ae8289ff7eea1f7b1c363eaa94a863aa9a67eb	reproducible
webui.war	images_old/Print16.png	http-addressable-static	/webui/images_old/Print16.png	663	982376e3d18d85a1f6ae96f6c153fc3367dba8774d1ffe79c34f3d0a02a1709caf3dd62d6314b0c30106cac091b6ba821983f647a212892e90a81a13bb874bef	reproducible
webui.war	images_old/Print24.png	http-addressable-static	/webui/images_old/Print24.png	991	e2b03ef5357a7f83f265be63532c81f8d3020172d0a23ead3f792d53f7d95fa11aeecbea345025d18eb9a526ca3a30bac9f04f7bcaf4e6ac1c7654cff3b3a3c2	reproducible
webui.war	images_old/PrintScreen16.png	http-addressable-static	/webui/images_old/PrintScreen16.png	835	8de47cefbebf41197a862e6652c1d0d333f6fb7df4773b63910d01eb352dd7ce8fc6de7e3a8d34284e492b84194a7ed4fbce5e747b2a170077baed39f29694e8	reproducible
webui.war	images_old/PrintScreen24.png	http-addressable-static	/webui/images_old/PrintScreen24.png	1086	ce3db82e2aa23f7981691647142efee6b7a5f95492e1daa4f0f401880ff63e6a5e9516672bade1daeae931854c81a44e95d3decf3f9794b2b8240e957feab058	reproducible
webui.war	images_old/Process16.png	http-addressable-static	/webui/images_old/Process16.png	718	85646cfae19a8f78f29b01deca4bc4449e328feb392577ea173b19cd697cd14794949db53a74a43a69e881d1d57c8580cb6dbc64ad8b427e0e3b6632062bdf05	reproducible
webui.war	images_old/Process24.png	http-addressable-static	/webui/images_old/Process24.png	1606	305d97e699535a99608834f8ece424b90900c1cf283115b640f1e9687d25c3836d282f73c72a6839be9a94101840e8947f8de262b14a61ab8336b1c3911cb269	reproducible
webui.war	images_old/Product10.png	http-addressable-static	/webui/images_old/Product10.png	465	2f8f81433251ff4735edad4acd260a719f7d54b20303955886c514d2e27ef7717ec3c88e9943cc0de5b78c2e9cb60643e01e9cc8e37b3076940280754b1955ec	reproducible
webui.war	images_old/Product16.png	http-addressable-static	/webui/images_old/Product16.png	579	3cb7332f1ba8ce2f18c96633177537192998827c88400c4c33b1c428401087b2a8fcf37c85c7bdfb2a39bf122504c15fdb8b879e4de89fa93081ab91b05c47c7	reproducible
webui.war	images_old/Product24.png	http-addressable-static	/webui/images_old/Product24.png	713	92a8d4adedae33a606ea19546339a909a16cdce098a3edef19e8f5ed1e23ffef2578d7eb6f8575479d863607fd6e5df38a587683d00569d38735f85d3d849b06	reproducible
webui.war	images_old/Question32.png	http-addressable-static	/webui/images_old/Question32.png	1623	184a0a399f1e1646b99364ac34ce1a943cb5ea7e8488c251157ef6291ed81b9d0fb631a8378377d7c28319a78ed5315cb11a8ebca0b9381d611e5af123306c05	reproducible
webui.war	images_old/Redo16.png	http-addressable-static	/webui/images_old/Redo16.png	709	b4b8414e36a89c5a6b906f1bb9e65889716113077d17aca25658d4d44e0d570cb7ef8e4de5eda1675a7c8c2282c27500ea3b8a7dd1222518e2a0d0a2483e15e6	reproducible
webui.war	images_old/Redo24.png	http-addressable-static	/webui/images_old/Redo24.png	932	cd11be5df3d44710071a9b9ba59ae9105133582bea78db765c95014ac855ef82320b11b0a2f5c44d1dc49c2ae8952d08677e7dc50676f6d539ae550879f4f0f5	reproducible
webui.war	images_old/Refresh16.png	http-addressable-static	/webui/images_old/Refresh16.png	1081	0749356f0962ef1c03040dfb0a1b6edc50514f743bb165bf9ae5c24c48a2d6c5cb4d39d85383856e7f0347a1ce12ae650f3eb64d0611ce8b18e315521422e0ea	reproducible
webui.war	images_old/Refresh24.png	http-addressable-static	/webui/images_old/Refresh24.png	1530	66013bd22d0187a45c0207e5cca8ca7c2938dd495fe5b657a4b5b411846e370321f3102efb518b407ef6d09c03591abe505d60aa6baeaf25a9c91b56179c5217	reproducible
webui.war	images_old/Register16.png	http-addressable-static	/webui/images_old/Register16.png	640	ea1d58858b55b2cdcfc8a54cf332cf9ca805637cde1f183869e0940662b594d4f38ef5797927cdbf798b8acf6821e76287eefe3436ddfab047505fb55fe51f53	reproducible
webui.war	images_old/Register24.png	http-addressable-static	/webui/images_old/Register24.png	970	9efffc55b2496575ade156ff43f68761033083ba01dee9a2d341bc9f13fc6ce719bd630de470ece1dca935294a75a94f295def9bc63d2bffbbcb07158078aea7	reproducible
webui.war	images_old/Report16.png	http-addressable-static	/webui/images_old/Report16.png	392	edb4a9e8449da1843ccf5d70c5c9f5af805f3473602e7f1d0eb5fbaca8e8e629c90fe556692031cb40af7a85c52e4ffcbfdb75ff13d0bf49d6852f01ba5ede63	reproducible
webui.war	images_old/Report24.png	http-addressable-static	/webui/images_old/Report24.png	654	6080859c82d86c6201562f7e3da6e496bce7b2ea13826568b069d32af6f3d958d5975df44bb19da24decc0a21fb98d88c6af4386b301368d89fafe44980ece47	reproducible
webui.war	images_old/Request16.png	http-addressable-static	/webui/images_old/Request16.png	986	a9e7209ab251f2f2d5e62aac28bd5fb47f585ca198c0f29feea5617b84f7e43c6c549b46028793c403f3eda98c412cc6febfac3171b8c3934b4f0149609a3ce3	reproducible
webui.war	images_old/Request24.png	http-addressable-static	/webui/images_old/Request24.png	1436	df3fb2944bfb1a8dc0a1a705b6fefd0190225b9a9d67f95b769bdec0a24c59979ae03204cc9f91e12e4c7705c7b4c0e4b624b2122469273c47aed2a50bd5bdec	reproducible
webui.war	images_old/Reset16.png	http-addressable-static	/webui/images_old/Reset16.png	890	ceacd0f8da92011dc8362f3c37e97c7f69e2e0511389b3eb563c0c3ec0646f7cae2033bd6ea99a9f829bfcc0d9e5f824c116ad09178c950862620a27c76d60d3	reproducible
webui.war	images_old/Reset24.png	http-addressable-static	/webui/images_old/Reset24.png	1218	8fbe2d5a70a5f6a451acbf103f1acb18b5c98fef4b552b1c5cb2f997adbcedaee65f834de1b1c854a35369d0a2d972da0d2e1b611e1efab85d8645fd8280f142	reproducible
webui.war	images_old/Save16.png	http-addressable-static	/webui/images_old/Save16.png	728	65b60f1d6b3a97fa0605d27982387bbe7294c62e9fa574d7b3b88de086cc9554ccb15e6cd460a055962db364da5665b895415ff709b2016bc6c2cef3e5aad53f	reproducible
webui.war	images_old/Save24.png	http-addressable-static	/webui/images_old/Save24.png	950	5c2d8ff9da24590b2bd063ef4c34411283492387d3421e5e6f5105547c7ae6fa6a1995ed0ef55c990eccebb4e6c12ded12032f02ecd57cd211bc255d57521c1b	reproducible
webui.war	images_old/ScreenShot16.png	http-addressable-static	/webui/images_old/ScreenShot16.png	908	a1cdd300387b7c72c6eea75ac1db130d1a7dd64e7df206bd7b46d91df641ab705919cfd60a14be91e306a48e763316b7f43f492b84b6cf6c18c29a3dd6c3a6bd	reproducible
webui.war	images_old/ScreenShot24.png	http-addressable-static	/webui/images_old/ScreenShot24.png	1379	13352dc1739dc3de6a79788fd612ce630276e069e491a0f730ed623916000a4ecb00a7821abe2cb871f50b4f13a6e9b0b5d3777e0e92ec5355d04362c18c20dd	reproducible
webui.war	images_old/Script16.png	http-addressable-static	/webui/images_old/Script16.png	635	93b68535239cbb1c4460462fde118322365453af9295eb4432f8dfb7d053a1713c095d3064cab4d44a7eddd75ace26d11684e35614e24bf05f5ee70672047e0b	reproducible
webui.war	images_old/Script24.png	http-addressable-static	/webui/images_old/Script24.png	1004	1cf45f01c226a1e9c282b48e2750a9625b39dfdd2d39b87da38cd73a342b351c730f6dbddaa40fb804e2cd579dc207de04ffb0843d8c48ec170d788b3cc83ca0	reproducible
webui.war	images_old/SelectAll16.png	http-addressable-static	/webui/images_old/SelectAll16.png	441	8de13c1a2975391cf6ca1c055974a7cf91ceb558932394932c6f4a9a8f85b24db201c060857f77af46d504dd63c5af4c1ebffe1e2f4f8e8c45d4466f9095a214	reproducible
webui.war	images_old/SelectAll24.png	http-addressable-static	/webui/images_old/SelectAll24.png	645	abf4590cbfa661c9319ed725eb44c9024ff8df6f996ccb97fb2d032c73cda9c5cc86cbc139574235f955b51744e6d527387ec1fed729a55c58ae24ea85c62750	reproducible
webui.war	images_old/SendMail16.png	http-addressable-static	/webui/images_old/SendMail16.png	771	f99ff26c417d9976b418802b4c83eb01cbfef470b5198d4e4d028ce310ee914b594e33b0ed555496d52031c28ad4728a7d7af10aec7be165f2cec3830ed2ca18	reproducible
webui.war	images_old/SendMail24.png	http-addressable-static	/webui/images_old/SendMail24.png	1068	8b71b769ca3d1620907b4378719b69895248adb3400b15cc590535721e9265b8b8913961cca4f8742537b70cbe7e8bac2ee9d4c57062b596defaf8346eece58f	reproducible
webui.war	images_old/Server16.png	http-addressable-static	/webui/images_old/Server16.png	769	1e12aa1e0cb8cc063fb7c18d183a447d5c10addb295d5d0da56f198ca06f87108c497e850db593631ff3e6d06bed58e77bd26733ce5019f683b2e572517a86fb	reproducible
webui.war	images_old/Server24.png	http-addressable-static	/webui/images_old/Server24.png	1011	70aa746dc89fde2cb90153c8cf41761089d6d14ebceeca0213598dc685e33fd3a98b305f6c7412965953925e59e0e7a06ae9d4b6e7718d57e84eb42c5ef6bfa3	reproducible
webui.war	images_old/Setup16.png	http-addressable-static	/webui/images_old/Setup16.png	1091	5e1205747ed461e9777640890c5218ae9d81bc210e9607450b806fcc10af19dbf1e1b4296ec4b6267bf2f07d733f8c982718107287f569c4582b760e0b99f5af	reproducible
webui.war	images_old/Setup24.png	http-addressable-static	/webui/images_old/Setup24.png	1581	06d7b5ce3dbbbe2cd8f8f861cc3446777d0ea1164e56080805633b65627617b40a25dd12a7a8a10af773f399af17122c232af1a20cee628cee8118a19596acfd	reproducible
webui.war	images_old/StepBack24.png	http-addressable-static	/webui/images_old/StepBack24.png	1217	1849b0478a8c3a18ff9b36f68bf93fe2845997f0669cb1b1f801f24296cdae2de98aa7dbf10716853dc147cc097b4895c9e04e62eef931a1b6d37d82018c8d66	reproducible
webui.war	images_old/StepForward24.png	http-addressable-static	/webui/images_old/StepForward24.png	1291	b47b4f4fac0f2dd5232718b5aef59f086b7497b17b175e3094292b5fb4c2aee7a9aff6b28e906c188804a21d8ef60d9b710ce4e27ba79cbbe5f8e9c968c36c33	reproducible
webui.war	images_old/Summary16.png	http-addressable-static	/webui/images_old/Summary16.png	698	6bae5d804fc47479c4f721dd48bce50500b49ff929c78c250c9b2ffde294488536eec02ee31cd19acf3a8d40e71da66db515c95e6bf085a1e5ce33b562010864	reproducible
webui.war	images_old/Summary24.png	http-addressable-static	/webui/images_old/Summary24.png	910	500f05022230132df3019260c58982a7f85ec6e73a5fa1a7982eeaa717af99e4f953ac617d1c1ea1b2de5e005246ccf65e1cde10d96e4a1faf8be7bc90c8f491	reproducible
webui.war	images_old/Translate16.png	http-addressable-static	/webui/images_old/Translate16.png	735	acbc9cccd70fdf9b94b66d8f067558f2f399426823e2457044a286cfa64bab63599f7e54eae2ffd556cc1198c73df6bbdb431e0ce998ca15d77d00d08f377dd9	reproducible
webui.war	images_old/Translate24.png	http-addressable-static	/webui/images_old/Translate24.png	1377	f7b651329e0ae80971d9d4acfd1360f708a252327ccfbf77e8df51ef31e87f46105b08311205f8a49a26b7115fc9df9aafc0108793cff17f2d41d5717cfddbab	reproducible
webui.war	images_old/Underline16.png	http-addressable-static	/webui/images_old/Underline16.png	792	e2306739b82892866f336924021f312f52574a4e0993cdb619d06baf2d5001010d31229cb1ae27ce45c0834f17b90d671f54605d4941fc0dd065459e0eeee0cd	reproducible
webui.war	images_old/Undo16.png	http-addressable-static	/webui/images_old/Undo16.png	769	1ab4f0a12071eeab81017e9211e9a146d598b6a5f03812b85ec0fbb43faed273dd3683bf2f17a653187802a726bf63b523876aa651a704be1e45082e1341cec2	reproducible
webui.war	images_old/Undo24.png	http-addressable-static	/webui/images_old/Undo24.png	1124	1850c069ec81e904eb0f1612b4bc7c72846c825294305e747a0f82a8e10a463450d4b26202627eebf41049d4f45c8e5f8ca237c7205c6a93357bbdd3d19236a9	reproducible
webui.war	images_old/VPreference16.png	http-addressable-static	/webui/images_old/VPreference16.png	904	3892a139caf4074d833ff93c884b2412d35fc7309b4b9e0dde3023a2364551b12f596f56b4b4412c6e57eb477b0eee70cec7747e3e9f33dd8c56a04fc5419968	reproducible
webui.war	images_old/VPreference24.png	http-addressable-static	/webui/images_old/VPreference24.png	1093	950a339a39f58ff530980da45d8bb88afa835dc3ab34059d89d2553484f4c2dfc4bbd42184f287c570768655f7b65541b173fcdc9cb81caaf616dd0041e1a728	reproducible
webui.war	images_old/Warn32.png	http-addressable-static	/webui/images_old/Warn32.png	1497	3c01709bc4ebdeda5fbb06a511de3fda57725cec4dd2101ae166f7768cebf126568a27b1c2eeec69346bbdddbf03d2b4c6471e6832f592f60a82b7531b2920d8	reproducible
webui.war	images_old/WinSize16.png	http-addressable-static	/webui/images_old/WinSize16.png	890	01ac0de73bb7fb23842a5769faa89100217eedcbd50adfd9facb59bee239576580f4c60ccdde9e61173fd1ff5b884248963b92b4e17e254fef612d2ffaa47216	reproducible
webui.war	images_old/WinSize24.png	http-addressable-static	/webui/images_old/WinSize24.png	1024	4dc0c718ee5b86dfb0e7f1735908d801b6a09cd6f2ce7545f554c438ee6dde5a6fe20015376d595c940cde363a2a28b5f7e7f445aecbd618a028949356c3ddf6	reproducible
webui.war	images_old/WorkFlow16.png	http-addressable-static	/webui/images_old/WorkFlow16.png	505	75312171e065473afee4256cef0401046e473675e6378fb1792be5e2e973d751f8973d1762005d61659dbb062bd42c884c9dcf7f40cfb526429f19116b93190f	reproducible
webui.war	images_old/WorkFlow24.png	http-addressable-static	/webui/images_old/WorkFlow24.png	835	463e9ba691af841f2e881636b535a9f474057000281c2b9ca106765e5e8de7edd5a7e6a7dbbb646df91a3d717b3efaee4a4a38da06f3cff0bf142565e40e6c13	reproducible
webui.war	images_old/WorkFlow_16.png	http-addressable-static	/webui/images_old/WorkFlow_16.png	505	75312171e065473afee4256cef0401046e473675e6378fb1792be5e2e973d751f8973d1762005d61659dbb062bd42c884c9dcf7f40cfb526429f19116b93190f	reproducible
webui.war	images_old/WorkFlow_24.png	http-addressable-static	/webui/images_old/WorkFlow_24.png	835	3f755ddd73228721366bbb091f006fbde3c005976a449c1f829256832af28a467e066c7480333561c5dbb6f4da4e6e8aaad9d9788bdbaa5d8c78fedb1aa09b04	reproducible
webui.war	images_old/Zoom16.png	http-addressable-static	/webui/images_old/Zoom16.png	737	950b2daec71489b60a0098b1bfb80a944ab533019164503f9d35e20c40b9132f1bc310f89670380f0d178f119844bf33fef5ef959655619146d4e43e996c96db	reproducible
webui.war	images_old/Zoom24.png	http-addressable-static	/webui/images_old/Zoom24.png	1212	c471f7b78cc3ae5325bf0cd1d23da2f10c78b8d272ce46ffe8072a38c8ffa06cf0a195fcbfbf89ff6c1bac902dd591d93cd7ddd086de31327fedc21100a67817	reproducible
webui.war	images_old/ZoomAcross16.png	http-addressable-static	/webui/images_old/ZoomAcross16.png	1018	c616f5e32dcd80137392ad04fc694559e5c792025d9b1aab1fa5d448a4f1fabaafacf9e772385981eb63633a4258f0057baf6abe24dcfcf1df5deb059b6b5327	reproducible
webui.war	images_old/ZoomAcross24.png	http-addressable-static	/webui/images_old/ZoomAcross24.png	1538	81b79bfa683bfca6f65def9c216bbe957195522ffbf35a91df39ca51bd3fc2af813c6e0d5e03b83da308389fdcb604b5071248230272050ada9bc193fcfc5c7e	reproducible
webui.war	images_old/downarrow.png	http-addressable-static	/webui/images_old/downarrow.png	264	9c93144fbe79aed4c0564140e9e21349331b0bdd036b4971c4ceade7911fa36caec4a1c2693a454abecd9be31f673fb7f4b37692bdd0e3aa9c9adff0784134c0	reproducible
webui.war	images_old/gradient-bg.png	http-addressable-static	/webui/images_old/gradient-bg.png	1340	4d2f8325e67fb33897f93d3a111a52b25540a34c53a7933ad9390415803bddab63d9251d2101d9e384befbfd62c50940eadfb5f74d833ab9c99f32be26b9a080	reproducible
webui.war	images_old/logo.png	http-addressable-static	/webui/images_old/logo.png	6674	069e2fc1db8c906f851018cefc10f6b5077287d14f693fcc77de4a2e3876f968672515f16cda58ac84a785cd979f38be0f115aca1f52904ee112009a1ae95986	reproducible
webui.war	images_old/logo_ad.png	http-addressable-static	/webui/images_old/logo_ad.png	9060	d9e962da2a08843770802b573367d1a45d23c2017b5be9dde718faf4f0e8315ab473b5b1e11e92696c2b2ace28c5ac95bcc6eb1f16bf13fc3f1bec5598a944ae	reproducible
webui.war	images_old/logoff.JPG	http-addressable-static	/webui/images_old/logoff.JPG	1003	2b7328c9035f0d76a80e529d444138f818797fb0668baafcfa3b959d4ebaea2980dc46279188485faf7a22d4824ccc84b47aaf041a2d8856b43fed8206465ef4	reproducible
webui.war	images_old/mClosed.png	http-addressable-static	/webui/images_old/mClosed.png	619	053a4f5b12442bf4f4e3cf32c10cb4ced0d87f2b7a1383b081e74726fc98bee31fd40fbea9393ea476f020c08f4d86a2a51111b02f53ab53a3002b2944dda33b	reproducible
webui.war	images_old/mDocAction.png	http-addressable-static	/webui/images_old/mDocAction.png	724	bcddf8d2834aec51894534525dce368fddaee21353f0a1f71880fa0dead6cea01c44e1d554082ba5365d90bced5a5521ca2c0b62c4d5af57225c37c14e7e3b73	reproducible
webui.war	images_old/mOpen.png	http-addressable-static	/webui/images_old/mOpen.png	642	8e1fff72184b4a929fc850e9ef7eb67097f4dddd7e6710766706daa129bd0de8350435f252906a0c88aa7d4b16729379b38b6bd603afa1c78d004745e00eef75	reproducible
webui.war	images_old/mProcess.png	http-addressable-static	/webui/images_old/mProcess.png	718	94d545a691a801fd690ed513268bb02a91726296de15c644636e26fe33ba434bab743977ed956e84e06acfd963923427147ba3c53f3c1b3148a49f23cc07da4a	reproducible
webui.war	images_old/mReport.png	http-addressable-static	/webui/images_old/mReport.png	450	e1f3df7594af1b0cc6505da5e922ef7d06b55be54a6d3fb7d942ca69f001d33d1e0fbba028a50d77fe9eccd27d5d7530c27ebd60d439ce8e1397f6bd62ea98b9	reproducible
webui.war	images_old/mSetVariable.png	http-addressable-static	/webui/images_old/mSetVariable.png	743	e5c87f6c5c2b9fb27852a1426f7598113ec7644b1cb87870c4f0b02b952ca968ae59540cb0ed3310c4007b729b27fc761f446fb37f8bfa21fcef40d97f82875b	reproducible
webui.war	images_old/mUserChoice.png	http-addressable-static	/webui/images_old/mUserChoice.png	765	ba469073f35be138d06c75597f88a9366de49399a1be79b97e5a7836f1389332f3c7315110d574c75aa2927cbaf86ecd319c968b6722e15233d8ae126ad4f2c3	reproducible
webui.war	images_old/mWindow.png	http-addressable-static	/webui/images_old/mWindow.png	588	c079545e7262cf6812eb0782f94fa15e80320b4fb038ea68f8c70d65e4b91ae85b45c968cc4bc63f651be2822fd5e2ffc2729a9c330e25091d742a177380360b	reproducible
webui.war	images_old/mWorkFlow.png	http-addressable-static	/webui/images_old/mWorkFlow.png	505	75312171e065473afee4256cef0401046e473675e6378fb1792be5e2e973d751f8973d1762005d61659dbb062bd42c884c9dcf7f40cfb526429f19116b93190f	reproducible
webui.war	images_old/mWorkbench.png	http-addressable-static	/webui/images_old/mWorkbench.png	883	1c98d35f68af4b2b6fd1640d6344543e3c83491056b314c9bb4b9183e28c8647f826b8cc0d414efe27c0f19f4b40818042c2f58251c6b68b0805271ed98fe9b7	reproducible
webui.war	images_old/ns-collapse.png	http-addressable-static	/webui/images_old/ns-collapse.png	1049	87751dbc514fd110d35972a970b28c1e605f09373aa51deba8aa87437a5ce2a93f3b747a0d7fdcb2463780d0b8551d10b0eebcfaf6854932aa846307b12874bc	reproducible
webui.war	images_old/ns-expand.png	http-addressable-static	/webui/images_old/ns-expand.png	1048	9c22ede67a297f37b523a3f036da4a7a001dd2fc9d08b1360e46716ae1826d6bab2f296843f0b1726fb311f4249b062f2e1e2095c596c8b79913ea31e060c87c	reproducible
webui.war	images_old/top.JPG	http-addressable-static	/webui/images_old/top.JPG	2717	21c5e4417992ffadb9054a841d49661c9e07ebe09149e924bc0c334a1fce419636e21ede574b1f18a917729beafc361a5cfe786862c10931e34caf8644a4c0bc	reproducible
webui.war	images_old/uparrow.png	http-addressable-static	/webui/images_old/uparrow.png	266	4398c54c9d81a1b12b0f2a246c5e5d5a582b0065add6129dde0902449ede175d15fbb5a0567822536186228dfd8cf843e1467d411cd8ead4969998702e4f949f	reproducible
webui.war	images_old/wfBack24.png	http-addressable-static	/webui/images_old/wfBack24.png	1117	efca5d7160e260c47fda774ad47f01c3398682d4865b249b6ba339ebb78dd8d4f8e18c603fb8304e111997754eef370524a832d005944b3b7f690d74e74c6483	reproducible
webui.war	images_old/wfEnd24.png	http-addressable-static	/webui/images_old/wfEnd24.png	1103	1bbbff54fb50293f8028cdd47f26ab6efd72003edc56a2668268a02550cff09282935113b185ea042bc3fcee1b5c946a00fec27feba150aa9d2f44c8d9d4845d	reproducible
webui.war	images_old/wfNext24.png	http-addressable-static	/webui/images_old/wfNext24.png	1094	1a3167426016144379744b3df86ce131c102331784d8eb22f84d19361897edcc23afcdb5a4835dc83aefa91d708cc6e0efdf525324580add5745b972c2997666	reproducible
webui.war	images_old/wfStart24.png	http-addressable-static	/webui/images_old/wfStart24.png	1126	7b2f52ed2a530aad6c304f43bbdef941ae35a44370a087e8c53c9a278b6950be7e496ec07a7e69f54962091e0d86f104b5307d1e60811b867830599ba154d97b	reproducible
webui.war	images_old/zip.png	http-addressable-static	/webui/images_old/zip.png	817	8e90291b1b283f8de3a8801d9321d127f7a9ab28c07fdfd0ce35fc4e8e24800cd27678d117e0b501c23bea39644add9cb6d45fe9c5bcc0b3a11ef66eca89415f	reproducible
webui.war	index.zul	server-side-template		1005	08df6cc124bdefc94bc37b8071449a04570779e0692ce8eff88ed2bdf31b92d8d3e18914761ae9e7d741b361fc7e09012ca3f21a1a80b691e3e536c55e1684bf	reproducible
webui.war	js/calc.js	http-addressable-static	/webui/js/calc.js	3234	7d77adee6d10dccadb1561bd1eedb4812905947e2f1c1e24b77cf2fb0e48bff1557585b30cf426b735a5ccfe88fe4100e4e2a4eeb4bfc4d1f34e826fce57b1d2	reproducible
webui.war	js/jquery-3.2.1.min.js	http-addressable-static	/webui/js/jquery-3.2.1.min.js	86659	dcff2b5c2b8625d3593a7531ff4ddcd633939cc9f7acfeb79c18a9e6038fdaa99487960075502f159d44f902d965b0b5aed32b41bfa66a1dc07d85b5d5152b58	reproducible
webui.war	js/layout.js	http-addressable-static	/webui/js/layout.js	624	3a0a55632e0c8965d356c50184c231f84e08c74744ab8256a93513c41c378849e3d1526c99519d53906e11df27d07995f10b9e5bf009e512d3067939e4cd4787	reproducible
webui.war	js/persist-min.js	http-addressable-static	/webui/js/persist-min.js	10395	d639da67e35ad83819d14b133d9e84131eed13c58ad804d434dd962f60c43cc7b7509a2d08bc7158065c52ce69201a274364ace33c0fb790ca3012b7273f56ac	reproducible
webui.war	js/report.js	http-addressable-static	/webui/js/report.js	1013	e7bdd3ff302dd4991d5a6ed664af0e1e3b7daf3b4cd29812b4918992377ce90dec0d8d801485e25f391c42e6c0b465d10659dac595038eb5e5fb68c1de2c918f	reproducible
webui.war	js/text_action.js	http-addressable-static	/webui/js/text_action.js	2044	5020fc3f85787f46530420d9f8bb687789a0c214a077919e99057de35cd430ba5a1e907514ffc7ee463cb2c967b88139fd80c6bc550c98bd0208d1ac3d5f2595	reproducible
webui.war	js/token.js	http-addressable-static	/webui/js/token.js	1959	dcd1682a7652129ff068b95ea815e97b42dcf178d5db64dff63c201ec381061c23de7fb7c147d6c74f5146c0208f64b9bf11ad33cbd633e0dfb26fa9a27c726a	reproducible
webui.war	theme.zs	server-side-template		807	b2bf113522d73bd8fe485eb6fa21659a63992ce92c453f80ab10ae6a6c427e2cec093e1524b99ba10bdf8d7eab5bf2dcb5399d30dbf7d8de93dfb67db9680200	reproducible
webui.war	theme/default/css/color.css.dsp	server-side-template		14937	9e52f345235dfc6ee418e272090dde5983a1bbf89adb3ed2bef2b7f4590bebbc7c71835ee7b9ab5453fb6f1030b66f6cf793966eb416649bf4bc51df5be2e3a8	reproducible
webui.war	theme/default/css/img.css.dsp	server-side-template		31719	3a6d40b6ca1c9b91e63e9f53b68ddae5bac51ee7e388365cccd300c5ca42d84237f6569582da99f71baf7b72f62514246b3fa2005c3700ad24a5228031d3907e	reproducible
webui.war	theme/default/css/theme.css.dsp	server-side-template		12150	bcdf4e0d01482c7fc11fc7663276a06b351897c03fab11338a4a475a2d71d3cf968cd6096ae15dedc7772a2f81294b82df7e72e290cb201131f21d4b6471210f	reproducible
webui.war	theme/default/css/themeie.css.dsp	server-side-template		158	fd358d4b4146c79bdea891b62301bba37fe18d035abc9d7add9a6fd1ba285c37c134289f2afbc4f01ff68d921107daa7732d0b651ea8942fd6758d770480ff66	reproducible
webui.war	theme/default/css/thememoz.css.dsp	server-side-template		0	cf83e1357eefb8bdf1542850d66d8007d620e4050b5715dc83f4a921d36ce9ce47d0d13c5d85f2b0ff8318d2877eec2f63b931bd47417a81a538327af927da3e	reproducible
webui.war	theme/default/images/adtab-bg-uns.png	http-addressable-static	/webui/theme/default/images/adtab-bg-uns.png	2784	73923b5baf80c2db26c14fd5e9db34c4a788e148cb690089af725e59d425c57502a667776e3569968954a7c6d7c579b3ad9429b80c0b2db3716a5259c45d65d4	reproducible
webui.war	theme/default/images/adtab-left-bg.png	http-addressable-static	/webui/theme/default/images/adtab-left-bg.png	158	3f48a60c109b6b5f875b10957de0ad1fe3e3a17a31483f5d501e5afd0ae4f90029fdc9a9c21c8f1617936a3c645f22336df3423ff78b7d18c5ee79ff882dda90	reproducible
webui.war	theme/default/images/adtab-right-bg.png	http-addressable-static	/webui/theme/default/images/adtab-right-bg.png	158	f07b540be831ba37a55f2e7b5fb5d1bdcaef945f9409886a053b331f0f2b2743abbc7c7a31332b9dbde6cd315f804b7284a91e0043ef5061ae008f75dab0c551	reproducible
webui.war	theme/default/images/bar-bg.png	http-addressable-static	/webui/theme/default/images/bar-bg.png	159	3b84da62a7d24191c6cc8a7c79c9976f011166af84ea273026ac8d7ce5610c69309aa6fa1d5088fe539e10e2ec88ae38b81366c03a878afce884d08513048361	reproducible
webui.war	theme/default/images/header-bg.png	http-addressable-static	/webui/theme/default/images/header-bg.png	159	044bce3a1522dbbae3c5d13286c1530da0c1410d12bf170ab73bff4daed3ca91e7f91c00809d22c6213e0f502ffc234f1fd31c03617787227ee2b10ff60d5df8	reproducible
webui.war	theme/default/images/header-logo.png	http-addressable-static	/webui/theme/default/images/header-logo.png	1848	30b41d70b9bbbc76b40e8d5438e0d36915bc1e12d89f5f451ac69324d6b7fc5323e02368412f0a046fd33266c8f66bbf89b31c28e4c9458481ac9f722c7eceba	reproducible
webui.war	theme/default/images/icon.png	http-addressable-static	/webui/theme/default/images/icon.png	543	372c267923725749c23d1354ee07d1823175176e73c3e212aacb674512b4f27568f7e3ec917a2440da08808b1055059d4fc4aebe1de4f60f411a065c91423612	reproducible
webui.war	theme/default/images/login-box-bg.png	http-addressable-static	/webui/theme/default/images/login-box-bg.png	2907	2862d1a49257f6d6db1f8a3434689dd7b89e86cdd4427d723a4be5c64716ef8f84e749e513c26451aef4f0fb2f389d5355adb2b85bb111a92257f5460488c294	reproducible
webui.war	theme/default/images/login-box-footer.png	http-addressable-static	/webui/theme/default/images/login-box-footer.png	3103	2bd292f0a3557bd3793370f0c058f9d8f5f72859ee1bf9d5566d66cd84b50d4bc7c5a4982620dad7105897e00411debdf6173609acfb2e34705202f02626cb0c	reproducible
webui.war	theme/default/images/login-box-header.png	http-addressable-static	/webui/theme/default/images/login-box-header.png	3076	92de6f0251ed2c7f2f5ed068792abcebca76b063f3b04a85f54a6c7119c96f7f478477393e59cc9ac402d92547ec30de4e4dc8f117a3d884a633d8bc1b4d6b3b	reproducible
webui.war	theme/default/images/login-logo.png	http-addressable-static	/webui/theme/default/images/login-logo.png	4569	a367ae075d32aec83f05e9d0cd72d2d35b248c48be80e19cf26cab2f774189cf72aec6820a20ea36807a8935f75d57b4010a1b18850135f25d656fd7d8afbf91	reproducible
webui.war	theme/default/images/zk/prgmeter.png	http-addressable-static	/webui/theme/default/images/zk/prgmeter.png	2819	f6428d4c2eb80ab1554af48229daeb12ff6bd24a5aa27a5f34fa592d47d8980b204c76fd5cb8489c402cc4036314323c039808875f3f1930f2430df6a65b2959	reproducible
webui.war	theme/default/images/zk/prgmeter_bg.png	http-addressable-static	/webui/theme/default/images/zk/prgmeter_bg.png	2977	1eeef878d921f91d5bf272b26f650c2e8e873d86d990fe41c537d79d357b2870e3b84ebf541115c970d0575bd8da4fa2e0f982c4d26c58f50507f27fd7720d69	reproducible
webui.war	theme/default/images/zk/progress.gif	http-addressable-static	/webui/theme/default/images/zk/progress.gif	166	4c7fdcb8bd6779ae9b7480f53a0d69670ba4e98275be9abda39f3679ecd61b5db2a6916909731c5a66bffe1bd6f3a043e5b6dbb2b5d6daaab8c305c4ff4979ac	reproducible
webui.war	theme/default/images/zk/progress2.gif	http-addressable-static	/webui/theme/default/images/zk/progress2.gif	648	83141055677216663957de2585d610b46a0af7f0028179bd4bc64144bffd5d5c49a93a8cd38176e697cbb1a466d7cbcb28744ad34c295ad6d2e6c16a51ce963a	reproducible
webui.war	theme/default/images/zk/progress2_old.gif	http-addressable-static	/webui/theme/default/images/zk/progress2_old.gif	247	b3038db29339585fb6f70f5a34d6adfe8e334065eb854f0807c67a33336e1a49ed28998f6401651e0bf7e196f566b74179ffbc61bfb56bc1b93cdd121ba41a3b	reproducible
webui.war	theme/default/images/zk/progress3.gif	http-addressable-static	/webui/theme/default/images/zk/progress3.gif	250	c436f2a65f9a4350b6ead07f312c9514bba855c558533e17e487e58e1bcd1fbdca1fd0120cb39a60099e08e4e82e3b062cee94938c97aeb4704f86bd05edd102	reproducible
webui.war	theme/default/images/zk/xmask.png	http-addressable-static	/webui/theme/default/images/zk/xmask.png	2790	d3600ea11c03f0377980e60488fff40cf5f2738c7e9091517db7d423f31afa8437a5b0af2655350bdf7aa5849c22f268a4cfed1d952d802ff9407b850964d314	reproducible
webui.war	theme/default/images/zkex/layout/borderlayout-btn.gif	http-addressable-static	/webui/theme/default/images/zkex/layout/borderlayout-btn.gif	1631	f6cdff21e65330effb0ef21a59bc030be03d2168f78c6450d3787f7bf79f1a904ea1a2673d4d7f9409f399501f6550ab7f15a07a50ace47422367a5ac1dbdc5e	reproducible
webui.war	theme/default/images/zkex/layout/borderlayout-btn.png	http-addressable-static	/webui/theme/default/images/zkex/layout/borderlayout-btn.png	4787	9c46f083e0da133da8cc8b2b53bc9d8e5df753c38a9224987b127a46c45b178db508e726a2bd96ce74f3c2af6f61dc56d458b35178f74d7dd046f3281f8aff2f	reproducible
webui.war	theme/default/images/zkex/layout/borderlayout-hm.png	http-addressable-static	/webui/theme/default/images/zkex/layout/borderlayout-hm.png	2782	c32128c70bef14de0b084b586d8dc8a4e3a20acb48620634b250a85ab56246782574351dd80344becec55e4d6c4695c4a3cee61bc71eae7a3accb28b8694727c	reproducible
webui.war	theme/default/images/zul/button/bandbtn9.png	http-addressable-static	/webui/theme/default/images/zul/button/bandbtn9.png	4602	8a8c41dd50c4e2fedf7985ee8167a9ed5294fba070c06af2c674fb19a6e2116735f7b27729d8a50ea25b33c40314d90596a4b7316aca0111e228acb08df94444	reproducible
webui.war	theme/default/images/zul/button/btn-corner8.png	http-addressable-static	/webui/theme/default/images/zul/button/btn-corner8.png	2955	1221113eb8033b8eaab3bca6d14414531513c7349b184aecb10ed25828c5ffd1a5ee8b297ec81a276d6048cfd7184f5f695f3dd59d117b88aca806a7983653e4	reproducible
webui.war	theme/default/images/zul/button/btn-ctr8.png	http-addressable-static	/webui/theme/default/images/zul/button/btn-ctr8.png	2831	e10801e24a6f2ac99b2a0701ca72eab5537ba674e86cc84af604ccf8a14961b2be724a4fe5c1898f111393a20c58184edcf8b7d19ad2db63109c07afe6b21afd	reproducible
webui.war	theme/default/images/zul/button/btn-x8.png	http-addressable-static	/webui/theme/default/images/zul/button/btn-x8.png	2801	340d3c0d08c2ffb8957e468d1c43ea6acf807b93287e3e095d0abf48599e6ac564f17fcaae9edd4756ea27a5acc984eb7c40d6b2fa404e910bf558ffc7269179	reproducible
webui.war	theme/default/images/zul/button/btn-y8.png	http-addressable-static	/webui/theme/default/images/zul/button/btn-y8.png	3026	d99febb86be8130423b6d6a1877c676b8f82c200477eac0d9f7da06981e0e259732c05dcd0334213b649295fabbe0c75401b4652723281391ef091afaa4a6c03	reproducible
webui.war	theme/default/images/zul/button/combobtn2.png	http-addressable-static	/webui/theme/default/images/zul/button/combobtn2.png	3880	a1ee58584ba61fe2b23c23beeee4b09757cff43e10b21a3fe5541a2dd5a99aa135fc042f4afbb00eed236e32fc0ad87d944073c9d430fc9d25994f188ee97a07	reproducible
webui.war	theme/default/images/zul/button/combobtn9.png	http-addressable-static	/webui/theme/default/images/zul/button/combobtn9.png	2983	81dc1d30bdeb9674f87e501e934ca0f450aed89379e8d2f1b9ae815d34ff9924f0d8a9ce596466c74372742bb3cc38399869443d55b60a27eea23881192ae1d9	reproducible
webui.war	theme/default/images/zul/button/datebtn9.png	http-addressable-static	/webui/theme/default/images/zul/button/datebtn9.png	388	6a794d93219ba1eb2424df4319b52f6ffb8a255bfaedc7d2361d3d7b9d380e2bb2073b9762a878d4b76e5931c8f47616b4be68c0dbfcf56c27715361bbb55702	reproducible
webui.war	theme/default/images/zul/button/tb-btn-side.png	http-addressable-static	/webui/theme/default/images/zul/button/tb-btn-side.png	3415	e441b0803414d81699c6353e4700f16cb087b46aca5959a28412ccc9870ad4353cf53dda3ece07e83b53afa3ce7fee70f763b86e978f95a2410380c4b9d88215	reproducible
webui.war	theme/default/images/zul/button/timebtn9.png	http-addressable-static	/webui/theme/default/images/zul/button/timebtn9.png	4397	3103a8ee8a4ac0976c2fdc3e7079ac8eeabb38e909d8d2db1caa70ba2e6900813d445c055795a047528dd851f6acb29f3fe910b08b42f57215677dd34c863ffc	reproducible
webui.war	theme/default/images/zul/cal/arrow2L.gif	http-addressable-static	/webui/theme/default/images/zul/cal/arrow2L.gif	205	96d848d92cf632b3a26dccfb805ba3120acbf377712de62327307602aa4e199fcfcdbcd7fb2ac5f8eb0fc93b813d266f1487c652ebc3a0f94d2372adfc7009b8	reproducible
webui.war	theme/default/images/zul/cal/arrow2R.gif	http-addressable-static	/webui/theme/default/images/zul/cal/arrow2R.gif	205	0a8e971d8f85735fba7f58fe7f8583abcdc949f06ec5598b1abef1fd53d5916e311ae9626b2f1aaa1a5447c886151fc746c15dcab7896a8e27714b4a2b294669	reproducible
webui.war	theme/default/images/zul/cal/arrowL.gif	http-addressable-static	/webui/theme/default/images/zul/cal/arrowL.gif	87	716b8577b53357a8b4b271c7af12050f34e1f61c39ec029b83c54a7b9393a6d0252f4e231335fa80179da29e5717e909b67f3ac48936c9e445de9d820413182d	reproducible
webui.war	theme/default/images/zul/cal/arrowR.gif	http-addressable-static	/webui/theme/default/images/zul/cal/arrowR.gif	86	672dcc9563765a3a04427dc0595cbce4964afea6ec897589d5a61a41729ca2f5e7301e2f100091ffbafa0d40e8e5642abc2e8dcd549dc00ab9da4d57c1d54200	reproducible
webui.war	theme/default/images/zul/common/bar-bg-black.png	http-addressable-static	/webui/theme/default/images/zul/common/bar-bg-black.png	3172	f878b64fb4761626403aa608c36378a32adcfcfd29a6d49e7d20da146664c076a71c572588e7d8fa50e8e52d0cae7c44a350c22f6ac7c906b6870eb6ead6be48	reproducible
webui.war	theme/default/images/zul/common/bar-bg-ip.png	http-addressable-static	/webui/theme/default/images/zul/common/bar-bg-ip.png	3114	3e17328a3826fb46c8b15f928cb36b0d56804d7dbffd4b9cbe9541e5ea9c8ca6542c43c765c51aee0e23de16a7e147ff0f3fa42227ec46ea091066cdb9ba0bae	reproducible
webui.war	theme/default/images/zul/common/bar-bg.png	http-addressable-static	/webui/theme/default/images/zul/common/bar-bg.png	157	250501fe33d6d31afab7cb1beb0f36476f7084251c06d6a7f2ea6e5154798da4dda27c6668da104c04996cb2048339148434057fdb3bd608b06dc3c9c2d7ec57	reproducible
webui.war	theme/default/images/zul/common/close-off.gif	http-addressable-static	/webui/theme/default/images/zul/common/close-off.gif	127	3f9195a72f94d1ec35ecf83a02a2c43119058ae9d3937f0f7f135c1c3e44be7deca1f89ba7746c016c633a2cc2fb10eeedaafb8509b2f92f84a82ddd5fcb1bb4	reproducible
webui.war	theme/default/images/zul/common/close-on.gif	http-addressable-static	/webui/theme/default/images/zul/common/close-on.gif	352	47d629ed5774086e556486a1b849bf84edea4745d19ca000527cf23d18c1da50c679fdc8386bd338fc413a963d98b22ce00ad1b17495b9137e6d0b0d1a8a88e8	reproducible
webui.war	theme/default/images/zul/common/focusd.gif	http-addressable-static	/webui/theme/default/images/zul/common/focusd.gif	85	8da59d3c7a8e372179b2f759e5f849c680ba141b4405e952b309761f54a50fe84ed691ff8758174f2fd9a1da90f114db5c08f4f5715f0758be269d7a5550b7a4	reproducible
webui.war	theme/default/images/zul/common/focusd.png	http-addressable-static	/webui/theme/default/images/zul/common/focusd.png	2925	a2ce386071fa775d734574e6596b5d17e63ba4f9f984955b9d32a9b230306130d5da4f31423ef298093574edf2abd7950f46e11d7daedfcda7e05fbe2bdee470	reproducible
webui.war	theme/default/images/zul/common/selover.png	http-addressable-static	/webui/theme/default/images/zul/common/selover.png	8598	eed5dac59a2cd5e9e61a54b2a48f3ad0be68b8208738c436528d8f01624a943a737f69babeb78423d83d7cf9b848fbf44bd48856b80e2102366d30f6484ba02d	reproducible
webui.war	theme/default/images/zul/common/toggle.gif	http-addressable-static	/webui/theme/default/images/zul/common/toggle.gif	579	be363393cf844e9fdc752ed2b0ded24101a57b2b65afa5d5e3c4e9e7052da5b98a536cc3c4ae06129a085d01f321d48ff3074b8409b780ff86a6d4d146a0c7ab	reproducible
webui.war	theme/default/images/zul/common/toggle.png	http-addressable-static	/webui/theme/default/images/zul/common/toggle.png	2916	2b2fae1135a7c22a98153b8f3243621bfe153a3f52e1cfca710e37d961404c28f0b3f94376cd8688fb6e699e314ec323b23883cc2a995366bdb41a348c8080d2	reproducible
webui.war	theme/default/images/zul/grid/column-bg.png	http-addressable-static	/webui/theme/default/images/zul/grid/column-bg.png	2784	c2763be2861b7aee2ac508c07ebc328404cdf6b1fb5215cc3362373623f0da107950e57e1730693bb9be1c4d03d9436b593dd6f8aeb9023b82d7b697d5442316	reproducible
webui.war	theme/default/images/zul/grid/column-over.png	http-addressable-static	/webui/theme/default/images/zul/grid/column-over.png	2784	e1eab4e151206b1e74faa6e3247de08bd31b353644ad2ef11e6ff3e69bce40b253f8c39e5c2d3f74955faab1487ff56ac85cd72b3d40ef8bd652f3e47115cb97	reproducible
webui.war	theme/default/images/zul/grid/detail-bg.png	http-addressable-static	/webui/theme/default/images/zul/grid/detail-bg.png	2849	691c6d32acc81f2eb822b6cf510542a24d8111bc1b206fc9f65e3b8b919f83dd904d950e1773c524ebbaf475a953df976867731e8f6f1910975d8db6474cc630	reproducible
webui.war	theme/default/images/zul/grid/group_bg.gif	http-addressable-static	/webui/theme/default/images/zul/grid/group_bg.gif	102	09e0419826a424c49299ca0a84a04b80ea3bc82a563f905ac64a8f959d938f2b80531afbb7b86650b8e792f11f10ba885966f303f84b32e250084b5ff01eaa8c	reproducible
webui.war	theme/default/images/zul/grid/group_bg.png	http-addressable-static	/webui/theme/default/images/zul/grid/group_bg.png	2794	982a6936646de3ca3779a175134348381cf485c7269b435fd321d36090616e9e351ec8850932c0b7a891ce8dbbbdaf5add1bbd8cfba4d409f7f92ae2889746bc	reproducible
webui.war	theme/default/images/zul/grid/groupfoot_bg.gif	http-addressable-static	/webui/theme/default/images/zul/grid/groupfoot_bg.gif	117	4668e3cc81660d496b178b81a20db87b07bef96af1508dfadf6083999295151cb2d3b81d979fa945ef19173f981ed2b4317cc724fc289b4d7d662a539babe7c7	reproducible
webui.war	theme/default/images/zul/grid/hd-btn.pdn	http-addressable-unrecognized-extension		5855	eedbf2a94b651871aae5bebb9b0d779d38d43e5ac3f56d0508c18a70f441a90889ed2ef7131bb231836546b8e03f5e8703c08b93223bd3d20e2978137b933a5a	reproducible
webui.war	theme/default/images/zul/grid/hd-btn.png	http-addressable-static	/webui/theme/default/images/zul/grid/hd-btn.png	3264	92fa02ae0627a9d34286b5b919e443b6bd61ec810480f0290a1b263223d5f6aec2edff45e44f9ed5cdb64ec2470d6b434d5d9d4a0afa5b9b0e4e75f8f0f2e5e2	reproducible
webui.war	theme/default/images/zul/grid/menu-arrowdown.gif	http-addressable-static	/webui/theme/default/images/zul/grid/menu-arrowdown.gif	333	00b804fa9648fce204a49e76155e1e0dcf006f3b6abcc6200a22ee2469bc45e5064afd4295e78321e97b66b6c05d7a76be70940bda50e73be9adefa070462868	reproducible
webui.war	theme/default/images/zul/grid/menu-arrowdown.png	http-addressable-static	/webui/theme/default/images/zul/grid/menu-arrowdown.png	3221	a7fe688186ff1bf55bc60c21ee5a3096438e0dd610cb3e46118d2329625dc716d8bf2c6612ab8af59e4ecb14665aebd09a5a6ed090125b7c1fa3d9fecc7d7ad6	reproducible
webui.war	theme/default/images/zul/grid/menu-arrowup.gif	http-addressable-static	/webui/theme/default/images/zul/grid/menu-arrowup.gif	331	e6ec8d619d4a571d12ec48b70a1b5bb51f62a53efd8a87729c459a54a419ac74229e9946bb01e20f7514fd5eda4c4809f6a4ede148a884ef176a2ad797beae9d	reproducible
webui.war	theme/default/images/zul/grid/menu-arrowup.png	http-addressable-static	/webui/theme/default/images/zul/grid/menu-arrowup.png	3200	15f5ed0e7c30ae4f45714a37a840f65b7be8fb27c4d845eac7994e0d81e5d6908b9bde2f3279dbc9212e8a85079d27785455bcc960b995050faee7a186141c4b	reproducible
webui.war	theme/default/images/zul/grid/menu-group.gif	http-addressable-static	/webui/theme/default/images/zul/grid/menu-group.gif	78	42ec5c673266bdb635172e3500242500c41db3e282e70f84b3bd043574f4b706ad9eba1565e267e2985fa855ad3e4cd4e7824ec7dbc80098b53cba059d872868	reproducible
webui.war	theme/default/images/zul/grid/menu-group.png	http-addressable-static	/webui/theme/default/images/zul/grid/menu-group.png	2900	2d6a33ed11c438c71bf3912f02715295c62d520dd9b2c85144baa4bf69303e9804c39775fa332bea07212f45c6b4bfdd23b135c6d9a9e9beebd134499f2fb8af	reproducible
webui.war	theme/default/images/zul/grid/paging-os-seld.gif	http-addressable-static	/webui/theme/default/images/zul/grid/paging-os-seld.gif	103	7e474ff03f81a3d6310eecc2878e2b73161fb519737bc1df0c5bb9b5a95281165dbf9dd127e47fd3a76133fb1219e85c96cc71239f5f17f24a545874c2e0a92a	reproducible
webui.war	theme/default/images/zul/grid/row-expand.gif	http-addressable-static	/webui/theme/default/images/zul/grid/row-expand.gif	411	5d6290c39528d3b274419d9eb41be955a120e52672c979ffe46724b2d69f5c61f580de06a8afc5b5f0f99bb7b50700b9b01eb61c4d1f6ca0b655b551a64fbeda	reproducible
webui.war	theme/default/images/zul/grid/row-expand.png	http-addressable-static	/webui/theme/default/images/zul/grid/row-expand.png	3330	8fa2df79b59749a14782074b9a05fe1b76b1c043de38b604753de8b87519a52e97a24af83208625692b0ea296327c3d98c70d0f81e0cab64c536cd6e3294c52c	reproducible
webui.war	theme/default/images/zul/groupbox/groupbox-corner.gif	http-addressable-static	/webui/theme/default/images/zul/groupbox/groupbox-corner.gif	944	5fb9b76b342bc9962331db047e84451c8e92621e0cfd35ad18eb97213efca58d58fa9a698978d73da23d7f666bf738f3ad3fdb0b677a4fd04bffd5945123cc82	reproducible
webui.war	theme/default/images/zul/groupbox/groupbox-corner.png	http-addressable-static	/webui/theme/default/images/zul/groupbox/groupbox-corner.png	3235	5473ff7c2ee6bbf6f4be96e16710bb9bf763617c13653f24f1b7a8e26924b94ef9c162d28e4289e4d39cc46363ce1e6210c0d90b29660411414c0049a7d59e6f	reproducible
webui.war	theme/default/images/zul/groupbox/groupbox-hl.gif	http-addressable-static	/webui/theme/default/images/zul/groupbox/groupbox-hl.gif	63	790f49f2c6410d755fcf42d84d5145bb36653c81a60375a7db9e7bef6f5144956920449e90f516d5ccd9423669ff161329f364a3fb3b4624b164a1863d3a31a9	reproducible
webui.war	theme/default/images/zul/groupbox/groupbox-hl.png	http-addressable-static	/webui/theme/default/images/zul/groupbox/groupbox-hl.png	2808	d6eb447f1c57595ca6fe3262a21ebe1cacc35e86e928b71fd1ca6d3ba2ec97e3df76dd7feb8ffeb59864f812ab1f645222ae97744e260f66cb116e0850f30afd	reproducible
webui.war	theme/default/images/zul/groupbox/groupbox-hm.gif	http-addressable-static	/webui/theme/default/images/zul/groupbox/groupbox-hm.gif	111	54159e60aee548be25b41a679a20c6a684c4f645e946347ee7372f2b67161426c757b6681a4b81aa37bd31872c98efb112033f3384c34c5c30f595b8f43a7c56	reproducible
webui.war	theme/default/images/zul/groupbox/groupbox-hm.png	http-addressable-static	/webui/theme/default/images/zul/groupbox/groupbox-hm.png	2837	d3d02a95e2bc3c987ff5e5628b72e46f97ea4669a76decc56468361dde0671d2c24fd15a7183cf66c9d02cb3482866ceca278e4fa0852897f77119305ae82263	reproducible
webui.war	theme/default/images/zul/groupbox/groupbox-hr.gif	http-addressable-static	/webui/theme/default/images/zul/groupbox/groupbox-hr.gif	63	e30db088ac03216faeab36fe1cf7bda2f010d75569bd70e0e3287ab3b2a362b978c9401ab5a998e6a1b6da3a5683d28ab999dccee81c9b21021d2fed3a3dc335	reproducible
webui.war	theme/default/images/zul/groupbox/groupbox-hr.png	http-addressable-static	/webui/theme/default/images/zul/groupbox/groupbox-hr.png	2808	63a383684e0bc4e9f0cd7ef3c89ab5f9e8f6493a45c3dffc7e8018b85ad45720ff0980252401552902ab48ccc50f21575cdfba1ec97c961d444d290f31500548	reproducible
webui.war	theme/default/images/zul/input/check.png	http-addressable-static	/webui/theme/default/images/zul/input/check.png	620	5adc4a9ad39b5851da8645366b50eb2f949fcd006f5faa6801150834b168c731cf0b446d171208b20fd1fffbe9f9ef9df786b2fc37024462390d4aaa983a7238	reproducible
webui.war	theme/default/images/zul/menu/arrow.gif	http-addressable-static	/webui/theme/default/images/zul/menu/arrow.gif	83	d79854f70cad257fd5df6a7dd68cc6744ff4d22e24897839e85d1d5a493948baa64f2cbbc9b9625b4244a4c7aea3f9fcd6bb703ebe9392913f5225d64bb27fc5	reproducible
webui.war	theme/default/images/zul/menu/btn-arrow.gif	http-addressable-static	/webui/theme/default/images/zul/menu/btn-arrow.gif	127	cfd3b56eccd0a6141470d4122dbf3dfe9de9e4b524c59a664d4600ecdb4d55b5eefcbf33513f65510625599e6ce9d36ff1b401379ed92010327ef5d79fa3335b	reproducible
webui.war	theme/default/images/zul/menu/btn-menu-hor-over.gif	http-addressable-static	/webui/theme/default/images/zul/menu/btn-menu-hor-over.gif	862	20e67357e39ba3607d77188b8471dc57841248a05deeb0b3883b45ef21c64a32ecc55419e37554c965b72ecb70f0a59a7306d47aa613650e31e91451283f85ca	reproducible
webui.war	theme/default/images/zul/menu/btn-menu-ver-over.gif	http-addressable-static	/webui/theme/default/images/zul/menu/btn-menu-ver-over.gif	866	09ea417ce6360cdb1d2d9cf2ef4bd41e466747c3d61b797654ab7d5958f7ad3255fe30dcb5ef4ca370d2ae3375e2786a25b8246d310a16a704db07fecabcadcf	reproducible
webui.war	theme/default/images/zul/menu/checked.png	http-addressable-static	/webui/theme/default/images/zul/menu/checked.png	3187	e2961032bee5d55f342fbdcae84f453c6c57ea4feb93074e55025a02642362ce3e47763b2210725adf42a11aff8de79538c43b4a2ad7f8c7a4184b561bee3c62	reproducible
webui.war	theme/default/images/zul/menu/item-over.png	http-addressable-static	/webui/theme/default/images/zul/menu/item-over.png	2860	953c1bc5f6076f9371fdf37eb9b2d454055049d6945973e8c48f6ed8b6f5c0e69a250e80e5b6b32663bc95f245dc07004c69cdadb038dd60063e479291753e80	reproducible
webui.war	theme/default/images/zul/menu/menu-btn.png	http-addressable-static	/webui/theme/default/images/zul/menu/menu-btn.png	3274	cceacc45eddc2c7f33e4a4da4680f9dfb51a9fa708d2a61c13154f292b46d3fab38fd5c2b1247f44403de29a26a4bfccb7505682282caf0dcb8fed2fc387d6ce	reproducible
webui.war	theme/default/images/zul/menu/pp-bg.png	http-addressable-static	/webui/theme/default/images/zul/menu/pp-bg.png	2878	65af25d4ee1dd17f8fc5c29f452938022128ec2e75fec919bba3e7103e24c431bbd606d9e663df1900f3440857d98d5b2cf2a7e3640eb0a6c9cbb98271515c1b	reproducible
webui.war	theme/default/images/zul/menu/unchecked.png	http-addressable-static	/webui/theme/default/images/zul/menu/unchecked.png	3065	9112768a233fc9a62999dd5a52ce72370eb03f087ac5289e2f667a89c2c92b330f487edfb4a34efddb2370aa4b169970e6d0f1a75c4c98cc9ff05c70466e9e60	reproducible
webui.war	theme/default/images/zul/misc/dis-field.png	http-addressable-static	/webui/theme/default/images/zul/misc/dis-field.png	2815	c1a5c4ceb867bf379ce903d74e2860a55122612ed6c63e15b24a7215fc64166805aeea9f8b612182ea0cb41be42b2c6dfa0e3f5f33d5572579cc41c41a078e4b	reproducible
webui.war	theme/default/images/zul/misc/drag.gif	http-addressable-static	/webui/theme/default/images/zul/misc/drag.gif	1971	11434589a4b7c874209ab8ef95eaa670be2a0a6f3e5effe459d9ea36abe9bfcd5d78c2647ca4b5ae15d7727894cd8d14fbaeadbf599f68b9cb84d1fe65bff0cb	reproducible
webui.war	theme/default/images/zul/misc/drag.png	http-addressable-static	/webui/theme/default/images/zul/misc/drag.png	6363	ccc86549afb4c807de9aa48bf470dba43ad2e523f8d2f0e6c250c943a2332f0ce7d2b35a905389d954aa98efec8a4628cac35c7139638a4eb2841dadba0448c0	reproducible
webui.war	theme/default/images/zul/misc/drop-bg.gif	http-addressable-static	/webui/theme/default/images/zul/misc/drop-bg.gif	107	491d243ab9066737d613afbf2908a9638a7b1f67ff33fe7e9eb8c1cb4d9008eea477e7710c231cc1bb6562ebe334e26417e889c6552aac3ec101edc7db6bba8e	reproducible
webui.war	theme/default/images/zul/misc/fileupload.gif	http-addressable-static	/webui/theme/default/images/zul/misc/fileupload.gif	292	94e554df7513dd174b388264a923e175cc5c3b2b2fceea6aa10d47d3e65e617f42e3647d02e98e6ade1f0340467c1c1ea1535ce4c8335e51ce4d8e89d1e54a2e	reproducible
webui.war	theme/default/images/zul/misc/header-bg.png	http-addressable-static	/webui/theme/default/images/zul/misc/header-bg.png	2846	d0f01ecaa8a9b2048bee990283473263f91aa85eda4e50e5e0c3bfe92028115ca4ed5ad28bfc1e699a52f8d1afd8dcb0f5b34ab469e62bb98c7d230c21cfcd48	reproducible
webui.war	theme/default/images/zul/misc/mandatory-field-bg.png	http-addressable-static	/webui/theme/default/images/zul/misc/mandatory-field-bg.png	2897	549dcb5b654e7ed6a7c8d043f3a4b1345d82b2050d6790e032916b584f4a265e2214ac72387497fa31e8bc46a3afcb8c20c7aeaad119d1b0d69d8ec89fbea21f	reproducible
webui.war	theme/default/images/zul/misc/readonly-field-bg.png	http-addressable-static	/webui/theme/default/images/zul/misc/readonly-field-bg.png	2815	c1a5c4ceb867bf379ce903d74e2860a55122612ed6c63e15b24a7215fc64166805aeea9f8b612182ea0cb41be42b2c6dfa0e3f5f33d5572579cc41c41a078e4b	reproducible
webui.war	theme/default/images/zul/misc/text-bg-invalid.gif	http-addressable-static	/webui/theme/default/images/zul/misc/text-bg-invalid.gif	94	67858575e02f6ec89eadcf0f01cd0524faeef60f5a59b6ddd3e68467c6c255c30f01c303af7ae6f37e4d00a46d0782a5204b28854e251d44da68a446d090ec0d	reproducible
webui.war	theme/default/images/zul/misc/text-bg8-dis.gif	http-addressable-static	/webui/theme/default/images/zul/misc/text-bg8-dis.gif	92	7f4e1a4d4dc1f037d137670ae3cff39b025ace97d5a16b50c8cc283645099c933a3de76a611af259d7ccbec6987ed901534baff0e7abbdd158c624183087a17f	reproducible
webui.war	theme/default/images/zul/misc/text-bg8.gif	http-addressable-static	/webui/theme/default/images/zul/misc/text-bg8.gif	77	6bd47ded358f6aee7c4a582cbd5f26fc37380a3ad72b26cc02071c706f9ba367bbf43174ee08fcb0babf4ca82ea40aa9e7b8fcee6b77970e980bb0c53c321409	reproducible
webui.war	theme/default/images/zul/msgbox/info-btn.gif	http-addressable-static	/webui/theme/default/images/zul/msgbox/info-btn.gif	1654	dba39ad3dadf439283f25ae6252e00fd3cc7d100dc5a6385253a025d5079f3fe16a57250f661774e1614d91304949532fbae59d2d7f20f8f292b961a5060511b	reproducible
webui.war	theme/default/images/zul/msgbox/info-btn.png	http-addressable-static	/webui/theme/default/images/zul/msgbox/info-btn.png	5444	1736c37b3edfa7818e6688f05161fcaf7e81b0eb7f8a7ca1eb602352044a081c737775ba1a30ef59b3ca07884e378345333f429133c33e4169603aa0be2779f0	reproducible
webui.war	theme/default/images/zul/msgbox/question-btn.gif	http-addressable-static	/webui/theme/default/images/zul/msgbox/question-btn.gif	1639	4910965cf89ae63fdabd9aab767d0623cad024847b7a597516da47b5a86f7f8512701d0f878404adf3a3c1b8f09acb99309064c7ed39dd7f92d62b742625c6f6	reproducible
webui.war	theme/default/images/zul/msgbox/question-btn.png	http-addressable-static	/webui/theme/default/images/zul/msgbox/question-btn.png	5498	a840fb5fd89f4d780a018f7f82fd055a7b9b448a6dcafab5ce3da2e9019a32dc58ab24c6ab1dc741b23ad2b302ddbd075b910b4668801ddf5ce98f725db650dd	reproducible
webui.war	theme/default/images/zul/msgbox/stop-btn.gif	http-addressable-static	/webui/theme/default/images/zul/msgbox/stop-btn.gif	945	85df54b84da8df3f4c315f4ac7d5436d2d31b2dc158f453cf1a9b8c28c9e03307edc694da87ca6ffda0cfff11fcab44061dfb1557edfcb4d200d9b04f17bb3e5	reproducible
webui.war	theme/default/images/zul/msgbox/stop-btn.png	http-addressable-static	/webui/theme/default/images/zul/msgbox/stop-btn.png	4094	8a6c052873fe7057c4a6f8395e81c291110f5d42ce6912ef73888844bb644273404857c2a4221570d8f3787672700341e3e124bd2fd1d5eadb5641378e65aa30	reproducible
webui.war	theme/default/images/zul/msgbox/warning-btn.gif	http-addressable-static	/webui/theme/default/images/zul/msgbox/warning-btn.gif	1338	5fa00068b01e537261dbf3aab56f8e1736fc9902b6161991cfc82b1716ed8557fc936851845d2ee7fe1e8e10d2a38c241fe58f03561a72ea73f5f47efeeab7ec	reproducible
webui.war	theme/default/images/zul/msgbox/warning-btn.png	http-addressable-static	/webui/theme/default/images/zul/msgbox/warning-btn.png	4345	a49cb53f25827e62db9d56e4b3b78a8d1272962a80dd4f7b87d67d34eb17108b30f2a4b3aece108ef6baa270096f4decc3006d3cb09219d8f902c1a0226a2cec	reproducible
webui.war	theme/default/images/zul/paging/pg-btn.gif	http-addressable-static	/webui/theme/default/images/zul/paging/pg-btn.gif	2016	1cae878c2cb6e6d1cc062b6e16969515bca6be882718091b00bb200c1629114c4cb558519a45ee2887191f58f4c40b75ef7dafb4d4d28a9e8e24b07aabf78d81	reproducible
webui.war	theme/default/images/zul/paging/pg-btn.png	http-addressable-static	/webui/theme/default/images/zul/paging/pg-btn.png	4999	f018d8718f1fae25119f5c0d8bc3d03889efe6653910aea43cea658e03e467e38be2a59d3b6caf813a3b89080cf497701ddb320088e29addc49c54dd171d0dc9	reproducible
webui.war	theme/default/images/zul/paging/pg-split.gif	http-addressable-static	/webui/theme/default/images/zul/paging/pg-split.gif	68	a04d94749c44baf430642ea94dcd0bb158f972c4e488150a848524b2a377f603072ba89eea34cae6b33de9c4cccf5e7fef6458d12ebdbc1dc0cd82be0f21c74b	reproducible
webui.war	theme/default/images/zul/popup/pp-clr.gif	http-addressable-static	/webui/theme/default/images/zul/popup/pp-clr.gif	65	78569e7db02fe1dbd7512062f78928045abc9d965b9a060374c41a6cffdb59cfc059315c28afe85879cf32fedc8af96c18230a5776425ab407051613f85eccbd	reproducible
webui.war	theme/default/images/zul/popup/pp-clr.png	http-addressable-static	/webui/theme/default/images/zul/popup/pp-clr.png	2815	2413f144c79763e7035bea0b473e5b2541730d6dcafac0e7cc1291e0ee09d621d23905038f7b93da20bf091217db8f4c2f6ebb7ef8f42bbbe99a8fbde256f323	reproducible
webui.war	theme/default/images/zul/popup/pp-cm.gif	http-addressable-static	/webui/theme/default/images/zul/popup/pp-cm.gif	50	09aacacfe12793ca6c8618ed1530c163684b113f78396fbcd2085dd06cfaf8efb3bf089751daa13b9fa6d8e3890ffb45a8543474f06eae5ecea3ea83afcef946	reproducible
webui.war	theme/default/images/zul/popup/pp-cm.png	http-addressable-static	/webui/theme/default/images/zul/popup/pp-cm.png	2810	8f9ceab2c4b30b160896edc2909abe96f69444d84f6bdaf50886be7067302217cf3268c36d2759f6ea1717c75d1c253eee3bfda3b4e7d0cfd8883a74c3e6929b	reproducible
webui.war	theme/default/images/zul/popup/pp-corner.gif	http-addressable-static	/webui/theme/default/images/zul/popup/pp-corner.gif	980	b89d9d7228d826acd55df1cd8b017a83491e502d93db639099815b1ce0ddc0720b62d19eaf70e85b02970a9947ede6578d81056fb9b96de9164250a7f6123fd3	reproducible
webui.war	theme/default/images/zul/popup/pp-corner.png	http-addressable-static	/webui/theme/default/images/zul/popup/pp-corner.png	3585	89d34cdc0439403e8d7a704ddab03f400a1ac6ed06f799cc74c7d265df9a6e09819f6dd4eecac287139e822429558423bcf54164877407ab018b4269f578ed7f	reproducible
webui.war	theme/default/images/zul/shadow-blr.png	http-addressable-static	/webui/theme/default/images/zul/shadow-blr.png	3135	c4f19d1e5d0bb30e3aea6328a8a0ec862647637d78a9ed41fc857618613075891213ae8fa60ef41f860bde7e33d99afefc0150304b437b6ede252154bb69ca10	reproducible
webui.war	theme/default/images/zul/shadow-cl.png	http-addressable-static	/webui/theme/default/images/zul/shadow-cl.png	2811	d3e9c1754a36f46ebc30680b8e3585f632adbad679d82c2f47b66bd5ca8ef2d04e458e3dcbd95e8de366fd9019530d1d306f211f33b517ee0bffcae585cacf98	reproducible
webui.war	theme/default/images/zul/shadow-cr.png	http-addressable-static	/webui/theme/default/images/zul/shadow-cr.png	2814	0f31d047decb8f2d34f7708bb595546f5353ead8c6202588e699ddcb572b307f8d51716a769f177dd03119504d619bf2ef69112b85ace10b6fbeae87ffbdb463	reproducible
webui.war	theme/default/images/zul/shadow-m.png	http-addressable-static	/webui/theme/default/images/zul/shadow-m.png	2791	ea14604190a899d7783d5a1ab25dcd8d290078a6997d8f107b17d85353c9a2259f687d0618517d77a149a8b9c1794555e0e6e77b766f81db7b98bef5d4540a5f	reproducible
webui.war	theme/default/images/zul/shadow-tlr.png	http-addressable-static	/webui/theme/default/images/zul/shadow-tlr.png	3122	b5a9cf00e27b39712f7913a6c66bddabd74b8dab5d02ccbb7864a1f623c3d0d9873c7bc6fda0d4ecf3f902c9aa78e55896168d9544249d6e267c0b8ff35c4547	reproducible
webui.war	theme/default/images/zul/slider/slider-bg-ver.gif	http-addressable-static	/webui/theme/default/images/zul/slider/slider-bg-ver.gif	4695	65d29759ae3a64b339f5d665ff942ef68b7dcaed4651d04caac10b968b47ebebf967acd4eb75b806967a777d510399bef949f837ae90f46ae61bce5c56aea225	reproducible
webui.war	theme/default/images/zul/slider/slider-bg-ver.png	http-addressable-static	/webui/theme/default/images/zul/slider/slider-bg-ver.png	5960	fddb782d4b86f0809ca8d929c64d17cf25a732ed5f74bcb2c7246155d31f958abd79c8ab501834dfcdb6d7a2c1b032395f89095345d71d343dcbae6d1bbd614b	reproducible
webui.war	theme/default/images/zul/slider/slider-bg.gif	http-addressable-static	/webui/theme/default/images/zul/slider/slider-bg.gif	1420	5cfc66068cc3b395887ba530cb408ec471e60825cdb4002f76f4307a45205e53df9e85d3869c0d1c9e543cb6b85af560061721af3971140ae806b3c5accbd293	reproducible
webui.war	theme/default/images/zul/slider/slider-bg.png	http-addressable-static	/webui/theme/default/images/zul/slider/slider-bg.png	3924	151541466f195b1a7b043482225916b0826185c85210fd4ec63ed64b1a366f6442c37810c75cc6b0ac5025a1c7af65d735c1cf7172e6eb0ddb3962c4fdd0a520	reproducible
webui.war	theme/default/images/zul/slider/slider-circle.gif	http-addressable-static	/webui/theme/default/images/zul/slider/slider-circle.gif	851	aa77861dc39aa585c3bcace6d0fd7750a7db021dbecca207567e243c33ee9aa03a811c2eecb579cddac3c7db9a1bdb359efedce686fbe7eefca8c9ca4e3d3107	reproducible
webui.war	theme/default/images/zul/slider/slider-circle.png	http-addressable-static	/webui/theme/default/images/zul/slider/slider-circle.png	3855	3150c8942a4ea620ffd425c5ba3634b5872c75d1102995f6c81c532c0164dc068a50162f0e0715b6b588d3114e156dfd5a20130fe527355773db9f65f6badf25	reproducible
webui.war	theme/default/images/zul/slider/slider-scale.gif	http-addressable-static	/webui/theme/default/images/zul/slider/slider-scale.gif	520	cf8aeeb8a3f9d1574bead4d15f9f91f1a6d7bf1107dc3932d0e60f10a48cdf3fd7ced0fe44d60f0db8007c5b94018e45fd5d53d8cba39b4f3d5e07ca1315c300	reproducible
webui.war	theme/default/images/zul/slider/slider-scale.png	http-addressable-static	/webui/theme/default/images/zul/slider/slider-scale.png	3546	56d50bd5b93cd0603d4d5e3aab1d6ba84f2369d2b46e323cf0682220e649ea67f65ef2ac07bb520367434eef209f7aa7a5ca1aa446b0814c9fe5b4e70c4e8db9	reproducible
webui.war	theme/default/images/zul/slider/slider-square.gif	http-addressable-static	/webui/theme/default/images/zul/slider/slider-square.gif	625	48d92bc10679d4018ec84ec3ea6d0c516b28eb67ffeec68d1de3a76b142940cab9548a2d300ba58b3828fc27d04a1a84dd4a5c497b658761892871857c65207d	reproducible
webui.war	theme/default/images/zul/slider/slider-square.png	http-addressable-static	/webui/theme/default/images/zul/slider/slider-square.png	3650	ff2faa497f8c1fbeda7ef7e89dfa6ab18658762a05dae24b7a3aae53c682c8ccaf2ccc8831b61261a2adc88d8b2f6c20648fe7719842f761e9f6baff6d5fe47f	reproducible
webui.war	theme/default/images/zul/slider/slider-v-circle.gif	http-addressable-static	/webui/theme/default/images/zul/slider/slider-v-circle.gif	829	b913d51044beb24ac27c21a5dca8ea1f70d50f85aaeb2d89267dcf37f5c12c5f103c4e256f446d7be3e58963b4b3a9344399bc3eab9ae4563c6181014a903d4f	reproducible
webui.war	theme/default/images/zul/slider/slider-v-circle.png	http-addressable-static	/webui/theme/default/images/zul/slider/slider-v-circle.png	3769	59cac794acbabf86b7224d3f6c5a4747e91252fc84d1ba0612a1583d3421e931d2f6dbd70a8994193a23edde3c3469a0c830d4e256a0d7e4b45a69f74ee3795c	reproducible
webui.war	theme/default/images/zul/slider/slider-v-square.gif	http-addressable-static	/webui/theme/default/images/zul/slider/slider-v-square.gif	598	c81152563d6c0cb2b9c221171e5c072dabf37c5d45016172909a8322a2953bfa62328d5229b14a1b0075451190cb0ce99bdf7a6622b16075608fc1387d39f0b8	reproducible
webui.war	theme/default/images/zul/slider/slider-v-square.png	http-addressable-static	/webui/theme/default/images/zul/slider/slider-v-square.png	3568	3aa32d98e76569b29f379730e708b76fe8436597ef7dcf291f618d82587bc4e2f88b1d90ad74b08f096f4eb971ea8e17c3a5ca6d75676e0612afb333d3e64f17	reproducible
webui.war	theme/default/images/zul/slider/ticks.gif	http-addressable-static	/webui/theme/default/images/zul/slider/ticks.gif	200	d503afde6063aa2660cb54eaf54660331567978193bdc44f5ba685b9f9f31bad75919ca4551eef7a4b903e7af73420e6abe13883a94533b218911134c85ebf23	reproducible
webui.war	theme/default/images/zul/sort/v_asc.gif	http-addressable-static	/webui/theme/default/images/zul/sort/v_asc.gif	79	f6ff6b9909865ec25924767396dbf34f9126dbe945e739ef18c81973c415b49ca0e39cd5a9f2a3a21bb68d8c6bbbe2478093a0fc0385b91db1a7977f82f64e5b	reproducible
webui.war	theme/default/images/zul/sort/v_dsc.gif	http-addressable-static	/webui/theme/default/images/zul/sort/v_dsc.gif	79	0c0fd177c7491e82ef7b6e76ae713e4cafbe7420a6d2132000a2e1fee0fb46fe0149f090b9f3206dadd0cf7248ac79e746062c6b9c044bd7a10e5db618e38614	reproducible
webui.war	theme/default/images/zul/sort/v_hint.gif	http-addressable-static	/webui/theme/default/images/zul/sort/v_hint.gif	64	6d82e31246ba0e6c7aa4fb03e41fce999a96ed364c8e78df246715d35679283ea69cace01aa34c34d00a16349f7872faf7c78e16e3d09fb9464718870ca6326a	reproducible
webui.war	theme/default/images/zul/splt/colps-b-os.gif	http-addressable-static	/webui/theme/default/images/zul/splt/colps-b-os.gif	108	5cb324a2a6a7a174418e93fe9e811f55b8f4b7f645de2d20ab61bf4b11a4b5534d8d316dae9896699430349569e1a557fca735a6945e8321d4737110f3f0b8b9	reproducible
webui.war	theme/default/images/zul/splt/colps-b.gif	http-addressable-static	/webui/theme/default/images/zul/splt/colps-b.gif	239	8ef41220de71ae2b5b303254b1017b9b03b5acd7e11c0a7aca5a017d6cd31602852df698688db506169f73b4b57f8ee8cca0645b0c18d36d0640b839f94c38d6	reproducible
webui.war	theme/default/images/zul/splt/colps-b.png	http-addressable-static	/webui/theme/default/images/zul/splt/colps-b.png	3059	5092bb4fecacf7e17cf1d4c2645a61306706045f66b61020150676005ea74d58ec3f9f3f37858fe089065ec9448be9526317bf867da1950aa96fcf289a596fd1	reproducible
webui.war	theme/default/images/zul/splt/colps-l-os.gif	http-addressable-static	/webui/theme/default/images/zul/splt/colps-l-os.gif	123	f3674ac6f4e81370fd17a21857aeba8b4ff00d24860106508175136ebadfad6689e46323df4f24e1b5c0dd817605bc5dd37a73dd426b446a4964045e1d8416a2	reproducible
webui.war	theme/default/images/zul/splt/colps-l.gif	http-addressable-static	/webui/theme/default/images/zul/splt/colps-l.gif	240	f0924de157c650f53244aa7eef8f5c518dfa49bde514a615b7381aac9f79644c25a2ac1fc8e0944dc34bc97998ffd6dfc4d8d4a0f7c1609571ce8b75350e4c82	reproducible
webui.war	theme/default/images/zul/splt/colps-l.png	http-addressable-static	/webui/theme/default/images/zul/splt/colps-l.png	2997	066981a8c1734ab39d86eed784964069fa856f423fd06d69ef109c902f72a445ec0720f64a3c3665a833dea080e1298b7a5d1f0098f5bd9bff3a9944be8b2cab	reproducible
webui.war	theme/default/images/zul/splt/colps-r-os.gif	http-addressable-static	/webui/theme/default/images/zul/splt/colps-r-os.gif	123	f2367ca6d07ad42e6f12219fc5f6caeac03544955f1139830a74f5b1c10583361d02f258047236d53a99909e6411b43c7a43ba95537cbc51823ab1b78df05217	reproducible
webui.war	theme/default/images/zul/splt/colps-r.gif	http-addressable-static	/webui/theme/default/images/zul/splt/colps-r.gif	241	913cf4961a789374414691842b73f387de000703d6e198554e7a8641ba84d908b29d479d2515d73cd1764b0252377db47a823cf89071c1bfa84443e14c40c40d	reproducible
webui.war	theme/default/images/zul/splt/colps-r.png	http-addressable-static	/webui/theme/default/images/zul/splt/colps-r.png	3004	2c786108268e491488fb1244233b7463a103cc7f087d0412dbe281f1f73c6053b6d70f48176e7f09494d07d3e5355efc3909783072f88abbff7aca6192a05732	reproducible
webui.war	theme/default/images/zul/splt/colps-t-os.gif	http-addressable-static	/webui/theme/default/images/zul/splt/colps-t-os.gif	107	ce4298c87ded66b73aa109c3fd5dc52e9c2c13791661765bc7f6c1894a0f984e7915083d44ad5bc424b84c7c9ad5818a15ccfde1923da0d4f80bfc40d55e3b4c	reproducible
webui.war	theme/default/images/zul/splt/colps-t.gif	http-addressable-static	/webui/theme/default/images/zul/splt/colps-t.gif	235	09d9a410fc814a1f0a1ffbd063975f7a9c0102e0980b3f50ae40e6cc7b770a05afd885479b35355008d3005a34f834212baf080a5db904d0ad057c2c8b471221	reproducible
webui.war	theme/default/images/zul/splt/colps-t.png	http-addressable-static	/webui/theme/default/images/zul/splt/colps-t.png	3066	8909ec38ddfbef20d4a57db00f3333ccf923e0d71ceddde2a262f63be5f611e4850c0bb125055510cb07191ded3f2e1782b0400741b07e524d56d537ebbd6935	reproducible
webui.war	theme/default/images/zul/splt/splt-h-ns.png	http-addressable-static	/webui/theme/default/images/zul/splt/splt-h-ns.png	2797	392e46e0b6b39744f4eb4cc5cae50927beaacf04de14817bdcc8cb561988adc859d254b1e2ac4696268fb108e7aa739aa66425577ffb34f5f48dfd702a8ab424	reproducible
webui.war	theme/default/images/zul/splt/splt-h-os.gif	http-addressable-static	/webui/theme/default/images/zul/splt/splt-h-os.gif	51	379f3d667832a86697e5c376acafc1afb5933d82303b9e5963afb2423f5cb3d50f5c9d0e77e70af0bcf367d664283f057ea0d68edb9921c33d055773cde9d76c	reproducible
webui.war	theme/default/images/zul/splt/splt-h.gif	http-addressable-static	/webui/theme/default/images/zul/splt/splt-h.gif	63	42a10d19bc9c63fe98530e10df28bd5bef8406eb13574c7722113a12f594629b49ccff2f1d9e8d92c5c1a84622ef99b1e85d68aaab325bfaa516ecb55d0f2371	reproducible
webui.war	theme/default/images/zul/splt/splt-h.png	http-addressable-static	/webui/theme/default/images/zul/splt/splt-h.png	3001	5b4e0232662c70ef1388a7b290f4e044d9c435a2d6f21b2b53ad37b9661ad72c4d8b1cfb2ee98e0ed816db0a975b44cb3c5ca8186341ffadcb0e81da69298cf1	reproducible
webui.war	theme/default/images/zul/splt/splt-v-ns.png	http-addressable-static	/webui/theme/default/images/zul/splt/splt-v-ns.png	2816	5917b7569d989fc456d58e1a78cf49e9c8ec8292b9b3570cc4b87cc8a990cf74946b21c41a1e7e5ea46091eb62896f852ee5d49831d22207e3a8d098139986ad	reproducible
webui.war	theme/default/images/zul/splt/splt-v-os.gif	http-addressable-static	/webui/theme/default/images/zul/splt/splt-v-os.gif	51	a0a264eaf9f637589d14272657ed632bbe0e29a7fdcfdd9467b26c89996ef4da3e05144711d21061ff67df159a113e60053f3dd83152c64a14a2c4915197387d	reproducible
webui.war	theme/default/images/zul/splt/splt-v.gif	http-addressable-static	/webui/theme/default/images/zul/splt/splt-v.gif	63	a4bdb5d66f53a0a2b215e2c2b9e7c88451f199a996cc04e9e3789ca2d49bdefeae4ce5703bcfd1bce64ab33b99485683cb250a7d77adabedd918c29db57e94a6	reproducible
webui.war	theme/default/images/zul/splt/splt-v.png	http-addressable-static	/webui/theme/default/images/zul/splt/splt-v.png	2884	e7f927b86719b2458559c38e6e9d03ed2da430a500be54fdfa7d72b41be7766a41993e46b945ccaa0007528cf20faa5bc0b321048043fc4c14f8dcb7a728a452	reproducible
webui.war	theme/default/images/zul/tab/accd-close-on.gif	http-addressable-static	/webui/theme/default/images/zul/tab/accd-close-on.gif	397	6eadd989fc21b48374346babf51b5b0e1f3464d460fc9d5dd4c2e3caf9bdf9917403e8cae6750e150954460c7b66343a53fbb0e7f1e8ab1fccfe8e6cc87d74b8	reproducible
webui.war	theme/default/images/zul/tab/accd-corner.gif	http-addressable-static	/webui/theme/default/images/zul/tab/accd-corner.gif	854	30706c07635461417c71092ee15c6e69a661b82086ca8eb9ab79a38bd3f393da79694899326e88251464fea804b6b665204f8494430600561b48df26560d6158	reproducible
webui.war	theme/default/images/zul/tab/accd-corner.png	http-addressable-static	/webui/theme/default/images/zul/tab/accd-corner.png	3169	b2d42ed575c7c4449bc23339497c3f4dcbc56bb256264d29141bb0769f68338e0a6ebcc677df4b7d820af5258517f4eea36519337bb109d5458fcd88dc0f44be	reproducible
webui.war	theme/default/images/zul/tab/accd-hl.png	http-addressable-static	/webui/theme/default/images/zul/tab/accd-hl.png	3083	7c07dc7674b4d3bd93e82dfc51161dfeff5c158c6a1b75e2593c56d895c97d9102da5331ca903c96b137dc3f4bd4912b4a58eed4d750ac2fb9e5c52d8917aec8	reproducible
webui.war	theme/default/images/zul/tab/accd-hm.png	http-addressable-static	/webui/theme/default/images/zul/tab/accd-hm.png	2865	f53905e7a3f784fb469b78bee86276e0d7790b5745823cc4ac1a08463cff84dc7b21cc62b9f05df466c3c4fba5b8dd9f44370b4312c15713fc2e80d945dcd23d	reproducible
webui.war	theme/default/images/zul/tab/accd-hr.png	http-addressable-static	/webui/theme/default/images/zul/tab/accd-hr.png	3047	be0944df9d5eb1928b88ffca4a451c53a46d2277919346531ca59bbabc1086acb8e022941a48ae7da19c25872e08e7315d2a2e2147f313f3f7a42653a2fea3f2	reproducible
webui.war	theme/default/images/zul/tab/lite-all.png	http-addressable-static	/webui/theme/default/images/zul/tab/lite-all.png	2828	373ff2e9a9a438a4dc18839e07592faa401b108618bda153459a66d9aa1badb150d58fff8d7dfdff818ea478f0a87887da06957952feeead19e50e227d20a686	reproducible
webui.war	theme/default/images/zul/tab/lite-close-on.gif	http-addressable-static	/webui/theme/default/images/zul/tab/lite-close-on.gif	149	2b9dbce01e07ac798c3cc9a18df6adac32cf89b06d5dcb103b19689bca354558ed515ff5505208a662c37e8fa09232a52502ea29539a6f52568f49cd3032434d	reproducible
webui.war	theme/default/images/zul/tab/scroll-d.png	http-addressable-static	/webui/theme/default/images/zul/tab/scroll-d.png	3744	c06222d37f2ac45c588769ea371b90a3bbc05e1f6e9f6ce4ea08bf70600231ead411e171484872756761da0ea97b6fb923ea85de5b13f368bd16bf13021e2bab	reproducible
webui.war	theme/default/images/zul/tab/scroll-l.png	http-addressable-static	/webui/theme/default/images/zul/tab/scroll-l.png	3665	f766ac46660ad330aabc5cad3a8a6eb022de9f37892331a5c1277344b908fcdee63f42764f32eb7c7e0a869ebf460dfa8fc18b458d69554bf939cfc1d3475670	reproducible
webui.war	theme/default/images/zul/tab/scroll-r.png	http-addressable-static	/webui/theme/default/images/zul/tab/scroll-r.png	3677	b81123ba4a2b77dc492c541e782ebf110296d01bd11fae4a3f2a53df3bcf74a17e9058dc6e19b24345dfd4b6b5dfb6404786d0db67b64a56e4d6c89c0d84f51e	reproducible
webui.war	theme/default/images/zul/tab/scroll-u.png	http-addressable-static	/webui/theme/default/images/zul/tab/scroll-u.png	3765	42a42010ae3afeac7d0e42002e5523c8ebcddc556d6f9b5ce90c97de113724391724e03dfc55fae040c6958e20aaaaf33b686b093e62a6bb3c8c21545f6035b9	reproducible
webui.war	theme/default/images/zul/tab/tab-close.png	http-addressable-static	/webui/theme/default/images/zul/tab/tab-close.png	551	06870618ad4b71e6df79edd7a8bd8d4f9aab7caae389b64f5ac6e647fc4f1b35b106016020a4529a1d465636c7460de35a3a5e575826a9438edc226d2b4f9d41	reproducible
webui.war	theme/default/images/zul/tab/tab-corner8.png	http-addressable-static	/webui/theme/default/images/zul/tab/tab-corner8.png	3015	34484154bf93faf2b7da55db7b719e89f88c72a283fe80942d86fa75e49ce08383fbf7d8ca7c307b718b565e0e637e40af15819e22ede31c929cf5b082f4b65e	reproducible
webui.war	theme/default/images/zul/tab/tab-hm.gif	http-addressable-static	/webui/theme/default/images/zul/tab/tab-hm.gif	190	b6586513ea86fc07544ed37ba6140d793faacf43987138d3f2a98291c1dccac391b25d78f86cdf526ffe1e069a122446dd2d6f96160bd2fc116ac3325d8ac516	reproducible
webui.war	theme/default/images/zul/tab/tab-hm.png	http-addressable-static	/webui/theme/default/images/zul/tab/tab-hm.png	2918	6f4b8c8776140cf7b491f7b829fa3e84b01cd6e4859a1457319947982478d6f4e6ca393df280c3f1c6782428db4d5d4d3371ba98773c616fd5fbd4945a88b6d9	reproducible
webui.war	theme/default/images/zul/tab/tab-hm8.png	http-addressable-static	/webui/theme/default/images/zul/tab/tab-hm8.png	2826	380487da5e34abf8fdf209f9c1438e97ea3a5451d53f4f6b22d00a51d62a9b487bb4b9935a540ea38c15ccbd4070deb03a8cad1defdf38dd5b66bcf03f4788fd	reproducible
webui.war	theme/default/images/zul/tab/tab-v-corner.gif	http-addressable-static	/webui/theme/default/images/zul/tab/tab-v-corner.gif	1333	8f7a0d37bdc08a32e91b68156b267636c9bc22f391edddbadf3625e59c2d70619280cd629ca4bc289bb89a79d90dde1be842da51d86b55999ddddaf07f99d833	reproducible
webui.war	theme/default/images/zul/tab/tab-v-corner.png	http-addressable-static	/webui/theme/default/images/zul/tab/tab-v-corner.png	3687	83430f0e7c5f204fd6d28333cf68a4d3985eaf732edbeae2167d53cfac7d2a6155ef5c30bfc597ace06f888a20f3142ce482267c1d863b82a631ab6d39268f81	reproducible
webui.war	theme/default/images/zul/tab/tab-v-hm.gif	http-addressable-static	/webui/theme/default/images/zul/tab/tab-v-hm.gif	296	b469bfb65c0da042e992d30039cbc39a6dbb62234cf98840ae2ff1a31f31d22a249c3efae773c7cb64de78b66cc6a50504eef95a2610f958fe83da45d334b2ea	reproducible
webui.war	theme/default/images/zul/tab/tab-v-hm.png	http-addressable-static	/webui/theme/default/images/zul/tab/tab-v-hm.png	3014	889caef0bd3eabd3bd84a527aba123eea26e822b267cd76e9e9bfad0a9ada74d50a88d8947e61b1e48eca90b67d0f8ef71eced3eadde9cd835bd8b4e5ebb6db3	reproducible
webui.war	theme/default/images/zul/tab/tabs-bg.png	http-addressable-static	/webui/theme/default/images/zul/tab/tabs-bg.png	2782	fd60d48abb79a61378d516b3b2afec70b666abe301962d43590e5117b0bf2b4f977ae7ca8ffe8ce90fcd52baaa1518fba5b612d8d96994e07b6bdc03a236fcee	reproducible
webui.war	theme/default/images/zul/tab/tabs-v-bg.png	http-addressable-static	/webui/theme/default/images/zul/tab/tabs-v-bg.png	2833	b0a90b9a80e028b784154445e65a623b8cd9d56c686396df6e4de9cf4ed9dff8fbc17919bbd375395e4a541b9dfe55da9cc139638314e8369962658f217bfcd9	reproducible
webui.war	theme/default/images/zul/tree/dot-toggle.gif	http-addressable-static	/webui/theme/default/images/zul/tree/dot-toggle.gif	118	b1746bf0ca8a9fa6428ec7ea20f287538cbd9905a2e14a7bc6e9bf68b77b1c4f188eb5c8a0eb19119b638cb37935038a44835bd09aaea25cd6eb1b1d72c9581b	reproducible
webui.war	theme/default/images/zul/tree/entity.gif	http-addressable-static	/webui/theme/default/images/zul/tree/entity.gif	131	a38bf5b3e36fae63b9213ed7c316290f754781a9dfc08d15ed301a3e6ada7274b26ee4d9c5daf18602a88adfcf55f3a7ae3b174db63c6dbad5b2b23cd335e83e	reproducible
webui.war	theme/default/images/zul/tree/folder-toggle.gif	http-addressable-static	/webui/theme/default/images/zul/tree/folder-toggle.gif	740	a706493f58e2e44eab5817bf4043bef8ac87d2334dd40e0a699ecd10244e878a5fb30070f4462dbe0df0151f6f436a12d89de8c53ffd4cdfca28881f5c45f89d	reproducible
webui.war	theme/default/images/zul/tree/tee-close.gif	http-addressable-static	/webui/theme/default/images/zul/tree/tee-close.gif	128	3439669512770b22a0fc8ff7313d7bbd1741ed5e62016b63210e70ad91165dc103cbdd6bf85b9e27d96eb387227040659ce50f53d29de729ed22b8ec6481c33f	reproducible
webui.war	theme/default/images/zul/tree/tee-last-close.gif	http-addressable-static	/webui/theme/default/images/zul/tree/tee-last-close.gif	96	2d051d1869e18d75a172e3d9163f32ea936df56d03379529715e93adc6d166a9284e2c39d58d60c9a23c10903a6d5590c8d096c667a675f162c91d78f83253c7	reproducible
webui.war	theme/default/images/zul/tree/tee-last-open.gif	http-addressable-static	/webui/theme/default/images/zul/tree/tee-last-open.gif	92	9a5643d39b4b9cee19aceb4c7144eef03103340d48efcf98d7f10a4d2c96f6239312b92bf310f89274326ea5a86a6acb2633f748771b2a4318506097461c1ae3	reproducible
webui.war	theme/default/images/zul/tree/tee-last.gif	http-addressable-static	/webui/theme/default/images/zul/tree/tee-last.gif	72	ca58ced9ded2d38846b0c9f7f6cefd8a53c06d30d34ccc2f56cefc4fd34240e09d49554b6686cbdaea563d039f815f5a9a84b44f3f22ba87839c4b6bec7e7aee	reproducible
webui.war	theme/default/images/zul/tree/tee-open.gif	http-addressable-static	/webui/theme/default/images/zul/tree/tee-open.gif	125	5a692ee72ad89bf0ff0f63dbc037ab6ce84f2946236ae916662075680358063a4202569c70827611466e16ce7379916d64d5c53948b44bc8df1fe502b896d632	reproducible
webui.war	theme/default/images/zul/tree/tee-vbar.gif	http-addressable-static	/webui/theme/default/images/zul/tree/tee-vbar.gif	100	8c5ac9074e8aa07d976af4748f751acb1b6f6f341e1433517f7ba414484753b6a2458f609650d9020056699f8944ea93f134572937fb9b24be19441952d3523c	reproducible
webui.war	theme/default/images/zul/tree/tee.gif	http-addressable-static	/webui/theme/default/images/zul/tree/tee.gif	103	383b2396cb373bb82f4428b32b08aee372bd5e5f142c1ecec678f74a2eb290fcb3143cd15e260f812e8ee30972b48b59f7fd426b6ac4e5b44e04f75e37b6c5f8	reproducible
webui.war	theme/default/images/zul/tree/ventity.gif	http-addressable-static	/webui/theme/default/images/zul/tree/ventity.gif	384	a2dd22d7f033a5d8659f9ee1f509d0b33fe04e57de15e298ad85af26563f46d9c7463fd433a8bd995afe5e2feecc2670c2fd6702d12c9271efd325b007a88a1a	reproducible
webui.war	theme/default/images/zul/tree/ventity.png	http-addressable-static	/webui/theme/default/images/zul/tree/ventity.png	3212	6aaff3b4cf713822bb609ce2feaae6346927bee298129fdcc8b55cc6cc723984ca7bf91b6c868072c2fe8fb526e7977582a9b0871d2ff78e2b2ee453edf31524	reproducible
webui.war	theme/default/images/zul/tree/vfolder-toggle.gif	http-addressable-static	/webui/theme/default/images/zul/tree/vfolder-toggle.gif	815	a3151700d8752f20a4a2630a7c67716e015cdbf3d671f5cf2f29973cc672114ca3ecbd51f635826f522d1ee3e40bcb3a2fbfdd838b9daa6f1a7c4a0d862df254	reproducible
webui.war	theme/default/images/zul/tree/vfolder-toggle.png	http-addressable-static	/webui/theme/default/images/zul/tree/vfolder-toggle.png	3845	105ccf33d0a909cda96e1fc45b06049134f46856b1e4b55984a4997a80c66e1b4e221da5f04b3bb6f60c1b6097bbee001e5339494160365d6ba0107392238ec8	reproducible
webui.war	theme/default/images/zul/vd/arrowD.gif	http-addressable-static	/webui/theme/default/images/zul/vd/arrowD.gif	196	c9b8c10fd107d36a5c50fbbd9451a833b07deb4d7ebbad2e336493fd6d2d448f049fd6cf60fa21f3546a08067880a251de6b9bfbcb3cf716601e1f5289f40624	reproducible
webui.war	theme/default/images/zul/vd/arrowD.png	http-addressable-static	/webui/theme/default/images/zul/vd/arrowD.png	3010	4853a230111afed1c75aa1df80832b077420e8ccbbf23155272af7c4ab2be7da4ae821be19273b5c5391569852eefd23c6532aa845544b0e6a0bdc2416fde7ad	reproducible
webui.war	theme/default/images/zul/vd/arrowL.gif	http-addressable-static	/webui/theme/default/images/zul/vd/arrowL.gif	197	7547a8a21a61bd5ace1058ff93fc3d77e98b66926809741a6627c82c520ff23404cafb623e0ee78deef6d81b9e3fee52c3b474e73ebdc6144e0df1c8b4f7a0e3	reproducible
webui.war	theme/default/images/zul/vd/arrowL.png	http-addressable-static	/webui/theme/default/images/zul/vd/arrowL.png	3008	6ad82b7cd150396193dba3328326b730c328b9254b8314d52ca6ac434c6d30bd8aa4e2a70474cdb4cee8ee6eec47274f47532d783a8e9ae8e215026978bc3f2b	reproducible
webui.war	theme/default/images/zul/vd/arrowLD.gif	http-addressable-static	/webui/theme/default/images/zul/vd/arrowLD.gif	322	a9d5a302772883d21b8637b612a13ebcb40ccc15e05f43bbfbe4e9e0e714b43168a49a42261703efbef61fe2fbe502a2586be2c39cb267bfad82d8df43b73d5e	reproducible
webui.war	theme/default/images/zul/vd/arrowLD.png	http-addressable-static	/webui/theme/default/images/zul/vd/arrowLD.png	3152	2c9845d0ea4e15e8148c4a25227bc56325d6e828e0c1999eaa280a77f04bca8567dacae3cc128570c81b73e5676d420ed154e181f61e073df39570c544087b8a	reproducible
webui.war	theme/default/images/zul/vd/arrowLU.gif	http-addressable-static	/webui/theme/default/images/zul/vd/arrowLU.gif	319	e68037ef9a880708f0bdd5cae511746bf972fec7029e79c56cff7a686a6a10d4b3e2a6cc7323bb0cdf1ef5adc701a4cff884b80766c13e6f6a6c179925249f31	reproducible
webui.war	theme/default/images/zul/vd/arrowLU.png	http-addressable-static	/webui/theme/default/images/zul/vd/arrowLU.png	3156	05a9c08dc850e305f37d70be9bf43cc7a13cbbbb302fe1d994d5adac482d2aee74276909aecce384bddce51ee38aaf6154dfbf1f9ee7ca0655850edfdb8ed34a	reproducible
webui.war	theme/default/images/zul/vd/arrowR.gif	http-addressable-static	/webui/theme/default/images/zul/vd/arrowR.gif	197	8a1a08769ceecc3c80c9d0bb38de9bc3c30c0d7a4a4ac69fe5f1b6d2eb7acc6e41ae473e600b254cb5b077dc600b28e54d71dab8ccdebd8d207410d2c5610b00	reproducible
webui.war	theme/default/images/zul/vd/arrowR.png	http-addressable-static	/webui/theme/default/images/zul/vd/arrowR.png	2997	a6fbb2ceec2c27a037ffd8a4ab0fcb07dac0c449056bb1ac34c83da425539ba7c8d0fe525c7328c08a8d06c9286173ad20428550e623158f013d6901f241dcaf	reproducible
webui.war	theme/default/images/zul/vd/arrowRD.gif	http-addressable-static	/webui/theme/default/images/zul/vd/arrowRD.gif	321	53ffab920dc530ebf5f9106082cf1ebd785bc18f55ea529328df5e3b34063d1d935614ac7c642e62de2e0dc3ef8a0d4b9c863224454978b9b2f627910c611857	reproducible
webui.war	theme/default/images/zul/vd/arrowRD.png	http-addressable-static	/webui/theme/default/images/zul/vd/arrowRD.png	3139	d78b496f9f6effc514a737ebff9551621d58367760fe24ffa0b61facf3e1dc32feb8d14d8b59e5d1a6cad4a3c92f5d2262afafe5ee64c2c87a003a5348b9396a	reproducible
webui.war	theme/default/images/zul/vd/arrowRU.gif	http-addressable-static	/webui/theme/default/images/zul/vd/arrowRU.gif	322	0992be314700e6b51503ee619b16be076316e3420af76ef63f91c0f66a5485e5134e40587a5e62caa827f45addeb83f347532d8f164b64b9b5f0334e54127701	reproducible
webui.war	theme/default/images/zul/vd/arrowRU.png	http-addressable-static	/webui/theme/default/images/zul/vd/arrowRU.png	3140	8c97fa5c90991903dd5cd731bab4d741b61b2c9acebeb38d17d3ec83a937f4d6e4608c42b6164368bbb59d003bf3640c0c2882c1225c5f9f7a84394066777f7d	reproducible
webui.war	theme/default/images/zul/vd/arrowU.gif	http-addressable-static	/webui/theme/default/images/zul/vd/arrowU.gif	196	78efe53c8347faa92128b5ec634b82622627c3005087a4b8e40ff9013826d134aded7fece2cc299130773966e81be1e431fb239549be0493affe320d57f98573	reproducible
webui.war	theme/default/images/zul/vd/arrowU.png	http-addressable-static	/webui/theme/default/images/zul/vd/arrowU.png	3016	1e974474d6e6756ccb0131e7f316cb8dd72ca26c53733aade48a736068f5c1abfc27f4f666c4274041646de4efa2ad1c90322c206ecb1b97aee751c1dcd92938	reproducible
webui.war	theme/default/images/zul/wnd/btn.gif	http-addressable-static	/webui/theme/default/images/zul/wnd/btn.gif	2494	8ea50e37c650dd722b4d41256e6fb4f646f83ba4da35d55d41b6ef200d0b6d790f1500d7cc04716864dec93583fe2b8bfff819dfffaecbe008d5e126caecfb79	reproducible
webui.war	theme/default/images/zul/wnd/ebd-btn.gif	http-addressable-static	/webui/theme/default/images/zul/wnd/ebd-btn.gif	2287	5fb9ee5b16e54ea8a4982447d0fbeb06a01f0dfba769eec1c39977a09b8d7c931239f76b292f87fe59b821038830501beadd8a006ff12de9fa9038ba07d4ba76	reproducible
webui.war	theme/default/images/zul/wnd/ol-btn.gif	http-addressable-static	/webui/theme/default/images/zul/wnd/ol-btn.gif	2321	6de8398dfe55901ad8c87266145b1f079ee8fc84ac7ac81e466b2ed808a297f31846068b411031ce880318627865a5f5af674c706cd64d3037ab23e36464ae0f	reproducible
webui.war	theme/default/images/zul/wnd/ol-btn.png	http-addressable-static	/webui/theme/default/images/zul/wnd/ol-btn.png	5847	d7bbfd284b3d83ee6df4367edf53ebf19992517207fe6d5fbbd4b4f2a5da5a451ad58f2f23bab5c9ee5775747c4e653e1cd449733dfea4eab4f22e6207341abf	reproducible
webui.war	theme/default/images/zul/wnd/panel-clr.png	http-addressable-static	/webui/theme/default/images/zul/wnd/panel-clr.png	2805	dd54e84dbc3f1f5a7c1c937441590e02127bce6ebbb883e0ffb2c6c276bc14bb248c45116b5453a9a90caaf4871ab63c9fd8ca7fbd14685d05bf76a4d20430d4	reproducible
webui.war	theme/default/images/zul/wnd/panel-corner.gif	http-addressable-static	/webui/theme/default/images/zul/wnd/panel-corner.gif	1346	1da0af3e71e10f06cc4dda4584eca7fd8fc6ebb3d2994ce866bb97e2ebfa1b7607faa1046420b9ff5217a542d3e5561cba1a3fa86cb8dff8281811668ee24aad	reproducible
webui.war	theme/default/images/zul/wnd/panel-corner.png	http-addressable-static	/webui/theme/default/images/zul/wnd/panel-corner.png	3513	d05a710995213d9093c8d849776d688f3a8335c41b2aa23e41c961fc97097a5d82e7a2f891adafa96de1d89f864e4c1d410d96379d6eea03d8311a1ccc36a32e	reproducible
webui.war	theme/default/images/zul/wnd/panel-hl.png	http-addressable-static	/webui/theme/default/images/zul/wnd/panel-hl.png	2970	90105b718388f8845516ec0dae518c4a9b2817f68635f31e761fae3dd1fd80326af5ee74fa809569265201b278e4199512019ba706d3dab5eb9bbd0edb6f4780	reproducible
webui.war	theme/default/images/zul/wnd/panel-hm.png	http-addressable-static	/webui/theme/default/images/zul/wnd/panel-hm.png	159	e6900284f94ead7406d26e0667cbbbb234f3b35366d5fbdd985480ed630991391373080f3b91f3b2162aed3b65245023548617f19ab93ed6e0cb60d708161c46	reproducible
webui.war	theme/default/images/zul/wnd/panel-hr.png	http-addressable-static	/webui/theme/default/images/zul/wnd/panel-hr.png	2967	a4f475e06d44cea7d832084d56c3e95d720348511cb298c520496d05cd9ebe6a7fb880437cfc371be3bb27ab01e9bfc6a0531ecd7820337106c039173925f6fd	reproducible
webui.war	theme/default/images/zul/wnd/pop-btn.gif	http-addressable-static	/webui/theme/default/images/zul/wnd/pop-btn.gif	2391	1ecd5f5588005ff09dd75dbed61b0880bea96b60f10f7df17b0de1b3e677e7f9a5f05050ce13ad0f4709e3d12805dd034bdf2e66eb044f5523a3407ebbc26d3c	reproducible
webui.war	theme/default/images/zul/wnd/wnd-corner.gif	http-addressable-static	/webui/theme/default/images/zul/wnd/wnd-corner.gif	1266	6f80b56e01796f22d3b0991ce10642efbfa6886c75c3fc5bc50f8ffe426a530686dbb589ea59d036d15622b32c98c433ffd136da28e9f80b51a087ef3bebf310	reproducible
webui.war	theme/default/images/zul/wnd/wnd-corner.png	http-addressable-static	/webui/theme/default/images/zul/wnd/wnd-corner.png	3505	9f62e9b4906684ede8b9771148ff296e57102d06a22cfc500034a6662e8dfde2f633a16da2984557959dfe94cecd8101804d39a473a9ea42c6b0066e2789acde	reproducible
webui.war	theme/default/images/zul/wnd/wnd-hl.gif	http-addressable-static	/webui/theme/default/images/zul/wnd/wnd-hl.gif	248	4663daa81a0e753297456988d465b78c88a666cba6218bbdf432bf6a3c70ca25f2b83b4aa1d3d631ca42cb1c95ded12b6f0d7377b991ea30af1af919e7a3070d	reproducible
webui.war	theme/default/images/zul/wnd/wnd-hl.png	http-addressable-static	/webui/theme/default/images/zul/wnd/wnd-hl.png	2935	a798268e906ff314ac1181f3f64cce24e35cca1a47709b30220880f26df836b37adb397d34da5ee181011c4f4a44a91073755b1934519d156203c9170395cdf9	reproducible
webui.war	theme/default/images/zul/wnd/wnd-hm.gif	http-addressable-static	/webui/theme/default/images/zul/wnd/wnd-hm.gif	83	4b3b5bb689229413c009ccdfbe294cf33dede14d0ca53ba9f6a9f4cb1b0792ed9ffdb8bd3a2b57bf6498e78453011ca07ee8b85185bdcb93a3488d88f87c97c4	reproducible
webui.war	theme/default/images/zul/wnd/wnd-hm.png	http-addressable-static	/webui/theme/default/images/zul/wnd/wnd-hm.png	2819	fe09285d5d0f457e34177aab95a33bfa982462a74f3ff7c2f7403973d82440d224d3f5ec6b47d4e27da8f147d6e1f718aa761a3982cc24b256fa2b3709a4aea4	reproducible
webui.war	theme/default/images/zul/wnd/wnd-hr.gif	http-addressable-static	/webui/theme/default/images/zul/wnd/wnd-hr.gif	257	e585fd131d974c89f67c71517bff6c75135fec1e6ce02927276d885b8cd67809c5e888dc3c7abf6b72f119599445042b872fa52f36ace56e5d2b0ea9777c6afd	reproducible
webui.war	theme/default/images/zul/wnd/wnd-hr.png	http-addressable-static	/webui/theme/default/images/zul/wnd/wnd-hr.png	2954	43eb78554f160141720cc08288556fe85429cd4214382409b8fa03d10ee200635ef156f09c12e7630ad4db4ceaaa10b09c0fb75160630273b1d884bbe81c541d	reproducible
webui.war	theme/default/images/zul/wnd/wnd-ol-clr.gif	http-addressable-static	/webui/theme/default/images/zul/wnd/wnd-ol-clr.gif	67	34e0e51a538b3c111972ec4c5041588186f02262ccf6a517b4e6ce0905c24f15bd0cc9035f985cadb1f1efc1063fb7de0596d16195eb76d5d237fe5396d87fca	reproducible
webui.war	theme/default/images/zul/wnd/wnd-ol-clr.png	http-addressable-static	/webui/theme/default/images/zul/wnd/wnd-ol-clr.png	2810	39cc9e1dd320ade2cd350ce13d6558ee8ae5cd2c491cf6999fba7cd4874a3ff98c33308e2f60e0be3c14ae2623abd2761e5f98778aa5f868f2870eb2b9e090f1	reproducible
webui.war	theme/default/images/zul/wnd/wnd-ol-corner.gif	http-addressable-static	/webui/theme/default/images/zul/wnd/wnd-ol-corner.gif	1799	e821a3058da71ea698dd063d705db9140b7e3d8dea93b9fb3db4c3328b81351c86b6ef3998a71977905bde32e229b452e04f257259ee44ad799a997525f663ba	reproducible
webui.war	theme/default/images/zul/wnd/wnd-ol-corner.png	http-addressable-static	/webui/theme/default/images/zul/wnd/wnd-ol-corner.png	4196	79595aca4c46f2d1990c7bf918e84ae85431b06358c6775093ee7cfd8608dd3420b873b964e1169667dc86dbcfeb1ed72e6d7f4edcff14b9b6185988b70590a2	reproducible
webui.war	theme/default/images/zul/wnd/wnd-ol-hl.gif	http-addressable-static	/webui/theme/default/images/zul/wnd/wnd-ol-hl.gif	362	a4dfeb3424a0e21ce585a89c18a86614e5804325a905530d9873c45f5e1d32ba714f93f3bef795504efd417235c3758dd5e50eeab82dea4e3972f2960dc67b86	reproducible
webui.war	theme/default/images/zul/wnd/wnd-ol-hl.png	http-addressable-static	/webui/theme/default/images/zul/wnd/wnd-ol-hl.png	2827	0d04f26968607513db72dcdac1d59f5543b5f10d68e100a61bf8e0c736d43a0ca06bf72991cae587aa719929b8bee31be0398bf990124d87c44b608c92e0cff7	reproducible
webui.war	theme/default/images/zul/wnd/wnd-ol-hm.gif	http-addressable-static	/webui/theme/default/images/zul/wnd/wnd-ol-hm.gif	114	d81c718778ef93948c085856fa37aa41e8e77221cd1a0c0b70cee9163d162cfc64474ccc7552cba2507def856a21543680138a3f95094a90ab9f49a3133da0ea	reproducible
webui.war	theme/default/images/zul/wnd/wnd-ol-hm.png	http-addressable-static	/webui/theme/default/images/zul/wnd/wnd-ol-hm.png	160	f679b58f2341763aaf5bbac83f771f11932a7108c14d6aec91c03b300664f83526693e6d654b406709bdef18085ab07b103a85543418d90e3ed8256e13a63b37	reproducible
webui.war	theme/default/images/zul/wnd/wnd-ol-hr.gif	http-addressable-static	/webui/theme/default/images/zul/wnd/wnd-ol-hr.gif	353	298a0d38128e958c9d594f766dfe2e1571e531cf75ea2fae04015d3c24c60db3a2b2c25248da65d49293a4623d99848c41c8894f81e08fc2e88272b73f88caca	reproducible
webui.war	theme/default/images/zul/wnd/wnd-ol-hr.png	http-addressable-static	/webui/theme/default/images/zul/wnd/wnd-ol-hr.png	2827	0d04f26968607513db72dcdac1d59f5543b5f10d68e100a61bf8e0c736d43a0ca06bf72991cae587aa719929b8bee31be0398bf990124d87c44b608c92e0cff7	reproducible
webui.war	theme/default/images/zul/wnd/wnd-pop-corner.gif	http-addressable-static	/webui/theme/default/images/zul/wnd/wnd-pop-corner.gif	1259	6ac2e4ce686f582e5e38bc0eaaac02f6db1b3feea8997b94ceaf913d48d98281a8477e3ab7f3a58018a387bf8e39e420eee8b8ed8bf2230ef9542d2a7538ffe1	reproducible
webui.war	theme/default/images/zul/wnd/wnd-pop-corner.png	http-addressable-static	/webui/theme/default/images/zul/wnd/wnd-pop-corner.png	3517	81ee04833bdd5bd54293877e9339a0597a356bd084472ae3a109401499936b0bca5033a43a4eb9c346f82b8f3947aaff4759a6e1b9671eebb68fe9d63b8f8c9b	reproducible
webui.war	theme/default/images/zul/wnd/wnd-pop-hl.gif	http-addressable-static	/webui/theme/default/images/zul/wnd/wnd-pop-hl.gif	243	4a600b2f233a543f3e7eeae7f6ccaad9214c361e72227f8ca430749eca3d1838c07b7c6efe910c4a0e4c8b8b2cdcbb7b27fe27255e4a03efe2bf6b1b6e6c9ca7	reproducible
webui.war	theme/default/images/zul/wnd/wnd-pop-hl.png	http-addressable-static	/webui/theme/default/images/zul/wnd/wnd-pop-hl.png	2913	9c56e16eb663b78eef33513ff7e4a7f63bf27ced13bae4784a4e1270dcbc76b45a9c6a2b0806f2219f5ebba9b8ea2a36226510810c237d921d0e9c8f6ce185b0	reproducible
webui.war	theme/default/images/zul/wnd/wnd-pop-hm.gif	http-addressable-static	/webui/theme/default/images/zul/wnd/wnd-pop-hm.gif	82	14dbcc18eb9bb3b75144389b9da98d13ce9e564d3f6c649af38d72de81aa43efc0354d60ccab4209d7aa30c7b67cb6cadcbf1b6e0cc72b33fb8c08e5d7843175	reproducible
webui.war	theme/default/images/zul/wnd/wnd-pop-hm.png	http-addressable-static	/webui/theme/default/images/zul/wnd/wnd-pop-hm.png	2814	e0438203d74cfe399125d4bd014681d94463629c0e98606abd90be05ce84b99ffbc3bd576ca20677bf366de01eb18899f0f756251dacd6c56869aeab3612ebf0	reproducible
webui.war	theme/default/images/zul/wnd/wnd-pop-hr.gif	http-addressable-static	/webui/theme/default/images/zul/wnd/wnd-pop-hr.gif	245	c604879235b8cb419a82f667081249022130da3733919658366949036fc05f02fb387b5748fd21f44cf9c15945e945593a749c5a59e8e29b0b611de80c92fc07	reproducible
webui.war	theme/default/images/zul/wnd/wnd-pop-hr.png	http-addressable-static	/webui/theme/default/images/zul/wnd/wnd-pop-hr.png	2930	98659b3f17f56eb50a36588c75dd7ce68048e959371370fa8e1c903557992d7c37157588e2466b83f870ba9d90dde82a73ceb9e08265dfbadfd2fed58ead0408	reproducible
webui.war	theme/default/images/zweb/bullet1.gif	http-addressable-static	/webui/theme/default/images/zweb/bullet1.gif	94	02002fe57ddb9bd55f412b9f64efcb331432cffe58fdc8b8a581ed73cc97cd4c7fceed95191f40028354a3b85ec931c717b3d3d5321d9770439d4e5ceb257770	reproducible
webui.war	theme/default/images/zweb/bullet2.gif	http-addressable-static	/webui/theme/default/images/zweb/bullet2.gif	85	db7022605c3d7c09be417953c676118da516cbf1a3c7b3f597f7adcf614a1307bfdf7dd37fd7795473c7ddebe28e87a537a9ef50435a124a54eb55466c8b216e	reproducible
webui.war	theme/default/images/zweb/bullet3.gif	http-addressable-static	/webui/theme/default/images/zweb/bullet3.gif	69	e663b7653093e4689e43c1bafe0de0b6de0877458b50621fcf53607d1ae827f96659e5430ec9c638e040dcb8fa38027a7989e21ae38a28aeb98d96bac3cbabfa	reproducible
webui.war	theme/default/images/zweb/dot.gif	http-addressable-static	/webui/theme/default/images/zweb/dot.gif	49	2a22a8907688b8d073e174f0be899badc355e11e19bb1a5fa2de55ca8cc5fbcea687356858a0415231d3923068ef7d3e909462d1912d07383df9fb3fa937f635	reproducible
webui.war	theme/default/images/zweb/shdlf.gif	http-addressable-static	/webui/theme/default/images/zweb/shdlf.gif	73	ed163c80c130f6c68b4999de62754f18521a64924f610aa9903129bee1a3009c20d2a35bf2eca9949c55e49ea829eead025dbc8c993e313216eb7ea7312cfde3	reproducible
webui.war	theme/default/images/zweb/shdmd.gif	http-addressable-static	/webui/theme/default/images/zweb/shdmd.gif	63	141afa70a782132da82a5884ae4bb7768ff1b84b71e9e4045765c7413e71dcb64e9914e030f15be0655d8a8fd6b51e74de59addd24089acd219726b8f6322b74	reproducible
webui.war	theme/default/images/zweb/shdrg.gif	http-addressable-static	/webui/theme/default/images/zweb/shdrg.gif	74	d635e27d2d2e603844f7a6f3e612cc2d5b6d44c1df83356302eb4b76bffc12362783ebd2c49b696353ba0b03a336e929a7d063b237533c604a314a705fbf30df	reproducible
webui.war	theme/default/images/zweb/spacer.gif	http-addressable-static	/webui/theme/default/images/zweb/spacer.gif	43	1a0b8c6af63c931c5cd94a11c617b1cd38ae8ffd9ed17f4fc92286daef2dabc2cd3f04758b3c35adda4005ff31f241d2f94b9b884a5469776b188b2012385053	reproducible
webui.war	theme/default/login-buttom.zul	server-side-template		51	476b2eeb7b8c44e89baff41a21262bb99fdceecc9964459d0a42ff03f594c92fc8cf92208a7ab48ebaa517a2fb718f60c17467da20d43d56e0b39570034c7b20	reproducible
webui.war	theme/default/login-info.zul	server-side-template		1235	64477c9264a4cce0247bfb246be37edbcdbbc094f85da5c6622a7fee5e38290c0fa24d925d9b364d208b53e7bd7cdd207501189cd5ce6f5fef8992f94d6fa7bf	reproducible
webui.war	theme/default/login-left.zul	server-side-template		603	27b7ba1c613ff6b494d12e73e8cc20daa1660bf8e6cea053f18ce5ef3ef9f82d1fbec24d6d1d8337076b1d3e39b311fa95f7dd8132f0d4213e70cc9da8836911	reproducible
webui.war	theme/default/login-links.zul	server-side-template		1187	500e838a213cee9e4c1c0220930f0fb6945fbd534f6fca898ff19e17ad3618466b817eb525e9ca81e45529a90a7645e4d089cec233f94b2a166aff8c48bd8323	reproducible
webui.war	theme/default/login-right.zul	server-side-template		52	fd6c23203a09c63209024956bf992f638797a86f4f874d781b236ca560e6a51f2517626a7dedbf3b5d290cf01783a7de70403c01017b762712706bb139509a44	reproducible
webui.war	theme/default/login-top.zul	server-side-template		51	476b2eeb7b8c44e89baff41a21262bb99fdceecc9964459d0a42ff03f594c92fc8cf92208a7ab48ebaa517a2fb718f60c17467da20d43d56e0b39570034c7b20	reproducible
webui.war	theme/default/vendor-logo.zul	server-side-template		728	764921b1c873e53f660a71818c68d900919a8e7fe1aad7dc0c5392cad8b72a33cf1a4fdb45477145a6d5e901609e0baa21ceb76997550c4676b882b7fbe97bc7	reproducible
webui.war	theme/default/version-info.zul	server-side-template		1607	33d37b59df565d4370ab2d8c96eead6ba1683faaa71abdc9eb199221d5e839f3a1de2d4a715f4096cdcd0ff291c5d2ecacfd27c99f525c1fcdc663061c010218	reproducible
webui.war	timeout.zul	server-side-template		1321	55676baa80e93aab334d3b37b11aa6cf152d5f71940a0191c1db0d11a2e57b96f67557625bbc0798a3412f1ded5ae3d72158e281a1db4406e9ae3b178ecd10e8	reproducible
webui.war	zul/DynamicDashBoard.zul	server-side-template		161	c4727e2771ca9eb80e08b8177ba7e60dfaf386f247cffe41aa4a5fadec53c36c7faf97f54bc65662f999250b5efe1606181c8434af472f4efb0357a8d133dd46	reproducible
webui.war	zul/activities.zul	server-side-template		97	d96a6bb006be6c2075307132379142e47bd579a90c7e1ccc5358ae67a8e7edcb70a059b3b5501366bc4f93ecfa9485c8486b41ac12aec657a286b2b83fbe445b	reproducible
webui.war	zul/calendar.zul	server-side-template		95	5744f1405a8a6168a739730fdd813b1679aa87bdfdc3b25d7107fc1a2ac0fdfd96edc35c306bf1bf0350a3841eef1369e6259865cb6c8f356403fa81a2dd275e	reproducible
webui.war	zul/docstatus.zul	server-side-template		101	b9ca8f3a4b95cc7f32f5c825a5791549d5c776a0b203d4669dd6fd51179875bd06c08415192dd81785517bd9a3bfe6956bd2a3f614418f5bf14a9393a43f7ae4	reproducible
webui.war	zul/favourites.zul	server-side-template		97	ea0c8add181a69f279468ba0e5c57278fa759e6c58be0b2b2f2e5108eed50a16301ffa0c436dbea6aa668cbba2ff54e120bdcd38ee1a78cf5725f6225cab8545	reproducible
webui.war	zul/menu.zul	server-side-template		136	bc36db861ce6671576b37f3e422f3b0c880fc846a64fb6269d435d77d5923985751f810a4aedf38037dfba8126024ff229c8c8c475b441afcec3f203fc98b7ec	reproducible
webui.war	zul/performance.zul	server-side-template		98	d2fe1361576e1692fdda6e78cdd88cea4be2b26a9b92f175bf82fde688d7031dc1ac3ab5db142acc8c72d1d0a45d8b51595cb695d85314e7a33ef0bf96caf5a9	reproducible
webui.war	zul/recentItems.zul	server-side-template		99	be1cbbb6ec2f7aa775b0c2728553a86aff06925f213cf55932c23e34a33ceec40663c4fd92dcf4ed21b6ae2ff457b2894ab79723e1cc3561c6fc4b4c0fefacb8	reproducible
webui.war	zul/userfavorites.zul	server-side-template		100	061ed8e5dca57341b87e68bc1f98e812f2533d5982a188b9f1861cdb91d615aa5ae7c7e78d55c80738405a8290e46cf5d95d2dd032214939ec9446f90a28fc6c	reproducible
webui.war	zul/views.zul	server-side-template		92	ff8896d3f95c4cb336ac25fe69574cb09e5dd6682d8139947fd62c46184d9f822f416ce555869326347d7a83c18947b07807edd9f758b5a0a1b0709ff53b330f	reproducible
wstore.war	AdemPiereInc120x60.gif	http-addressable-static	/wstore/AdemPiereInc120x60.gif	2048	4d130dbdf052053dae446df098606173262aba4ad7a53b89fd201f7be03db055cbbe97e5016ca10f148e808fe81ed716520a18d53f025d68098c245e4a7bfc8a	reproducible
wstore.war	Adempiere120x60.gif	http-addressable-static	/wstore/Adempiere120x60.gif	2039	048ca7c7a33a55fded49cf9394a6dd9ce1eda98877f4e9282e6508bf5420134c7d601fdc5b8cb4860cf87302a0f3bce7b91b75dfb15e9b73b2d1ecc51431eb44	reproducible
wstore.war	AdempiereERP.gif	http-addressable-static	/wstore/AdempiereERP.gif	3452	3c48871aa11d1d4f0dbfcb3a671347dd007ac95f1e3e20065383ca44beac38bcd16889527cb6205e081981849dcd2369bc14d44d0aa2ee7fc4a45d043bb09ee9	reproducible
wstore.war	AdempiereSKY.jpg	http-addressable-static	/wstore/AdempiereSKY.jpg	8153	95d6f902fe3a8668e403b04015bb489ac3036e1f531b0cfae5f179a944d48b384c0dc6478c7fc39f5abeca0d013f21faf7539d1bad89100a1b74be4f1404ae67	reproducible
wstore.war	Background.gif	http-addressable-static	/wstore/Background.gif	2301	182127a8a7c5b0d4555290f79ef8cfa910ce06dbe927891d4892b928f274cf1bc192ab0f949196850adf7b6ace19a3a2e4f38d4c8bf8550d1757f61582341b7b	reproducible
wstore.war	C32.gif	http-addressable-static	/wstore/C32.gif	2213	c4601d820d6a530ba6a64ac3724a2d52472f2223d46c8f8bd9ee12c30c764a59ff8e5b16f7b106d2019c97428eb0bbd6eff2eece1dcc1b49fa7c12994698f8a8	reproducible
wstore.war	Calculator16.gif	http-addressable-static	/wstore/Calculator16.gif	686	48cb098c27cb087f458dd9920b944845be21b1eb9767dc3a3f54a3f4f9524a8fec6a08e4b23f590eb92e39b2f795e18f33583c544a09387bc06fbd9e9f506781	reproducible
wstore.war	Calendar16.gif	http-addressable-static	/wstore/Calendar16.gif	604	418d5a13580b8abaa8829ed20e9c098f490a8c01e4c64aa47be2f7621eea6bac33a261a1b581b8b185b7dc6bfa2e7b9716085605b418fbbd83fcbd1ba8148083	reproducible
wstore.war	LogoSmall.gif	http-addressable-static	/wstore/LogoSmall.gif	2273	84e83ed0634ed3a4aa040aa89a7456e6a41cf6ad094fc27bc7b2b132dbf4e7d3e4654a5cbf3cf1e4512260b896719d72cd60425a84ff26c79c7c419b6d54b208	reproducible
wstore.war	META-INF/MANIFEST.MF	protected-not-addressable		554	a88e47d8ae198d2cb3f2247640e6defb0d9d8bf4b6b19071d925482f46916aa9650ae1e1330e553eb602b1f85f9b19248a46231d39dd1fb889e655d4b42c3b26	reproducible
wstore.war	WEB-INF/c.tld	protected-not-addressable		16562	31ed0a80680a19a1b11c93bdf012e61df211ec6a91485c44ecaeeb52b2b33d9ad6ed948d4010f496677640b89d517b957b2d5c01e08c52cf22d20e60e121885d	reproducible
wstore.war	WEB-INF/fmt.tld	protected-not-addressable		20266	7620b483ebcde6f71524bc7f4dedf2f45b009ece2197e50ea4f658ecb74c3b53d4d8b185cbc17a281f38172153488dd9ff3d7bb82c4e30ab39d535defe174625	reproducible
wstore.war	WEB-INF/fn.tld	protected-not-addressable		7505	a12df0da987ae88e866ef6c6add7f5b85d56fb2df1f1e24527335c4f65349caf8170f5ec5f20c3ed431c5f061cbe3cee06a1006714c6e51247657fec6071f0f0	reproducible
wstore.war	WEB-INF/jspf/footer.jspf	protected-not-addressable		450	832d7e65f8fb3d7270782c76f192cf58827d2636109166cc76bbe2cfd75aeadd9bd5be8cf4909737e94904c58fce06950f074b6a8be32940ce13223e6869a200	reproducible
wstore.war	WEB-INF/jspf/head.jspf	protected-not-addressable		962	454b522befe799aa215a7df42eb6c193f269de2865058efccecdc44046b79b2a410737a3a815a0b358b5bae88e58e6571402ae30fee0e53c3db2a98bf41e9e36	reproducible
wstore.war	WEB-INF/jspf/header.jspf	protected-not-addressable		930	dbc58aa9627d74f7c142e57b18e3f779f4042dd29c35e61ac2a1c516e67effaab00146d97a73925e295634539125432d6ad8df36bfea3c4481b6d25b73aecb7a	reproducible
wstore.war	WEB-INF/jspf/menu.jspf	protected-not-addressable		453	b61d34615e48200947e0ffff0253393eab6465da515cdd44a6ff944a92a485c4e54af0b02d0e6a17cbd8f49d05b78ac3c48fed47aeb597771b45314a6095b088	reproducible
wstore.war	WEB-INF/jspf/page.jspf	protected-not-addressable		506	b9353d0fbcbaee7c9c5cdb244472cd71cc1e561bd337a6958b71047b4bdb3aa01d330ff66fea0ff6a5c465647e8b5bf24ad9dca5b8e11cd5179d042ce43f3de9	reproducible
wstore.war	WEB-INF/jspf/vendor.jspf	protected-not-addressable		39	c7c45c9c12d803d6e4344b2aac7d09d532750900a95af05cf92d11b4478c9575da6fbf6694d8f0f18e9270693cb06c305e4d995ff95b30230fa0fbd086aaf9c8	reproducible
wstore.war	WEB-INF/sql.tld	protected-not-addressable		8735	76df2d2fd06b96d58ac684a3815a3e31a965f991d5a19b70fb81dced7f7a2ff2f1b961208b17a0ced13dd537f38f19d9ef0bd8d10a7ddd240f178c8d97989795	reproducible
wstore.war	WEB-INF/web.xml	protected-not-addressable		12543	a4ee51152bc9767d3eb9a151171f6cee60a36670047447af91b2024ff13a16fe88bfc30d36f0f263171d6aff93bb42d40f860b860a2fcf4966d6c70f484e51c1	reproducible
wstore.war	WEB-INF/webStore.tld	protected-not-addressable		3801	aed7510bffbf93d21c1c70e7ac266fcb7eb2aa6da74189fcbb92f3e5487df57d2cb8ba7353232400d7ed562899ba72dcff82fc11099963d35e31029dcef55d85	reproducible
wstore.war	WEB-INF/x.tld	protected-not-addressable		12738	50b0c416303dae139af914f071e9d7a6a6f06d88fcaf11531dd75e81e0148a4f57170fe2830deaf44cb477a1b9293e85019ea295bbc25f20431e0f1a39f84f22	reproducible
wstore.war	addressInfo.jsp	server-side-template		3341	253822c91712122a4c4b377c88eef934bef4e7538152042d7c67b0ab9d9b4e90006c27e0917008947a6b79398c94f8b02afd9be439596a6ccd688287cf8efa08	reproducible
wstore.war	advertisements.jsp	server-side-template		3762	3bb9d4b94194ef83075592bc8214b4e114233fdd4949bd5ff63064983712745e08f6c25d65b334f2b3500f5358c03967c3ebd77cb99508a7618209078459d105	reproducible
wstore.war	allAds.jsp	server-side-template		2325	63a0427b4b33ec99b92adda2acb387dfb867a9e8e3629f17bdf40f68e7a49b9df9d9e2f1b4c7ed2b036103e6f68900eef40ecca44f60f8aad65499c57c8cc912	reproducible
wstore.war	amexCID.jpg	http-addressable-static	/wstore/amexCID.jpg	2574	04b7bcc8db6e948fbba7e275b156bf5d58f3843de93559d728a9023f4212c0b1d264b2883e036670c3de0605e29e0f9092078a021d962e495f596ead2b31ea74	reproducible
wstore.war	assetDownload.gif	http-addressable-static	/wstore/assetDownload.gif	592	2475ba7312b6158a679955462035a58a5ca383cf6269d26541cfadadd56f3148cfa24fac3066ce0e86e5e81190fa16fd247f3aea86c59a5ca77c939e981f749c	reproducible
wstore.war	assets.jsp	server-side-template		5049	25210d0353d6db1ac8f435cbf67eb9a37e062767c4d5d89e5453a878d0f6cb0117aa7a2e040ea12ac97ba0321ca01fa8fbd7066c3117fc6cc8f202f561839b87	reproducible
wstore.war	basket.gif	http-addressable-static	/wstore/basket.gif	181	43e50aeb87dd2d83b03074d1faf32b721b9195b23dc09e94197403c58fd7f291f4e02e82df868fcc619cd0cfe5f6cb82f0d158e85a393d9f0dae2f06995bec4a	reproducible
wstore.war	basket.jsp	server-side-template		3292	7ea833057447798018a756cfd04c641e75809fb81af720b1914d32cd10e04a1208f0bd2fa4f198c8f77d7b3845afbe4e5a76e2419c926a65d0984e5c33e1418b	reproducible
wstore.war	bbbPrivacy.gif	http-addressable-static	/wstore/bbbPrivacy.gif	2378	3b71a180de90319e22a508baa2d9a1e6e28696da8943e7d6e383dfeb2a9811d89d5557ebf13240734d71983a32d4b6d5917caf9ab41637c23d0745ea12a65bff	reproducible
wstore.war	bbbReliability.gif	http-addressable-static	/wstore/bbbReliability.gif	3890	d69e5c069a08bb457919ae5668b164f0a8a2076547310e1772fd7cdb2de205d55038c705bc214c1f25d612714b2a26142af896fa7bd07e0e1e5531a1154c5891	reproducible
wstore.war	checkout.gif	http-addressable-static	/wstore/checkout.gif	1347	ce85830a9e7d3248cf4a82f683328322966217197c14e910ad14c005b7a3aa6b36d9eef019ee9f47e5fcb7438a7269cc9c88f137d87ee8cf295cf6489d867279	reproducible
wstore.war	commissionRuns.jsp	server-side-template		2290	a0cf087019bf69e351b164e4745f2bbe757ca024bed29fc224f6ad3feffe4f69b34a92f906af5d664f57ff2e58c569cc51c5ca0b48c44a4145e9489acd95ddca	reproducible
wstore.war	commissionedInvoices.jsp	server-side-template		2858	39236efb4a8f70258a79ca219acda0f4e3889900641db57732b22c8330b005085765b02ddcfb8b8507d8d108c5a9ac28977a2402e79ebe630e48c14567df5cc7	reproducible
wstore.war	confirm.jsp	server-side-template		3996	66ab3301f482f2edb9de1284e3eead2c3ea5ae53c44f868a55504d94a9c888f11d9ae3117a454408647302d66048f1716e9a0640901b15756f022377411b8e39	reproducible
wstore.war	customize.html	http-addressable-static	/wstore/customize.html	1237	fcc43bc341298cf760dc556a3a95fa9857bc59163a50f34d98a24a7c67f6afc0fe5da51558caff034071f3bc86da00283c3559981d42dad516df4c75d10cecdc	reproducible
wstore.war	emailVerify.jsp	server-side-template		2863	eef1a9e9b0238da64d51a06333b25e7c1092c5cdcfa5ae44d2a728f4aad91c72c3adc626ed9d368f57a97a16fb33bf2289941de27417597a3b62071febeb5d1c	reproducible
wstore.war	errorPage.jsp	server-side-template		846	e107ac41cefbd2364d433922065881460d5ab3701d5f0237d6870878aac58bd19d9d084a87df4190b6e0b79456d4a229f266145b10028147b2b0306756087d3b	reproducible
wstore.war	expense.jsp	server-side-template		10345	02e043e58e66b8478615ea172cbbd12f91efeafe5c27f1b4e4a33d23a95c74f070682c31ae0738fe67e4c9a135d4d653c4c1ad759cab520dfb78b20b04bbffe5	reproducible
wstore.war	expenseLine.jsp	server-side-template		10706	7d6b887e3a3f8cfc73236cf065b1cba6b404964bf477e63eb39116f94a19be65ab1abbd96a4df46accf402206cb24c062093d01427ce921e0b0a14bfa93ce0c9	reproducible
wstore.war	expenses.jsp	server-side-template		11103	1e85a5f586915d56aa76b2113b567c2b301f8e5b3aa985244f1578a8d39bcd0646531ee82d62cd03d96ab2cc9465ada77390605a931edbfe2b4f30efb1f9978f	reproducible
wstore.war	fade.jpg	http-addressable-static	/wstore/fade.jpg	1162	59fe6fdb98552062dc38646dea363242371c7a59d60b69d3c258ad088c7da9429963c59c1fe0dd3d00bb0d8ecf55ca657fad72e635de0fc6da91a3419236b945	reproducible
wstore.war	favicon.ico	http-addressable-static	/wstore/favicon.ico	4286	9c70ffa35620fbcc2d989e142284924dd243b276d06ed7251522d4c995bd6572fa1c4f56edd823203535eded6a70f4fbba31f6d45072f7e1a0bfe17aee7614c7	reproducible
wstore.war	gardenworld-print.css	http-addressable-static	/wstore/gardenworld-print.css	3950	c3a525b60612a72b7dc65062b68107f7676d16b11a5564754bc745b355e558309415a5cca7fdad8d8e37f68d1113e943a979345e2bdb6b12f2af47c6f05ed9a5	reproducible
wstore.war	gardenworld.css	http-addressable-static	/wstore/gardenworld.css	6902	4b3bdf393bfd9953d828a7dbf155d0b61ecd2af84541c954d801f49c06f25d85b28cbd081fa242b3e61fd323300670de722aac24282f3d31e50ed90f46d6fadc	reproducible
wstore.war	gwr_footertile.jpg	http-addressable-static	/wstore/gwr_footertile.jpg	2426	102bee4ac97f818f2206e5950913f895e5dd17a8001369d4fd3cabb5a7948e57136187d26f7da5544749c7e8920c3f77aa2be9c7838651b0c87e9fb22e01b790	reproducible
wstore.war	gwr_header.jpg	http-addressable-static	/wstore/gwr_header.jpg	75584	f026ca338db46649c6a26def9f61db5b80f4739a62bd8392fbc40b9ceb84c715b88d74c88fff9d8ac47628955394a54c9a89a320c2edd1705905f7f7e10c1dcf	reproducible
wstore.war	gwr_logo.gif	http-addressable-static	/wstore/gwr_logo.gif	8865	d36fb3285e56777c0a506d4bfd55828ad4d0a1ae2d0b034ca290872b8bd052da82917e0c2a9980d2fb5b7817dc91adfcb1c4c219b845e51aee5ac76a0a6ff100	reproducible
wstore.war	help.gif	http-addressable-static	/wstore/help.gif	932	0de85d95e50c8366a324dd8a85de6f44d1b0200fff1053523d76c9a9737dfbcb352a9e18f67cfc1dcac9e72a4bf5f9871404330b0c5e575f4b2415b70a9ce181	reproducible
wstore.war	help.jsp	server-side-template		2710	b396bf38db11b43b0f5f83fd0deaf3fb4fbb5aa219443bf63cea6a89f66dc2675d16b562dcb1a7aa186e9c279372d18382d86c8ae1f9331694b82b531c96d5f8	reproducible
wstore.war	index.html	http-addressable-static	/wstore/index.html	778	75ac1c33cb8a5c98b4bb3cad36c065c55e8f31020f75b5e59d6cffb6a1229443a9572fa9f3f34945044b8d12117cf6440e3992cf2b2bd6139a5e2b4c67dee60d	reproducible
wstore.war	index.jsp	server-side-template		4819	8dcaba282ed7e6f291488fbfde6b357cfc95b9e0ddc735a5db984a07058661c705a467518ca2182c8bb4820f8c7f060683219a7e6f4a7496a6f2fc6ac58dc8e4	reproducible
wstore.war	info.jsp	server-side-template		2665	6bb37599bab7496f3d9bd7aa361fe8fccc049ccad7c75d6af33c4f52a4aa4131cc0a68538c04474298bf83b20c8b143e79119edce66fdbf44ca2a058e14624ed	reproducible
wstore.war	invoiceLines.jsp	server-side-template		4239	2aa2ac169325f0296577a625eec2e1eda2b05553508a39bcd8e9c96d30de818b18a79a0e77cdaee9b33492f281be121247cab412b38de6eb2c47a021f9b9d92b	reproducible
wstore.war	invoices.jsp	server-side-template		3114	120bfd67bcf0b1a550fe969a863273676bc8b04c759971adb7d72f6781f0801b86d52c551b2b1ecdd25837c11ecf4185f0df9d31a620ae602a4f851fa6db42e9	reproducible
wstore.war	lock.gif	http-addressable-static	/wstore/lock.gif	798	c0e325de64901000b0f2e6f3ca07bc022c3ab210cc1b9e96c0ed15cac22755ac982ef629d2c59cfef3b3a829e26f08532afeddb2a5d17f16067658ada94b9a0a	reproducible
wstore.war	login.jsp	server-side-template		7310	d6e8d28bd5f32617159803604d231e31dc20b17ad20c0dbe459e3332a443d81b475e104df31e62d498e906a6af0f7e5f32fd97815cb6fc60e9ad7cc2c8904aaf	reproducible
wstore.war	notes.jsp	server-side-template		5204	e5675723b81b9b64a9911258d5af137d1aec376d1fdc64903a6f5fbc8baf3a1251b42bd18a51467a80805f5bc881a3114bc3f8b3a8cb7eac765dc11c08857d71	reproducible
wstore.war	orderDetails.jsp	server-side-template		4446	52bdf827cd74253a1a3a790123da027791d3f2de84fdf3aa493a82773c676a6dbf3cae2776fa9cefddbc571dcc5cefe942d1aff11d74d6695d307df58fd9bd06	reproducible
wstore.war	orders.jsp	server-side-template		3339	561479093176265e13d38f9940b2bc55231abc4b528b484f0a3da976b532a53de0ebb058de77c892dda9c21b82c0fc50304b2b49f820af1856622a0c976c476a	reproducible
wstore.war	paymentInfo.jsp	server-side-template		7321	6c29ec9787b9f34dfb41daef907cd0fede085d0550b106c4bdc1dda128d198686146f7ba99707d8475568d11f6dd9eecd1e28ad1d3553533cbb4935393617a29	reproducible
wstore.war	payments.jsp	server-side-template		2802	bb4cbabaacb7b13fbd283a50e080d8814a9d83211ac84122c84d0ec422ffbf4b8ea655168f61d69cec5328a6ba1199c63cac77935d646801249be49c7ec768a8	reproducible
wstore.war	pdf.gif	http-addressable-static	/wstore/pdf.gif	854	ac81700336dcb774e03d53c3d9f76e7c312042b8cbf6c7bf5da1d21d92de8e31b9ea84e331c7e5f7ce3c07e7b681cd43a1c9b3ac59a486b6784263a44a2f0644	reproducible
wstore.war	print-standard.css	http-addressable-static	/wstore/print-standard.css	6354	a30101233d553275c82b2767be269ca5bee66c7d9854d8bb0978ddbe13ab4bbedb7070f1c29a23a88e4416eae7f8a265e2cb4810d0f735c1186674cdcbc8e9c8	reproducible
wstore.war	registration.jsp	server-side-template		3734	2e9abffb01fdda967cf655b956d14f4a8ad2afcd8ef9418a93e039f73cf9ac2f0e984b7d5325f3a89c36b030fd9739d69141e71576e38033e15cfce7aa328a05	reproducible
wstore.war	registrations.jsp	server-side-template		2358	d7ce8393757b178218f925c9a60d7435ffba086aadf460578cab9b1c1707f0040c86f8abfbeb1120646f04852deda54be89e566224cac296708831c3c6e2d618	reproducible
wstore.war	request.jsp	server-side-template		3150	26bbddc8d624830935fb602b33569c69590171d894c18f2432a85822a2212f015d2f145c974e237fe499323c8c0cec2c3cb7bd78cea388830189b24f9bccf782	reproducible
wstore.war	requestDetails.jsp	server-side-template		10531	98c90c13d54ba3ebd089e50c6a307cfe1dddac36fca43857961c3b68c43cb29c71b12a29c83e6bdb695d7d87d5426c90afd42f7848cdf27967c97f50e908a77a	reproducible
wstore.war	requestTypes.jsp	server-side-template		2352	88bea774c48b0c541a2e993f5de5a7e3a568921307384fdfebad2818ffea21548ee2aab29a008074b81b0d7c65545160aee064a09941a83b12af1cfcbe2e50c9	reproducible
wstore.war	requests.jsp	server-side-template		4987	19ccd24d52f028b835b68ae28f3337d29a50fc6a6381f1d2c1da600faf469364fc737100b8066b91254275353e29b50069698f3ccb33bea41a5b69375e68c8b8	reproducible
wstore.war	requestsAll.jsp	server-side-template		2929	fa45a3d7d545637a95d809303ff6a38257175bb68004652b2300c235c678f2501b22b6bcfc0388cb824df2543b90201666fcd2797e019b833aeea2a9c60d31c1	reproducible
wstore.war	requests_sr.jsp	server-side-template		2266	78b851234f13ebc0cd0fd0e86c03be8d6fa9e33b05ee2ae24276a1b54b6b23d50a3b828b5f2c79b657054e9e29ee0c5b6690a7b1e5698a4ac215737cfc1f29ee	reproducible
wstore.war	rfqDetails.jsp	server-side-template		15289	da4fc801700e345855c44abab1a642a543404a3f9b08dddb6de356ae32378cc7dd1227f72eda96f5750fd3a98314b0840ddee451fa68e3249ebc6c33814a42f4	reproducible
wstore.war	rfqs.jsp	server-side-template		2351	45aacec127cb37b7b5fff6dfbc284076525aa39b0f68fee92a93f6044d622722e572aaa7aff54115f40bd3c9f2ef491763f0acf9e6e224bde7409821c816822a	reproducible
wstore.war	robots.txt	http-addressable-static	/wstore/robots.txt	15	9c9f011c14eeb6c2f3bb7f43110c3bafd4e3e54bd9e8116b3716cdad5201c7c729ebf47e973cedc89cee1503efad12a15fc1db2af0eb057a75918fad910f21be	reproducible
wstore.war	shipments.jsp	server-side-template		1881	01a973bad64f29ac2ebc73234b06c71cb2b88494f2bb817fdce9175899cf103f173d4d624dc59eaf484e67f371642cda3ee04bd75cf565a29c9812616c9e54e9	reproducible
wstore.war	standard-ie6.css	http-addressable-static	/wstore/standard-ie6.css	58	b3d1b3d9d358513e53faeb793d95cd20ab184354549d5fb568bf20d7de6d705762d8a09968f74e95a374f8475e61edc0e9d54dd199ce948cc9ab01592d79b80a	reproducible
wstore.war	standard-print.css	http-addressable-static	/wstore/standard-print.css	3954	304432d0afae9b2abfa28b52e80386d9c7d9a62398240fe3ec5900d606c0b7fe8715bfb1ce108f4df6d53ffda46557293299923d46fb2f9c86a569bb0d549414	reproducible
wstore.war	standard.css	http-addressable-static	/wstore/standard.css	6343	dac39775a84238dbcf45cb8b91861046979d7a44c9e0b1c60ca8ab5b8bbc88e128a6bc54f6e0ec4245c3db1dca8cc907c39a6bb002e2f6b81c24ba22dc89e9c5	reproducible
wstore.war	template.jsp	server-side-template		1875	4f88aaf096a126ed55b26d9935bc80214fda957574d3c9146d72767d973347c8d072b358f987fa42e7d871ddba438638fe31c9c96f29592ab273425697d7c6be	reproducible
wstore.war	test_1.jsp	server-side-template		2430	572e67f081537bf29c9ce3b47ac04f631559091f5d161c93242505d2be354fe86fb432c9be6e1abe7a7c1c854cf626116bd0697e2e8e3a8aa569fea920a5e0bc	reproducible
wstore.war	update.jsp	server-side-template		10381	1c99135069add86deeb86a7fb5bae320a8b6289e0163dd11edca3b39b8ec332455aa9f3ecfe6f39e46f99496af9e7cabf7b1deb51e2d84f3fe6d1776429c234b	reproducible
wstore.war	visaCID.jpg	http-addressable-static	/wstore/visaCID.jpg	2504	399c02bb3b4b95802d9fdfa7ce07f376731d79f75efcde55c53d7658e1e8da4551afafb0838ef148314ab34d8a362e144f20b289518e2448bdf72cf60874306d	reproducible
wstore.war	wfBack24.gif	http-addressable-static	/wstore/wfBack24.gif	1048	6dfe1a361ae4bcc27e2fc601837f48d8a1a779255311cba0f372adbc58328fcc0cafb9d44653ad136d016908724b5a972a14192652102c318ca803d9ec8b1230	reproducible
wstore.war	wfEnd24.gif	http-addressable-static	/wstore/wfEnd24.gif	1025	32a1a2a5122295e463c3180c096ee7eb917a939a3bdc5756a867a524b57a2dcf1a081c3e6982cf8f16494e2b81165f44d4f7f6ae224c08f1a86f212223b463f2	reproducible
wstore.war	wfNext24.gif	http-addressable-static	/wstore/wfNext24.gif	1124	6237a02abeab098081ba3fa4e12d73513da3c64e030ae396e781bee790afc6d5d223ad25b4b644db5e164a8cac63a4c14a1c6e9923d3e35864c6de18322dba72	reproducible
wstore.war	wfStart24.gif	http-addressable-static	/wstore/wfStart24.gif	1003	a26644a261d7e2d979cced8777a1316c1b6525a35d293e3cb5a7d047c3fd53a03b535cb161d64686aedf9a62f1f37b0e354b4854ff49d15477505d2083711dc6	reproducible
